image_path_relative,rat_id,sample_id,eye,cohort,cohort_label,group,day,chronological_age_days,base_age_days,day_offset_days,sex,oct_image_type,eye_label,session_label,folder_day,bioptigen_subfolder,class_label,benchmark_age_days,control_cv_fold
data/Cohort_1/Day 90/Controls/MT 13/Bioptigen/Baseline/OD/13_OD_A_0x3_0_BScanThumb_0000021.BMP,MT13,MT13_OD,OD,1,Young Male,Controls,0,90.0,90.0,0.0,Male,BScanThumb,Right Eye,baseline,90.0,Baseline,day_0,90.0,1
data/Cohort_1/Day 90/Controls/MT 13/Bioptigen/Baseline/OD/13_OD_L_3_0_BScanThumb_0000025.BMP,MT13,MT13_OD,OD,1,Young Male,Controls,0,90.0,90.0,0.0,Male,BScanThumb,Right Eye,baseline,90.0,Baseline,day_0,90.0,1
data/Cohort_1/Day 90/Controls/MT 13/Bioptigen/Baseline/OD/13_OD_R_3_0_BScanThumb_0000009.BMP,MT13,MT13_OD,OD,1,Young Male,Controls,0,90.0,90.0,0.0,Male,BScanThumb,Right Eye,baseline,90.0,Baseline,day_0,90.0,1
data/Cohort_1/Day 90/Controls/MT 13/Bioptigen/Baseline/OD/13_OD_V_1x1_0_BScanThumb_0000017.BMP,MT13,MT13_OD,OD,1,Young Male,Controls,0,90.0,90.0,0.0,Male,BScanThumb,Right Eye,baseline,90.0,Baseline,day_0,90.0,1
data/Cohort_1/Day 90/Controls/MT 13/Bioptigen/Baseline/OD/13_OD_V_3x3_0_BScanThumb_0000001.BMP,MT13,MT13_OD,OD,1,Young Male,Controls,0,90.0,90.0,0.0,Male,BScanThumb,Right Eye,baseline,90.0,Baseline,day_0,90.0,1
data/Cohort_1/Day 90/Controls/MT 13/Bioptigen/Baseline/OD/13_OD_V_3x3_0_BScanThumb_0000005.BMP,MT13,MT13_OD,OD,1,Young Male,Controls,0,90.0,90.0,0.0,Male,BScanThumb,Right Eye,baseline,90.0,Baseline,day_0,90.0,1
data/Cohort_1/Day 90/Controls/MT 13/Bioptigen/Baseline/OD/13_OD_V_3x3_0_BScanThumb_0000013.BMP,MT13,MT13_OD,OD,1,Young Male,Controls,0,90.0,90.0,0.0,Male,BScanThumb,Right Eye,baseline,90.0,Baseline,day_0,90.0,1
data/Cohort_1/Day 90/Controls/MT 13/Bioptigen/Baseline/OS/13_OS_A_0x3_0_BScanThumb_0000036.BMP,MT13,MT13_OS,OS,1,Young Male,Controls,0,90.0,90.0,0.0,Male,BScanThumb,Right Eye,baseline,90.0,Baseline,day_0,90.0,1
data/Cohort_1/Day 90/Controls/MT 13/Bioptigen/Baseline/OS/13_OS_L_3_0_BScanThumb_0000040.BMP,MT13,MT13_OS,OS,1,Young Male,Controls,0,90.0,90.0,0.0,Male,BScanThumb,Right Eye,baseline,90.0,Baseline,day_0,90.0,1
data/Cohort_1/Day 90/Controls/MT 13/Bioptigen/Baseline/OS/13_OS_R_3_0_BScanThumb_0000043.BMP,MT13,MT13_OS,OS,1,Young Male,Controls,0,90.0,90.0,0.0,Male,BScanThumb,Right Eye,baseline,90.0,Baseline,day_0,90.0,1
data/Cohort_1/Day 90/Controls/MT 13/Bioptigen/Baseline/OS/13_OS_V_1x1_0_BScanThumb_0000032.BMP,MT13,MT13_OS,OS,1,Young Male,Controls,0,90.0,90.0,0.0,Male,BScanThumb,Right Eye,baseline,90.0,Baseline,day_0,90.0,1
data/Cohort_1/Day 90/Controls/MT 13/Bioptigen/Baseline/OS/13_OS_V_3x3_0_BScanThumb_0000028.BMP,MT13,MT13_OS,OS,1,Young Male,Controls,0,90.0,90.0,0.0,Male,BScanThumb,Right Eye,baseline,90.0,Baseline,day_0,90.0,1
data/Cohort_1/Day 90/Controls/MT 13/Bioptigen/Baseline/OS/13_OS_V_3x3_0_BScanThumb_0000047.BMP,MT13,MT13_OS,OS,1,Young Male,Controls,0,90.0,90.0,0.0,Male,BScanThumb,Right Eye,baseline,90.0,Baseline,day_0,90.0,1
data/Cohort_1/Day 90/Controls/MT 13/Bioptigen/End HLS 7152014/OD/13_OD_L_3_0_BScanThumb_0000071.BMP,MT13,MT13_OD,OD,1,Young Male,Controls,90,180.0,90.0,90.0,Male,BScanThumb,Right Eye,end_hls,90.0,End HLS 7152014,day_90,180.0,1
data/Cohort_1/Day 90/Controls/MT 13/Bioptigen/End HLS 7152014/OD/13_OD_R_3_0_BScanThumb_0000059.BMP,MT13,MT13_OD,OD,1,Young Male,Controls,90,180.0,90.0,90.0,Male,BScanThumb,Right Eye,end_hls,90.0,End HLS 7152014,day_90,180.0,1
data/Cohort_1/Day 90/Controls/MT 13/Bioptigen/End HLS 7152014/OD/13_OD_V_1x1_0_BScanThumb_0000067.BMP,MT13,MT13_OD,OD,1,Young Male,Controls,90,180.0,90.0,90.0,Male,BScanThumb,Right Eye,end_hls,90.0,End HLS 7152014,day_90,180.0,1
data/Cohort_1/Day 90/Controls/MT 13/Bioptigen/End HLS 7152014/OD/13_OD_V_3x3_0_BScanThumb_0000051.BMP,MT13,MT13_OD,OD,1,Young Male,Controls,90,180.0,90.0,90.0,Male,BScanThumb,Right Eye,end_hls,90.0,End HLS 7152014,day_90,180.0,1
data/Cohort_1/Day 90/Controls/MT 13/Bioptigen/End HLS 7152014/OD/13_OD_V_3x3_0_BScanThumb_0000055.BMP,MT13,MT13_OD,OD,1,Young Male,Controls,90,180.0,90.0,90.0,Male,BScanThumb,Right Eye,end_hls,90.0,End HLS 7152014,day_90,180.0,1
data/Cohort_1/Day 90/Controls/MT 13/Bioptigen/End HLS 7152014/OD/13_OD_V_3x3_0_BScanThumb_0000063.BMP,MT13,MT13_OD,OD,1,Young Male,Controls,90,180.0,90.0,90.0,Male,BScanThumb,Right Eye,end_hls,90.0,End HLS 7152014,day_90,180.0,1
data/Cohort_1/Day 90/Controls/MT 13/Bioptigen/End HLS 7152014/OS/13_OS_L_3_0_BScanThumb_0000082.BMP,MT13,MT13_OS,OS,1,Young Male,Controls,90,180.0,90.0,90.0,Male,BScanThumb,Right Eye,end_hls,90.0,End HLS 7152014,day_90,180.0,1
data/Cohort_1/Day 90/Controls/MT 13/Bioptigen/End HLS 7152014/OS/13_OS_R_3_0_BScanThumb_0000085.BMP,MT13,MT13_OS,OS,1,Young Male,Controls,90,180.0,90.0,90.0,Male,BScanThumb,Right Eye,end_hls,90.0,End HLS 7152014,day_90,180.0,1
data/Cohort_1/Day 90/Controls/MT 13/Bioptigen/End HLS 7152014/OS/13_OS_V_1x1_0_BScanThumb_0000101.BMP,MT13,MT13_OS,OS,1,Young Male,Controls,90,180.0,90.0,90.0,Male,BScanThumb,Right Eye,end_hls,90.0,End HLS 7152014,day_90,180.0,1
data/Cohort_1/Day 90/Controls/MT 13/Bioptigen/End HLS 7152014/OS/13_OS_V_3x3_0_BScanThumb_0000074.BMP,MT13,MT13_OS,OS,1,Young Male,Controls,90,180.0,90.0,90.0,Male,BScanThumb,Right Eye,end_hls,90.0,End HLS 7152014,day_90,180.0,1
data/Cohort_1/Day 90/Controls/MT 13/Bioptigen/End HLS 7152014/OS/13_OS_V_3x3_0_BScanThumb_0000078.BMP,MT13,MT13_OS,OS,1,Young Male,Controls,90,180.0,90.0,90.0,Male,BScanThumb,Right Eye,end_hls,90.0,End HLS 7152014,day_90,180.0,1
data/Cohort_1/Day 90/Controls/MT 13/Bioptigen/End HLS 7152014/OS/13_OS_V_3x3_0_BScanThumb_0000089.BMP,MT13,MT13_OS,OS,1,Young Male,Controls,90,180.0,90.0,90.0,Male,BScanThumb,Right Eye,end_hls,90.0,End HLS 7152014,day_90,180.0,1
data/Cohort_1/Day 90/Controls/MT 13/Bioptigen/End HLS 7152014/OS/13_OS_V_3x3_0_BScanThumb_0000093.BMP,MT13,MT13_OS,OS,1,Young Male,Controls,90,180.0,90.0,90.0,Male,BScanThumb,Right Eye,end_hls,90.0,End HLS 7152014,day_90,180.0,1
data/Cohort_1/Day 90/Controls/MT 13/Bioptigen/End HLS 7152014/OS/13_OS_V_3x3_0_BScanThumb_0000097.BMP,MT13,MT13_OS,OS,1,Young Male,Controls,90,180.0,90.0,90.0,Male,BScanThumb,Right Eye,end_hls,90.0,End HLS 7152014,day_90,180.0,1
data/Cohort_1/Day 90/Controls/MT 15/Bioptigen/Baseline/OD/15_OD_A_0x3_0_BScanThumb_0000021.BMP,MT15,MT15_OD,OD,1,Young Male,Controls,0,90.0,90.0,0.0,Male,BScanThumb,Right Eye,baseline,90.0,Baseline,day_0,90.0,0
data/Cohort_1/Day 90/Controls/MT 15/Bioptigen/Baseline/OD/15_OD_L_3_0_BScanThumb_0000025.BMP,MT15,MT15_OD,OD,1,Young Male,Controls,0,90.0,90.0,0.0,Male,BScanThumb,Right Eye,baseline,90.0,Baseline,day_0,90.0,0
data/Cohort_1/Day 90/Controls/MT 15/Bioptigen/Baseline/OD/15_OD_R_3_0_BScanThumb_0000009.BMP,MT15,MT15_OD,OD,1,Young Male,Controls,0,90.0,90.0,0.0,Male,BScanThumb,Right Eye,baseline,90.0,Baseline,day_0,90.0,0
data/Cohort_1/Day 90/Controls/MT 15/Bioptigen/Baseline/OD/15_OD_V_1x1_0_BScanThumb_0000017.BMP,MT15,MT15_OD,OD,1,Young Male,Controls,0,90.0,90.0,0.0,Male,BScanThumb,Right Eye,baseline,90.0,Baseline,day_0,90.0,0
data/Cohort_1/Day 90/Controls/MT 15/Bioptigen/Baseline/OD/15_OD_V_3x3_0_BScanThumb_0000001.BMP,MT15,MT15_OD,OD,1,Young Male,Controls,0,90.0,90.0,0.0,Male,BScanThumb,Right Eye,baseline,90.0,Baseline,day_0,90.0,0
data/Cohort_1/Day 90/Controls/MT 15/Bioptigen/Baseline/OD/15_OD_V_3x3_0_BScanThumb_0000005.BMP,MT15,MT15_OD,OD,1,Young Male,Controls,0,90.0,90.0,0.0,Male,BScanThumb,Right Eye,baseline,90.0,Baseline,day_0,90.0,0
data/Cohort_1/Day 90/Controls/MT 15/Bioptigen/Baseline/OD/15_OD_V_3x3_0_BScanThumb_0000013.BMP,MT15,MT15_OD,OD,1,Young Male,Controls,0,90.0,90.0,0.0,Male,BScanThumb,Right Eye,baseline,90.0,Baseline,day_0,90.0,0
data/Cohort_1/Day 90/Controls/MT 15/Bioptigen/Baseline/OS/15_OS_A_0x3_0_BScanThumb_0000036.BMP,MT15,MT15_OS,OS,1,Young Male,Controls,0,90.0,90.0,0.0,Male,BScanThumb,Right Eye,baseline,90.0,Baseline,day_0,90.0,0
data/Cohort_1/Day 90/Controls/MT 15/Bioptigen/Baseline/OS/15_OS_L_3_0_BScanThumb_0000040.BMP,MT15,MT15_OS,OS,1,Young Male,Controls,0,90.0,90.0,0.0,Male,BScanThumb,Right Eye,baseline,90.0,Baseline,day_0,90.0,0
data/Cohort_1/Day 90/Controls/MT 15/Bioptigen/Baseline/OS/15_OS_R_3_0_BScanThumb_0000043.BMP,MT15,MT15_OS,OS,1,Young Male,Controls,0,90.0,90.0,0.0,Male,BScanThumb,Right Eye,baseline,90.0,Baseline,day_0,90.0,0
data/Cohort_1/Day 90/Controls/MT 15/Bioptigen/Baseline/OS/15_OS_V_1x1_0_BScanThumb_0000055.BMP,MT15,MT15_OS,OS,1,Young Male,Controls,0,90.0,90.0,0.0,Male,BScanThumb,Right Eye,baseline,90.0,Baseline,day_0,90.0,0
data/Cohort_1/Day 90/Controls/MT 15/Bioptigen/Baseline/OS/15_OS_V_3x3_0_BScanThumb_0000028.BMP,MT15,MT15_OS,OS,1,Young Male,Controls,0,90.0,90.0,0.0,Male,BScanThumb,Right Eye,baseline,90.0,Baseline,day_0,90.0,0
data/Cohort_1/Day 90/Controls/MT 15/Bioptigen/Baseline/OS/15_OS_V_3x3_0_BScanThumb_0000032.BMP,MT15,MT15_OS,OS,1,Young Male,Controls,0,90.0,90.0,0.0,Male,BScanThumb,Right Eye,baseline,90.0,Baseline,day_0,90.0,0
data/Cohort_1/Day 90/Controls/MT 15/Bioptigen/Baseline/OS/15_OS_V_3x3_0_BScanThumb_0000047.BMP,MT15,MT15_OS,OS,1,Young Male,Controls,0,90.0,90.0,0.0,Male,BScanThumb,Right Eye,baseline,90.0,Baseline,day_0,90.0,0
data/Cohort_1/Day 90/Controls/MT 15/Bioptigen/Baseline/OS/15_OS_V_3x3_0_BScanThumb_0000051.BMP,MT15,MT15_OS,OS,1,Young Male,Controls,0,90.0,90.0,0.0,Male,BScanThumb,Right Eye,baseline,90.0,Baseline,day_0,90.0,0
data/Cohort_1/Day 90/Controls/MT 15/Bioptigen/End HLS 7152014/OD/15_OD_L_3_0_BScanThumb_0000079.BMP,MT15,MT15_OD,OD,1,Young Male,Controls,90,180.0,90.0,90.0,Male,BScanThumb,Right Eye,end_hls,90.0,End HLS 7152014,day_90,180.0,0
data/Cohort_1/Day 90/Controls/MT 15/Bioptigen/End HLS 7152014/OD/15_OD_R_3_0_BScanThumb_0000067.BMP,MT15,MT15_OD,OD,1,Young Male,Controls,90,180.0,90.0,90.0,Male,BScanThumb,Right Eye,end_hls,90.0,End HLS 7152014,day_90,180.0,0
data/Cohort_1/Day 90/Controls/MT 15/Bioptigen/End HLS 7152014/OD/15_OD_V_1x1_0_BScanThumb_0000075.BMP,MT15,MT15_OD,OD,1,Young Male,Controls,90,180.0,90.0,90.0,Male,BScanThumb,Right Eye,end_hls,90.0,End HLS 7152014,day_90,180.0,0
data/Cohort_1/Day 90/Controls/MT 15/Bioptigen/End HLS 7152014/OD/15_OD_V_3x3_0_BScanThumb_0000059.BMP,MT15,MT15_OD,OD,1,Young Male,Controls,90,180.0,90.0,90.0,Male,BScanThumb,Right Eye,end_hls,90.0,End HLS 7152014,day_90,180.0,0
data/Cohort_1/Day 90/Controls/MT 15/Bioptigen/End HLS 7152014/OD/15_OD_V_3x3_0_BScanThumb_0000063.BMP,MT15,MT15_OD,OD,1,Young Male,Controls,90,180.0,90.0,90.0,Male,BScanThumb,Right Eye,end_hls,90.0,End HLS 7152014,day_90,180.0,0
data/Cohort_1/Day 90/Controls/MT 15/Bioptigen/End HLS 7152014/OD/15_OD_V_3x3_0_BScanThumb_0000071.BMP,MT15,MT15_OD,OD,1,Young Male,Controls,90,180.0,90.0,90.0,Male,BScanThumb,Right Eye,end_hls,90.0,End HLS 7152014,day_90,180.0,0
data/Cohort_1/Day 90/Controls/MT 15/Bioptigen/End HLS 7152014/OS/15_OS_L_3_0_BScanThumb_0000090.BMP,MT15,MT15_OS,OS,1,Young Male,Controls,90,180.0,90.0,90.0,Male,BScanThumb,Right Eye,end_hls,90.0,End HLS 7152014,day_90,180.0,0
data/Cohort_1/Day 90/Controls/MT 15/Bioptigen/End HLS 7152014/OS/15_OS_R_3_0_BScanThumb_0000093.BMP,MT15,MT15_OS,OS,1,Young Male,Controls,90,180.0,90.0,90.0,Male,BScanThumb,Right Eye,end_hls,90.0,End HLS 7152014,day_90,180.0,0
data/Cohort_1/Day 90/Controls/MT 15/Bioptigen/End HLS 7152014/OS/15_OS_V_1x1_0_BScanThumb_0000086.BMP,MT15,MT15_OS,OS,1,Young Male,Controls,90,180.0,90.0,90.0,Male,BScanThumb,Right Eye,end_hls,90.0,End HLS 7152014,day_90,180.0,0
data/Cohort_1/Day 90/Controls/MT 15/Bioptigen/End HLS 7152014/OS/15_OS_V_3x3_0_BScanThumb_0000082.BMP,MT15,MT15_OS,OS,1,Young Male,Controls,90,180.0,90.0,90.0,Male,BScanThumb,Right Eye,end_hls,90.0,End HLS 7152014,day_90,180.0,0
data/Cohort_1/Day 90/Controls/MT 15/Bioptigen/End HLS 7152014/OS/15_OS_V_3x3_0_BScanThumb_0000097.BMP,MT15,MT15_OS,OS,1,Young Male,Controls,90,180.0,90.0,90.0,Male,BScanThumb,Right Eye,end_hls,90.0,End HLS 7152014,day_90,180.0,0
data/Cohort_1/Day 90/Controls/MT 15/Bioptigen/End HLS 7152014/OS/15_OS_V_3x3_0_BScanThumb_0000101.BMP,MT15,MT15_OS,OS,1,Young Male,Controls,90,180.0,90.0,90.0,Male,BScanThumb,Right Eye,end_hls,90.0,End HLS 7152014,day_90,180.0,0
data/Cohort_1/Day 90/Controls/MT 15/Bioptigen/End HLS 7152014/OS/15_OS_V_3x3_0_BScanThumb_0000105.BMP,MT15,MT15_OS,OS,1,Young Male,Controls,90,180.0,90.0,90.0,Male,BScanThumb,Right Eye,end_hls,90.0,End HLS 7152014,day_90,180.0,0
data/Cohort_1/Day 180/Controls/MT 150/Bioptigen/BASELINE - 3-10-15/BIOPTIGEN/OD/150-MT_OD_L_2_0_BScanThumb_0000011.BMP,MT150,MT150_OD,OD,1,Young Male,Controls,0,90.0,90.0,0.0,Male,BScanThumb,Right Eye,baseline,180.0,BASELINE - 3-10-15,day_0,90.0,2
data/Cohort_1/Day 180/Controls/MT 150/Bioptigen/BASELINE - 3-10-15/BIOPTIGEN/OD/150-MT_OD_V_3x3_0_BScanThumb_0000001.BMP,MT150,MT150_OD,OD,1,Young Male,Controls,0,90.0,90.0,0.0,Male,BScanThumb,Right Eye,baseline,180.0,BASELINE - 3-10-15,day_0,90.0,2
data/Cohort_1/Day 180/Controls/MT 150/Bioptigen/BASELINE - 3-10-15/BIOPTIGEN/OD/150-MT_OD_V_3x3_0_BScanThumb_0000006.BMP,MT150,MT150_OD,OD,1,Young Male,Controls,0,90.0,90.0,0.0,Male,BScanThumb,Right Eye,baseline,180.0,BASELINE - 3-10-15,day_0,90.0,2
data/Cohort_1/Day 180/Controls/MT 150/Bioptigen/BASELINE - 3-10-15/BIOPTIGEN/OD/150-MT_OD_L_2_0_REGAVG0000012.BMP,MT150,MT150_OD,OD,1,Young Male,Controls,0,90.0,90.0,0.0,Male,REGAVG,Right Eye,baseline,180.0,BASELINE - 3-10-15,day_0,90.0,2
data/Cohort_1/Day 180/Controls/MT 150/Bioptigen/BASELINE - 3-10-15/BIOPTIGEN/OS/150-MT_OS_L_2_0_BScanThumb_0000023.BMP,MT150,MT150_OS,OS,1,Young Male,Controls,0,90.0,90.0,0.0,Male,BScanThumb,Right Eye,baseline,180.0,BASELINE - 3-10-15,day_0,90.0,2
data/Cohort_1/Day 180/Controls/MT 150/Bioptigen/BASELINE - 3-10-15/BIOPTIGEN/OS/150-MT_OS_L_2_0_BScanThumb_0000027.BMP,MT150,MT150_OS,OS,1,Young Male,Controls,0,90.0,90.0,0.0,Male,BScanThumb,Right Eye,baseline,180.0,BASELINE - 3-10-15,day_0,90.0,2
data/Cohort_1/Day 180/Controls/MT 150/Bioptigen/BASELINE - 3-10-15/BIOPTIGEN/OS/150-MT_OS_V_3x3_0_BScanThumb_0000018.BMP,MT150,MT150_OS,OS,1,Young Male,Controls,0,90.0,90.0,0.0,Male,BScanThumb,Right Eye,baseline,180.0,BASELINE - 3-10-15,day_0,90.0,2
data/Cohort_1/Day 180/Controls/MT 150/Bioptigen/BASELINE - 3-10-15/BIOPTIGEN/OS/150-MT_OS_L_2_0_REGAVG0000028.BMP,MT150,MT150_OS,OS,1,Young Male,Controls,0,90.0,90.0,0.0,Male,REGAVG,Right Eye,baseline,180.0,BASELINE - 3-10-15,day_0,90.0,2
data/Cohort_1/Day 180/Controls/MT 150/Bioptigen/End HSL 10-5-15/OD/150-MT_OD_L_2_0_BScanThumb_0000039.BMP,MT150,MT150_OD,OD,1,Young Male,Controls,90,270.0,90.0,180.0,Male,BScanThumb,Right Eye,end_hls,180.0,End HSL 10-5-15,day_90,180.0,2
data/Cohort_1/Day 180/Controls/MT 150/Bioptigen/End HSL 10-5-15/OD/150-MT_OD_L_2_0_BScanThumb_0000043.BMP,MT150,MT150_OD,OD,1,Young Male,Controls,90,270.0,90.0,180.0,Male,BScanThumb,Right Eye,end_hls,180.0,End HSL 10-5-15,day_90,180.0,2
data/Cohort_1/Day 180/Controls/MT 150/Bioptigen/End HSL 10-5-15/OD/150-MT_OD_V_3x3_0_BScanThumb_0000034.BMP,MT150,MT150_OD,OD,1,Young Male,Controls,90,270.0,90.0,180.0,Male,BScanThumb,Right Eye,end_hls,180.0,End HSL 10-5-15,day_90,180.0,2
data/Cohort_1/Day 180/Controls/MT 150/Bioptigen/End HSL 10-5-15/OD/150-MT_OD_L_2_0_REGAVG0000040.BMP,MT150,MT150_OD,OD,1,Young Male,Controls,90,270.0,90.0,180.0,Male,REGAVG,Right Eye,end_hls,180.0,End HSL 10-5-15,day_90,180.0,2
data/Cohort_1/Day 180/Controls/MT 150/Bioptigen/End HSL 10-5-15/OD/150-MT_OD_L_2_0_REGAVG0000044.BMP,MT150,MT150_OD,OD,1,Young Male,Controls,90,270.0,90.0,180.0,Male,REGAVG,Right Eye,end_hls,180.0,End HSL 10-5-15,day_90,180.0,2
data/Cohort_1/Day 180/Controls/MT 150/Bioptigen/End HSL 10-5-15/OS/150-MT_OS_L_2_0_BScanThumb_0000058.BMP,MT150,MT150_OS,OS,1,Young Male,Controls,90,270.0,90.0,180.0,Male,BScanThumb,Right Eye,end_hls,180.0,End HSL 10-5-15,day_90,180.0,2
data/Cohort_1/Day 180/Controls/MT 150/Bioptigen/End HSL 10-5-15/OS/150-MT_OS_L_2_0_BScanThumb_0000062.BMP,MT150,MT150_OS,OS,1,Young Male,Controls,90,270.0,90.0,180.0,Male,BScanThumb,Right Eye,end_hls,180.0,End HSL 10-5-15,day_90,180.0,2
data/Cohort_1/Day 180/Controls/MT 150/Bioptigen/End HSL 10-5-15/OS/150-MT_OS_V_3x3_0_BScanThumb_0000053.BMP,MT150,MT150_OS,OS,1,Young Male,Controls,90,270.0,90.0,180.0,Male,BScanThumb,Right Eye,end_hls,180.0,End HSL 10-5-15,day_90,180.0,2
data/Cohort_1/Day 180/Controls/MT 150/Bioptigen/End HSL 10-5-15/OS/150-MT_OS_L_2_0_REGAVG0000059.BMP,MT150,MT150_OS,OS,1,Young Male,Controls,90,270.0,90.0,180.0,Male,REGAVG,Right Eye,end_hls,180.0,End HSL 10-5-15,day_90,180.0,2
data/Cohort_1/Day 180/Controls/MT 150/Bioptigen/End HSL 10-5-15/OS/150-MT_OS_L_2_0_REGAVG0000063.BMP,MT150,MT150_OS,OS,1,Young Male,Controls,90,270.0,90.0,180.0,Male,REGAVG,Right Eye,end_hls,180.0,End HSL 10-5-15,day_90,180.0,2
data/Cohort_1/Day 180/Controls/MT 152/Bioptigen/BASELINE - 3-10-15/BIOPTIGEN/OD/MT-152_OD_L_2_0_BScanThumb_0000006.BMP,MT152,MT152_OD,OD,1,Young Male,Controls,0,90.0,90.0,0.0,Male,BScanThumb,Right Eye,baseline,180.0,BASELINE - 3-10-15,day_0,90.0,1
data/Cohort_1/Day 180/Controls/MT 152/Bioptigen/BASELINE - 3-10-15/BIOPTIGEN/OD/MT-152_OD_L_2_0_BScanThumb_0000010.BMP,MT152,MT152_OD,OD,1,Young Male,Controls,0,90.0,90.0,0.0,Male,BScanThumb,Right Eye,baseline,180.0,BASELINE - 3-10-15,day_0,90.0,1
data/Cohort_1/Day 180/Controls/MT 152/Bioptigen/BASELINE - 3-10-15/BIOPTIGEN/OD/MT-152_OD_V_3x3_0_BScanThumb_0000001.BMP,MT152,MT152_OD,OD,1,Young Male,Controls,0,90.0,90.0,0.0,Male,BScanThumb,Right Eye,baseline,180.0,BASELINE - 3-10-15,day_0,90.0,1
data/Cohort_1/Day 180/Controls/MT 152/Bioptigen/BASELINE - 3-10-15/BIOPTIGEN/OD/MT-152_OD_L_2_0_REGAVG0000011.BMP,MT152,MT152_OD,OD,1,Young Male,Controls,0,90.0,90.0,0.0,Male,REGAVG,Right Eye,baseline,180.0,BASELINE - 3-10-15,day_0,90.0,1
data/Cohort_1/Day 180/Controls/MT 152/Bioptigen/BASELINE - 3-10-15/BIOPTIGEN/OS/MT-152_OS_L_2_0_BScanThumb_0000022.BMP,MT152,MT152_OS,OS,1,Young Male,Controls,0,90.0,90.0,0.0,Male,BScanThumb,Right Eye,baseline,180.0,BASELINE - 3-10-15,day_0,90.0,1
data/Cohort_1/Day 180/Controls/MT 152/Bioptigen/BASELINE - 3-10-15/BIOPTIGEN/OS/MT-152_OS_L_2_0_BScanThumb_0000026.BMP,MT152,MT152_OS,OS,1,Young Male,Controls,0,90.0,90.0,0.0,Male,BScanThumb,Right Eye,baseline,180.0,BASELINE - 3-10-15,day_0,90.0,1
data/Cohort_1/Day 180/Controls/MT 152/Bioptigen/BASELINE - 3-10-15/BIOPTIGEN/OS/MT-152_OS_V_3x3_0_BScanThumb_0000017.BMP,MT152,MT152_OS,OS,1,Young Male,Controls,0,90.0,90.0,0.0,Male,BScanThumb,Right Eye,baseline,180.0,BASELINE - 3-10-15,day_0,90.0,1
data/Cohort_1/Day 180/Controls/MT 152/Bioptigen/BASELINE - 3-10-15/BIOPTIGEN/OS/MT-152_OS_L_2_0_REGAVG0000027.BMP,MT152,MT152_OS,OS,1,Young Male,Controls,0,90.0,90.0,0.0,Male,REGAVG,Right Eye,baseline,180.0,BASELINE - 3-10-15,day_0,90.0,1
data/Cohort_1/Day 180/Controls/MT 152/Bioptigen/End HSL 10-5-15/OD/MT-152_OD_L_2_0_BScanThumb_0000038.BMP,MT152,MT152_OD,OD,1,Young Male,Controls,90,270.0,90.0,180.0,Male,BScanThumb,Right Eye,end_hls,180.0,End HSL 10-5-15,day_90,180.0,1
data/Cohort_1/Day 180/Controls/MT 152/Bioptigen/End HSL 10-5-15/OD/MT-152_OD_L_2_0_BScanThumb_0000042.BMP,MT152,MT152_OD,OD,1,Young Male,Controls,90,270.0,90.0,180.0,Male,BScanThumb,Right Eye,end_hls,180.0,End HSL 10-5-15,day_90,180.0,1
data/Cohort_1/Day 180/Controls/MT 152/Bioptigen/End HSL 10-5-15/OD/MT-152_OD_V_3x3_0_BScanThumb_0000033.BMP,MT152,MT152_OD,OD,1,Young Male,Controls,90,270.0,90.0,180.0,Male,BScanThumb,Right Eye,end_hls,180.0,End HSL 10-5-15,day_90,180.0,1
data/Cohort_1/Day 180/Controls/MT 152/Bioptigen/End HSL 10-5-15/OD/MT-152_OD_L_2_0_REGAVG0000039.BMP,MT152,MT152_OD,OD,1,Young Male,Controls,90,270.0,90.0,180.0,Male,REGAVG,Right Eye,end_hls,180.0,End HSL 10-5-15,day_90,180.0,1
data/Cohort_1/Day 180/Controls/MT 152/Bioptigen/End HSL 10-5-15/OD/MT-152_OD_L_2_0_REGAVG0000043.BMP,MT152,MT152_OD,OD,1,Young Male,Controls,90,270.0,90.0,180.0,Male,REGAVG,Right Eye,end_hls,180.0,End HSL 10-5-15,day_90,180.0,1
data/Cohort_1/Day 180/Controls/MT 152/Bioptigen/End HSL 10-5-15/OS/MT-152_OS_L_2_0_BScanThumb_0000057.BMP,MT152,MT152_OS,OS,1,Young Male,Controls,90,270.0,90.0,180.0,Male,BScanThumb,Right Eye,end_hls,180.0,End HSL 10-5-15,day_90,180.0,1
data/Cohort_1/Day 180/Controls/MT 152/Bioptigen/End HSL 10-5-15/OS/MT-152_OS_L_2_0_BScanThumb_0000061.BMP,MT152,MT152_OS,OS,1,Young Male,Controls,90,270.0,90.0,180.0,Male,BScanThumb,Right Eye,end_hls,180.0,End HSL 10-5-15,day_90,180.0,1
data/Cohort_1/Day 180/Controls/MT 152/Bioptigen/End HSL 10-5-15/OS/MT-152_OS_V_3x3_0_BScanThumb_0000052.BMP,MT152,MT152_OS,OS,1,Young Male,Controls,90,270.0,90.0,180.0,Male,BScanThumb,Right Eye,end_hls,180.0,End HSL 10-5-15,day_90,180.0,1
data/Cohort_1/Day 180/Controls/MT 152/Bioptigen/End HSL 10-5-15/OS/MT-152_OS_L_2_0_REGAVG0000058.BMP,MT152,MT152_OS,OS,1,Young Male,Controls,90,270.0,90.0,180.0,Male,REGAVG,Right Eye,end_hls,180.0,End HSL 10-5-15,day_90,180.0,1
data/Cohort_1/Day 180/Controls/MT 152/Bioptigen/End HSL 10-5-15/OS/MT-152_OS_L_2_0_REGAVG0000062.BMP,MT152,MT152_OS,OS,1,Young Male,Controls,90,270.0,90.0,180.0,Male,REGAVG,Right Eye,end_hls,180.0,End HSL 10-5-15,day_90,180.0,1
data/Cohort_1/Day 180/Controls/MT 154/Bioptogen/BASELINE - 3-10-15/BIOPTIGEN/OD/MT-154_OD_L_2_0_BScanThumb_0000006.BMP,MT154,MT154_OD,OD,1,Young Male,Controls,0,90.0,90.0,0.0,Male,BScanThumb,Right Eye,baseline,180.0,OD,day_0,90.0,1
data/Cohort_1/Day 180/Controls/MT 154/Bioptogen/BASELINE - 3-10-15/BIOPTIGEN/OD/MT-154_OD_L_2_0_BScanThumb_0000010.BMP,MT154,MT154_OD,OD,1,Young Male,Controls,0,90.0,90.0,0.0,Male,BScanThumb,Right Eye,baseline,180.0,OD,day_0,90.0,1
data/Cohort_1/Day 180/Controls/MT 154/Bioptogen/BASELINE - 3-10-15/BIOPTIGEN/OD/MT-154_OD_V_3x3_0_BScanThumb_0000001.BMP,MT154,MT154_OD,OD,1,Young Male,Controls,0,90.0,90.0,0.0,Male,BScanThumb,Right Eye,baseline,180.0,OD,day_0,90.0,1
data/Cohort_1/Day 180/Controls/MT 154/Bioptogen/BASELINE - 3-10-15/BIOPTIGEN/OD/MT-154_OD_L_2_0_REGAVG0000011.BMP,MT154,MT154_OD,OD,1,Young Male,Controls,0,90.0,90.0,0.0,Male,REGAVG,Right Eye,baseline,180.0,OD,day_0,90.0,1
data/Cohort_1/Day 180/Controls/MT 154/Bioptogen/BASELINE - 3-10-15/BIOPTIGEN/OS/MT-154_OS_L_2_0_BScanThumb_0000022.BMP,MT154,MT154_OS,OS,1,Young Male,Controls,0,90.0,90.0,0.0,Male,BScanThumb,Right Eye,baseline,180.0,OS,day_0,90.0,1
data/Cohort_1/Day 180/Controls/MT 154/Bioptogen/BASELINE - 3-10-15/BIOPTIGEN/OS/MT-154_OS_L_2_0_BScanThumb_0000026.BMP,MT154,MT154_OS,OS,1,Young Male,Controls,0,90.0,90.0,0.0,Male,BScanThumb,Right Eye,baseline,180.0,OS,day_0,90.0,1
data/Cohort_1/Day 180/Controls/MT 154/Bioptogen/BASELINE - 3-10-15/BIOPTIGEN/OS/MT-154_OS_V_3x3_0_BScanThumb_0000017.BMP,MT154,MT154_OS,OS,1,Young Male,Controls,0,90.0,90.0,0.0,Male,BScanThumb,Right Eye,baseline,180.0,OS,day_0,90.0,1
data/Cohort_1/Day 180/Controls/MT 154/Bioptogen/BASELINE - 3-10-15/BIOPTIGEN/OS/MT-154_OS_L_2_0_REGAVG0000027.BMP,MT154,MT154_OS,OS,1,Young Male,Controls,0,90.0,90.0,0.0,Male,REGAVG,Right Eye,baseline,180.0,OS,day_0,90.0,1
data/Cohort_1/Day 180/Controls/MT 154/Bioptogen/End HSL 10-5-15/OD/MT-154_OD_L_2_0_BScanThumb_0000038.BMP,MT154,MT154_OD,OD,1,Young Male,Controls,90,270.0,90.0,180.0,Male,BScanThumb,Right Eye,end_hls,180.0,,day_90,180.0,1
data/Cohort_1/Day 180/Controls/MT 154/Bioptogen/End HSL 10-5-15/OD/MT-154_OD_L_2_0_BScanThumb_0000042.BMP,MT154,MT154_OD,OD,1,Young Male,Controls,90,270.0,90.0,180.0,Male,BScanThumb,Right Eye,end_hls,180.0,,day_90,180.0,1
data/Cohort_1/Day 180/Controls/MT 154/Bioptogen/End HSL 10-5-15/OD/MT-154_OD_V_3x3_0_BScanThumb_0000033.BMP,MT154,MT154_OD,OD,1,Young Male,Controls,90,270.0,90.0,180.0,Male,BScanThumb,Right Eye,end_hls,180.0,,day_90,180.0,1
data/Cohort_1/Day 180/Controls/MT 154/Bioptogen/End HSL 10-5-15/OD/MT-154_OD_L_2_0_REGAVG0000039.BMP,MT154,MT154_OD,OD,1,Young Male,Controls,90,270.0,90.0,180.0,Male,REGAVG,Right Eye,end_hls,180.0,,day_90,180.0,1
data/Cohort_1/Day 180/Controls/MT 154/Bioptogen/End HSL 10-5-15/OD/MT-154_OD_L_2_0_REGAVG0000043.BMP,MT154,MT154_OD,OD,1,Young Male,Controls,90,270.0,90.0,180.0,Male,REGAVG,Right Eye,end_hls,180.0,,day_90,180.0,1
data/Cohort_1/Day 180/Controls/MT 154/Bioptogen/End HSL 10-5-15/OS/MT-154_OS_L_2_0_BScanThumb_0000057.BMP,MT154,MT154_OS,OS,1,Young Male,Controls,90,270.0,90.0,180.0,Male,BScanThumb,Right Eye,end_hls,180.0,,day_90,180.0,1
data/Cohort_1/Day 180/Controls/MT 154/Bioptogen/End HSL 10-5-15/OS/MT-154_OS_L_2_0_BScanThumb_0000061.BMP,MT154,MT154_OS,OS,1,Young Male,Controls,90,270.0,90.0,180.0,Male,BScanThumb,Right Eye,end_hls,180.0,,day_90,180.0,1
data/Cohort_1/Day 180/Controls/MT 154/Bioptogen/End HSL 10-5-15/OS/MT-154_OS_V_3x3_0_BScanThumb_0000052.BMP,MT154,MT154_OS,OS,1,Young Male,Controls,90,270.0,90.0,180.0,Male,BScanThumb,Right Eye,end_hls,180.0,,day_90,180.0,1
data/Cohort_1/Day 180/Controls/MT 154/Bioptogen/End HSL 10-5-15/OS/MT-154_OS_L_2_0_REGAVG0000062.BMP,MT154,MT154_OS,OS,1,Young Male,Controls,90,270.0,90.0,180.0,Male,REGAVG,Right Eye,end_hls,180.0,,day_90,180.0,1
data/Cohort_1/Day 180/Controls/MT 157/Bioptigen/BASELINE - 3-10-15/BIOPTIGEN/OD/MT-157_OD_L_2_0_BScanThumb_0000006.BMP,MT157,MT157_OD,OD,1,Young Male,Controls,0,90.0,90.0,0.0,Male,BScanThumb,Right Eye,baseline,180.0,BASELINE - 3-10-15,day_0,90.0,0
data/Cohort_1/Day 180/Controls/MT 157/Bioptigen/BASELINE - 3-10-15/BIOPTIGEN/OD/MT-157_OD_L_2_0_BScanThumb_0000010.BMP,MT157,MT157_OD,OD,1,Young Male,Controls,0,90.0,90.0,0.0,Male,BScanThumb,Right Eye,baseline,180.0,BASELINE - 3-10-15,day_0,90.0,0
data/Cohort_1/Day 180/Controls/MT 157/Bioptigen/BASELINE - 3-10-15/BIOPTIGEN/OD/MT-157_OD_V_3x3_0_BScanThumb_0000001.BMP,MT157,MT157_OD,OD,1,Young Male,Controls,0,90.0,90.0,0.0,Male,BScanThumb,Right Eye,baseline,180.0,BASELINE - 3-10-15,day_0,90.0,0
data/Cohort_1/Day 180/Controls/MT 157/Bioptigen/BASELINE - 3-10-15/BIOPTIGEN/OD/MT-157_OD_L_2_0_REGAVG0000011.BMP,MT157,MT157_OD,OD,1,Young Male,Controls,0,90.0,90.0,0.0,Male,REGAVG,Right Eye,baseline,180.0,BASELINE - 3-10-15,day_0,90.0,0
data/Cohort_1/Day 180/Controls/MT 157/Bioptigen/BASELINE - 3-10-15/BIOPTIGEN/OS/MT-157_OS_L_2_0_BScanThumb_0000022.BMP,MT157,MT157_OS,OS,1,Young Male,Controls,0,90.0,90.0,0.0,Male,BScanThumb,Right Eye,baseline,180.0,BASELINE - 3-10-15,day_0,90.0,0
data/Cohort_1/Day 180/Controls/MT 157/Bioptigen/BASELINE - 3-10-15/BIOPTIGEN/OS/MT-157_OS_L_2_0_BScanThumb_0000026.BMP,MT157,MT157_OS,OS,1,Young Male,Controls,0,90.0,90.0,0.0,Male,BScanThumb,Right Eye,baseline,180.0,BASELINE - 3-10-15,day_0,90.0,0
data/Cohort_1/Day 180/Controls/MT 157/Bioptigen/BASELINE - 3-10-15/BIOPTIGEN/OS/MT-157_OS_V_3x3_0_BScanThumb_0000017.BMP,MT157,MT157_OS,OS,1,Young Male,Controls,0,90.0,90.0,0.0,Male,BScanThumb,Right Eye,baseline,180.0,BASELINE - 3-10-15,day_0,90.0,0
data/Cohort_1/Day 180/Controls/MT 157/Bioptigen/BASELINE - 3-10-15/BIOPTIGEN/OS/MT-157_OS_L_2_0_REGAVG0000027.BMP,MT157,MT157_OS,OS,1,Young Male,Controls,0,90.0,90.0,0.0,Male,REGAVG,Right Eye,baseline,180.0,BASELINE - 3-10-15,day_0,90.0,0
data/Cohort_1/Day 180/Controls/MT 157/Bioptigen/End HSL 10-5-15/OD/MT-157_OD_L_2_0_BScanThumb_0000038.BMP,MT157,MT157_OD,OD,1,Young Male,Controls,90,270.0,90.0,180.0,Male,BScanThumb,Right Eye,end_hls,180.0,End HSL 10-5-15,day_90,180.0,0
data/Cohort_1/Day 180/Controls/MT 157/Bioptigen/End HSL 10-5-15/OD/MT-157_OD_L_2_0_BScanThumb_0000042.BMP,MT157,MT157_OD,OD,1,Young Male,Controls,90,270.0,90.0,180.0,Male,BScanThumb,Right Eye,end_hls,180.0,End HSL 10-5-15,day_90,180.0,0
data/Cohort_1/Day 180/Controls/MT 157/Bioptigen/End HSL 10-5-15/OD/MT-157_OD_V_3x3_0_BScanThumb_0000033.BMP,MT157,MT157_OD,OD,1,Young Male,Controls,90,270.0,90.0,180.0,Male,BScanThumb,Right Eye,end_hls,180.0,End HSL 10-5-15,day_90,180.0,0
data/Cohort_1/Day 180/Controls/MT 157/Bioptigen/End HSL 10-5-15/OD/MT-157_OD_L_2_0_REGAVG0000039.BMP,MT157,MT157_OD,OD,1,Young Male,Controls,90,270.0,90.0,180.0,Male,REGAVG,Right Eye,end_hls,180.0,End HSL 10-5-15,day_90,180.0,0
data/Cohort_1/Day 180/Controls/MT 157/Bioptigen/End HSL 10-5-15/OD/MT-157_OD_L_2_0_REGAVG0000043.BMP,MT157,MT157_OD,OD,1,Young Male,Controls,90,270.0,90.0,180.0,Male,REGAVG,Right Eye,end_hls,180.0,End HSL 10-5-15,day_90,180.0,0
data/Cohort_1/Day 180/Controls/MT 157/Bioptigen/End HSL 10-5-15/OS/MT-157_OS_L_2_0_BScanThumb_0000057.BMP,MT157,MT157_OS,OS,1,Young Male,Controls,90,270.0,90.0,180.0,Male,BScanThumb,Right Eye,end_hls,180.0,End HSL 10-5-15,day_90,180.0,0
data/Cohort_1/Day 180/Controls/MT 157/Bioptigen/End HSL 10-5-15/OS/MT-157_OS_L_2_0_BScanThumb_0000061.BMP,MT157,MT157_OS,OS,1,Young Male,Controls,90,270.0,90.0,180.0,Male,BScanThumb,Right Eye,end_hls,180.0,End HSL 10-5-15,day_90,180.0,0
data/Cohort_1/Day 180/Controls/MT 157/Bioptigen/End HSL 10-5-15/OS/MT-157_OS_V_3x3_0_BScanThumb_0000052.BMP,MT157,MT157_OS,OS,1,Young Male,Controls,90,270.0,90.0,180.0,Male,BScanThumb,Right Eye,end_hls,180.0,End HSL 10-5-15,day_90,180.0,0
data/Cohort_1/Day 180/Controls/MT 157/Bioptigen/End HSL 10-5-15/OS/MT-157_OS_L_2_0_REGAVG0000058.BMP,MT157,MT157_OS,OS,1,Young Male,Controls,90,270.0,90.0,180.0,Male,REGAVG,Right Eye,end_hls,180.0,End HSL 10-5-15,day_90,180.0,0
data/Cohort_1/Day 180/Controls/MT 157/Bioptigen/End HSL 10-5-15/OS/MT-157_OS_L_2_0_REGAVG0000062.BMP,MT157,MT157_OS,OS,1,Young Male,Controls,90,270.0,90.0,180.0,Male,REGAVG,Right Eye,end_hls,180.0,End HSL 10-5-15,day_90,180.0,0
data/Cohort_1/Day 90/Controls/MT 16/Bioptigen/Baseline/OD/16_OD_A_0x3_0_BScanThumb_0000017.BMP,MT16,MT16_OD,OD,1,Young Male,Controls,0,90.0,90.0,0.0,Male,BScanThumb,Right Eye,baseline,90.0,Baseline,day_0,90.0,2
data/Cohort_1/Day 90/Controls/MT 16/Bioptigen/Baseline/OD/16_OD_L_3_0_BScanThumb_0000021.BMP,MT16,MT16_OD,OD,1,Young Male,Controls,0,90.0,90.0,0.0,Male,BScanThumb,Right Eye,baseline,90.0,Baseline,day_0,90.0,2
data/Cohort_1/Day 90/Controls/MT 16/Bioptigen/Baseline/OD/16_OD_R_3_0_BScanThumb_0000005.BMP,MT16,MT16_OD,OD,1,Young Male,Controls,0,90.0,90.0,0.0,Male,BScanThumb,Right Eye,baseline,90.0,Baseline,day_0,90.0,2
data/Cohort_1/Day 90/Controls/MT 16/Bioptigen/Baseline/OD/16_OD_V_1x1_0_BScanThumb_0000013.BMP,MT16,MT16_OD,OD,1,Young Male,Controls,0,90.0,90.0,0.0,Male,BScanThumb,Right Eye,baseline,90.0,Baseline,day_0,90.0,2
data/Cohort_1/Day 90/Controls/MT 16/Bioptigen/Baseline/OD/16_OD_V_3x3_0_BScanThumb_0000001.BMP,MT16,MT16_OD,OD,1,Young Male,Controls,0,90.0,90.0,0.0,Male,BScanThumb,Right Eye,baseline,90.0,Baseline,day_0,90.0,2
data/Cohort_1/Day 90/Controls/MT 16/Bioptigen/Baseline/OD/16_OD_V_3x3_0_BScanThumb_0000009.BMP,MT16,MT16_OD,OD,1,Young Male,Controls,0,90.0,90.0,0.0,Male,BScanThumb,Right Eye,baseline,90.0,Baseline,day_0,90.0,2
data/Cohort_1/Day 90/Controls/MT 16/Bioptigen/Baseline/OS/16_OS_A_0x3_0_BScanThumb_0000032.BMP,MT16,MT16_OS,OS,1,Young Male,Controls,0,90.0,90.0,0.0,Male,BScanThumb,Right Eye,baseline,90.0,Baseline,day_0,90.0,2
data/Cohort_1/Day 90/Controls/MT 16/Bioptigen/Baseline/OS/16_OS_L_3_0_BScanThumb_0000036.BMP,MT16,MT16_OS,OS,1,Young Male,Controls,0,90.0,90.0,0.0,Male,BScanThumb,Right Eye,baseline,90.0,Baseline,day_0,90.0,2
data/Cohort_1/Day 90/Controls/MT 16/Bioptigen/Baseline/OS/16_OS_R_3_0_BScanThumb_0000039.BMP,MT16,MT16_OS,OS,1,Young Male,Controls,0,90.0,90.0,0.0,Male,BScanThumb,Right Eye,baseline,90.0,Baseline,day_0,90.0,2
data/Cohort_1/Day 90/Controls/MT 16/Bioptigen/Baseline/OS/16_OS_V_1x1_0_BScanThumb_0000028.BMP,MT16,MT16_OS,OS,1,Young Male,Controls,0,90.0,90.0,0.0,Male,BScanThumb,Right Eye,baseline,90.0,Baseline,day_0,90.0,2
data/Cohort_1/Day 90/Controls/MT 16/Bioptigen/Baseline/OS/16_OS_V_3x3_0_BScanThumb_0000024.BMP,MT16,MT16_OS,OS,1,Young Male,Controls,0,90.0,90.0,0.0,Male,BScanThumb,Right Eye,baseline,90.0,Baseline,day_0,90.0,2
data/Cohort_1/Day 90/Controls/MT 16/Bioptigen/End HLS 7152014/OD/16_OD_L_3_0_BScanThumb_0000063.BMP,MT16,MT16_OD,OD,1,Young Male,Controls,90,180.0,90.0,90.0,Male,BScanThumb,Right Eye,end_hls,90.0,End HLS 7152014,day_90,180.0,2
data/Cohort_1/Day 90/Controls/MT 16/Bioptigen/End HLS 7152014/OD/16_OD_R_3_0_BScanThumb_0000051.BMP,MT16,MT16_OD,OD,1,Young Male,Controls,90,180.0,90.0,90.0,Male,BScanThumb,Right Eye,end_hls,90.0,End HLS 7152014,day_90,180.0,2
data/Cohort_1/Day 90/Controls/MT 16/Bioptigen/End HLS 7152014/OD/16_OD_V_1x1_0_BScanThumb_0000059.BMP,MT16,MT16_OD,OD,1,Young Male,Controls,90,180.0,90.0,90.0,Male,BScanThumb,Right Eye,end_hls,90.0,End HLS 7152014,day_90,180.0,2
data/Cohort_1/Day 90/Controls/MT 16/Bioptigen/End HLS 7152014/OD/16_OD_V_3x3_0_BScanThumb_0000043.BMP,MT16,MT16_OD,OD,1,Young Male,Controls,90,180.0,90.0,90.0,Male,BScanThumb,Right Eye,end_hls,90.0,End HLS 7152014,day_90,180.0,2
data/Cohort_1/Day 90/Controls/MT 16/Bioptigen/End HLS 7152014/OD/16_OD_V_3x3_0_BScanThumb_0000047.BMP,MT16,MT16_OD,OD,1,Young Male,Controls,90,180.0,90.0,90.0,Male,BScanThumb,Right Eye,end_hls,90.0,End HLS 7152014,day_90,180.0,2
data/Cohort_1/Day 90/Controls/MT 16/Bioptigen/End HLS 7152014/OD/16_OD_V_3x3_0_BScanThumb_0000055.BMP,MT16,MT16_OD,OD,1,Young Male,Controls,90,180.0,90.0,90.0,Male,BScanThumb,Right Eye,end_hls,90.0,End HLS 7152014,day_90,180.0,2
data/Cohort_1/Day 90/Controls/MT 16/Bioptigen/End HLS 7152014/OS/16_OS_L_3_0_BScanThumb_0000074.BMP,MT16,MT16_OS,OS,1,Young Male,Controls,90,180.0,90.0,90.0,Male,BScanThumb,Right Eye,end_hls,90.0,End HLS 7152014,day_90,180.0,2
data/Cohort_1/Day 90/Controls/MT 16/Bioptigen/End HLS 7152014/OS/16_OS_R_3_0_BScanThumb_0000077.BMP,MT16,MT16_OS,OS,1,Young Male,Controls,90,180.0,90.0,90.0,Male,BScanThumb,Right Eye,end_hls,90.0,End HLS 7152014,day_90,180.0,2
data/Cohort_1/Day 90/Controls/MT 16/Bioptigen/End HLS 7152014/OS/16_OS_V_1x1_0_BScanThumb_0000089.BMP,MT16,MT16_OS,OS,1,Young Male,Controls,90,180.0,90.0,90.0,Male,BScanThumb,Right Eye,end_hls,90.0,End HLS 7152014,day_90,180.0,2
data/Cohort_1/Day 90/Controls/MT 16/Bioptigen/End HLS 7152014/OS/16_OS_V_3x3_0_BScanThumb_0000066.BMP,MT16,MT16_OS,OS,1,Young Male,Controls,90,180.0,90.0,90.0,Male,BScanThumb,Right Eye,end_hls,90.0,End HLS 7152014,day_90,180.0,2
data/Cohort_1/Day 90/Controls/MT 16/Bioptigen/End HLS 7152014/OS/16_OS_V_3x3_0_BScanThumb_0000070.BMP,MT16,MT16_OS,OS,1,Young Male,Controls,90,180.0,90.0,90.0,Male,BScanThumb,Right Eye,end_hls,90.0,End HLS 7152014,day_90,180.0,2
data/Cohort_1/Day 90/Controls/MT 16/Bioptigen/End HLS 7152014/OS/16_OS_V_3x3_0_BScanThumb_0000081.BMP,MT16,MT16_OS,OS,1,Young Male,Controls,90,180.0,90.0,90.0,Male,BScanThumb,Right Eye,end_hls,90.0,End HLS 7152014,day_90,180.0,2
data/Cohort_1/Day 90/Controls/MT 16/Bioptigen/End HLS 7152014/OS/16_OS_V_3x3_0_BScanThumb_0000085.BMP,MT16,MT16_OS,OS,1,Young Male,Controls,90,180.0,90.0,90.0,Male,BScanThumb,Right Eye,end_hls,90.0,End HLS 7152014,day_90,180.0,2
data/Cohort_1/Day 180/Controls/MT 161/Bioptigen/BASELINE - 3-10-15/BIOPTIGEN/OD/MT-161_OD_L_2_0_BScanThumb_0000006.BMP,MT161,MT161_OD,OD,1,Young Male,Controls,0,90.0,90.0,0.0,Male,BScanThumb,Right Eye,baseline,180.0,BASELINE - 3-10-15,day_0,90.0,0
data/Cohort_1/Day 180/Controls/MT 161/Bioptigen/BASELINE - 3-10-15/BIOPTIGEN/OD/MT-161_OD_L_2_0_BScanThumb_0000010.BMP,MT161,MT161_OD,OD,1,Young Male,Controls,0,90.0,90.0,0.0,Male,BScanThumb,Right Eye,baseline,180.0,BASELINE - 3-10-15,day_0,90.0,0
data/Cohort_1/Day 180/Controls/MT 161/Bioptigen/BASELINE - 3-10-15/BIOPTIGEN/OD/MT-161_OD_V_3x3_0_BScanThumb_0000001.BMP,MT161,MT161_OD,OD,1,Young Male,Controls,0,90.0,90.0,0.0,Male,BScanThumb,Right Eye,baseline,180.0,BASELINE - 3-10-15,day_0,90.0,0
data/Cohort_1/Day 180/Controls/MT 161/Bioptigen/BASELINE - 3-10-15/BIOPTIGEN/OD/MT-161_OD_L_2_0_REGAVG0000011.BMP,MT161,MT161_OD,OD,1,Young Male,Controls,0,90.0,90.0,0.0,Male,REGAVG,Right Eye,baseline,180.0,BASELINE - 3-10-15,day_0,90.0,0
data/Cohort_1/Day 180/Controls/MT 161/Bioptigen/BASELINE - 3-10-15/BIOPTIGEN/OS/MT-161_OS_L_2_0_BScanThumb_0000022.BMP,MT161,MT161_OS,OS,1,Young Male,Controls,0,90.0,90.0,0.0,Male,BScanThumb,Right Eye,baseline,180.0,BASELINE - 3-10-15,day_0,90.0,0
data/Cohort_1/Day 180/Controls/MT 161/Bioptigen/BASELINE - 3-10-15/BIOPTIGEN/OS/MT-161_OS_L_2_0_BScanThumb_0000026.BMP,MT161,MT161_OS,OS,1,Young Male,Controls,0,90.0,90.0,0.0,Male,BScanThumb,Right Eye,baseline,180.0,BASELINE - 3-10-15,day_0,90.0,0
data/Cohort_1/Day 180/Controls/MT 161/Bioptigen/BASELINE - 3-10-15/BIOPTIGEN/OS/MT-161_OS_V_3x3_0_BScanThumb_0000017.BMP,MT161,MT161_OS,OS,1,Young Male,Controls,0,90.0,90.0,0.0,Male,BScanThumb,Right Eye,baseline,180.0,BASELINE - 3-10-15,day_0,90.0,0
data/Cohort_1/Day 180/Controls/MT 161/Bioptigen/BASELINE - 3-10-15/BIOPTIGEN/OS/MT-161_OS_L_2_0_REGAVG0000027.BMP,MT161,MT161_OS,OS,1,Young Male,Controls,0,90.0,90.0,0.0,Male,REGAVG,Right Eye,baseline,180.0,BASELINE - 3-10-15,day_0,90.0,0
data/Cohort_1/Day 180/Controls/MT 161/Bioptigen/End HSL 10-5-15/OD/MT-161_OD_L_2_0_BScanThumb_0000038.BMP,MT161,MT161_OD,OD,1,Young Male,Controls,90,270.0,90.0,180.0,Male,BScanThumb,Right Eye,end_hls,180.0,End HSL 10-5-15,day_90,180.0,0
data/Cohort_1/Day 180/Controls/MT 161/Bioptigen/End HSL 10-5-15/OD/MT-161_OD_L_2_0_BScanThumb_0000042.BMP,MT161,MT161_OD,OD,1,Young Male,Controls,90,270.0,90.0,180.0,Male,BScanThumb,Right Eye,end_hls,180.0,End HSL 10-5-15,day_90,180.0,0
data/Cohort_1/Day 180/Controls/MT 161/Bioptigen/End HSL 10-5-15/OD/MT-161_OD_V_3x3_0_BScanThumb_0000033.BMP,MT161,MT161_OD,OD,1,Young Male,Controls,90,270.0,90.0,180.0,Male,BScanThumb,Right Eye,end_hls,180.0,End HSL 10-5-15,day_90,180.0,0
data/Cohort_1/Day 180/Controls/MT 161/Bioptigen/End HSL 10-5-15/OD/MT-161_OD_L_2_0_REGAVG0000039.BMP,MT161,MT161_OD,OD,1,Young Male,Controls,90,270.0,90.0,180.0,Male,REGAVG,Right Eye,end_hls,180.0,End HSL 10-5-15,day_90,180.0,0
data/Cohort_1/Day 180/Controls/MT 161/Bioptigen/End HSL 10-5-15/OS/MT-161_OS_L_2_0_BScanThumb_0000051.BMP,MT161,MT161_OS,OS,1,Young Male,Controls,90,270.0,90.0,180.0,Male,BScanThumb,Right Eye,end_hls,180.0,End HSL 10-5-15,day_90,180.0,0
data/Cohort_1/Day 180/Controls/MT 161/Bioptigen/End HSL 10-5-15/OS/MT-161_OS_L_2_0_BScanThumb_0000055.BMP,MT161,MT161_OS,OS,1,Young Male,Controls,90,270.0,90.0,180.0,Male,BScanThumb,Right Eye,end_hls,180.0,End HSL 10-5-15,day_90,180.0,0
data/Cohort_1/Day 180/Controls/MT 161/Bioptigen/End HSL 10-5-15/OS/MT-161_OS_V_3x3_0_BScanThumb_0000046.BMP,MT161,MT161_OS,OS,1,Young Male,Controls,90,270.0,90.0,180.0,Male,BScanThumb,Right Eye,end_hls,180.0,End HSL 10-5-15,day_90,180.0,0
data/Cohort_1/Day 180/Controls/MT 161/Bioptigen/End HSL 10-5-15/OS/MT-161_OS_L_2_0_REGAVG0000052.BMP,MT161,MT161_OS,OS,1,Young Male,Controls,90,270.0,90.0,180.0,Male,REGAVG,Right Eye,end_hls,180.0,End HSL 10-5-15,day_90,180.0,0
data/Cohort_1/Day 180/Controls/MT 161/Bioptigen/End HSL 10-5-15/OS/MT-161_OS_L_2_0_REGAVG0000056.BMP,MT161,MT161_OS,OS,1,Young Male,Controls,90,270.0,90.0,180.0,Male,REGAVG,Right Eye,end_hls,180.0,End HSL 10-5-15,day_90,180.0,0
data/Cohort_1/Day 28/Controls/MT 18/Bioptigen/Baseline/OD/18_OD_A_0x3_0_BScanThumb_0000021.BMP,MT18,MT18_OD,OD,1,Young Male,Controls,0,90.0,90.0,0.0,Male,BScanThumb,Right Eye,baseline,28.0,Baseline,day_0,90.0,1
data/Cohort_1/Day 28/Controls/MT 18/Bioptigen/Baseline/OD/18_OD_L_3_0_BScanThumb_0000025.BMP,MT18,MT18_OD,OD,1,Young Male,Controls,0,90.0,90.0,0.0,Male,BScanThumb,Right Eye,baseline,28.0,Baseline,day_0,90.0,1
data/Cohort_1/Day 28/Controls/MT 18/Bioptigen/Baseline/OD/18_OD_R_3_0_BScanThumb_0000009.BMP,MT18,MT18_OD,OD,1,Young Male,Controls,0,90.0,90.0,0.0,Male,BScanThumb,Right Eye,baseline,28.0,Baseline,day_0,90.0,1
data/Cohort_1/Day 28/Controls/MT 18/Bioptigen/Baseline/OD/18_OD_V_1x1_0_BScanThumb_0000017.BMP,MT18,MT18_OD,OD,1,Young Male,Controls,0,90.0,90.0,0.0,Male,BScanThumb,Right Eye,baseline,28.0,Baseline,day_0,90.0,1
data/Cohort_1/Day 28/Controls/MT 18/Bioptigen/Baseline/OD/18_OD_V_3x3_0_BScanThumb_0000001.BMP,MT18,MT18_OD,OD,1,Young Male,Controls,0,90.0,90.0,0.0,Male,BScanThumb,Right Eye,baseline,28.0,Baseline,day_0,90.0,1
data/Cohort_1/Day 28/Controls/MT 18/Bioptigen/Baseline/OD/18_OD_V_3x3_0_BScanThumb_0000005.BMP,MT18,MT18_OD,OD,1,Young Male,Controls,0,90.0,90.0,0.0,Male,BScanThumb,Right Eye,baseline,28.0,Baseline,day_0,90.0,1
data/Cohort_1/Day 28/Controls/MT 18/Bioptigen/Baseline/OD/18_OD_V_3x3_0_BScanThumb_0000013.BMP,MT18,MT18_OD,OD,1,Young Male,Controls,0,90.0,90.0,0.0,Male,BScanThumb,Right Eye,baseline,28.0,Baseline,day_0,90.0,1
data/Cohort_1/Day 28/Controls/MT 18/Bioptigen/Baseline/OS/18_OS_A_0x3_0_BScanThumb_0000036.BMP,MT18,MT18_OS,OS,1,Young Male,Controls,0,90.0,90.0,0.0,Male,BScanThumb,Right Eye,baseline,28.0,Baseline,day_0,90.0,1
data/Cohort_1/Day 28/Controls/MT 18/Bioptigen/Baseline/OS/18_OS_L_3_0_BScanThumb_0000040.BMP,MT18,MT18_OS,OS,1,Young Male,Controls,0,90.0,90.0,0.0,Male,BScanThumb,Right Eye,baseline,28.0,Baseline,day_0,90.0,1
data/Cohort_1/Day 28/Controls/MT 18/Bioptigen/Baseline/OS/18_OS_R_3_0_BScanThumb_0000043.BMP,MT18,MT18_OS,OS,1,Young Male,Controls,0,90.0,90.0,0.0,Male,BScanThumb,Right Eye,baseline,28.0,Baseline,day_0,90.0,1
data/Cohort_1/Day 28/Controls/MT 18/Bioptigen/Baseline/OS/18_OS_V_1x1_0_BScanThumb_0000051.BMP,MT18,MT18_OS,OS,1,Young Male,Controls,0,90.0,90.0,0.0,Male,BScanThumb,Right Eye,baseline,28.0,Baseline,day_0,90.0,1
data/Cohort_1/Day 28/Controls/MT 18/Bioptigen/Baseline/OS/18_OS_V_3x3_0_BScanThumb_0000028.BMP,MT18,MT18_OS,OS,1,Young Male,Controls,0,90.0,90.0,0.0,Male,BScanThumb,Right Eye,baseline,28.0,Baseline,day_0,90.0,1
data/Cohort_1/Day 28/Controls/MT 18/Bioptigen/Baseline/OS/18_OS_V_3x3_0_BScanThumb_0000032.BMP,MT18,MT18_OS,OS,1,Young Male,Controls,0,90.0,90.0,0.0,Male,BScanThumb,Right Eye,baseline,28.0,Baseline,day_0,90.0,1
data/Cohort_1/Day 28/Controls/MT 18/Bioptigen/Baseline/OS/18_OS_V_3x3_0_BScanThumb_0000047.BMP,MT18,MT18_OS,OS,1,Young Male,Controls,0,90.0,90.0,0.0,Male,BScanThumb,Right Eye,baseline,28.0,Baseline,day_0,90.0,1
data/Cohort_1/Day 118/Controls/MT 24/Bioptigen/Baseline/OD/24_OD_A_0x3_0_BScanThumb_0000021.BMP,MT24,MT24_OD,OD,1,Young Male,Controls,0,90.0,90.0,0.0,Male,BScanThumb,Left Eye,baseline,118.0,Baseline,day_0,90.0,1
data/Cohort_1/Day 118/Controls/MT 24/Bioptigen/Baseline/OD/24_OD_L_3_0_BScanThumb_0000025.BMP,MT24,MT24_OD,OD,1,Young Male,Controls,0,90.0,90.0,0.0,Male,BScanThumb,Left Eye,baseline,118.0,Baseline,day_0,90.0,1
data/Cohort_1/Day 118/Controls/MT 24/Bioptigen/Baseline/OD/24_OD_R_3_0_BScanThumb_0000009.BMP,MT24,MT24_OD,OD,1,Young Male,Controls,0,90.0,90.0,0.0,Male,BScanThumb,Left Eye,baseline,118.0,Baseline,day_0,90.0,1
data/Cohort_1/Day 118/Controls/MT 24/Bioptigen/Baseline/OD/24_OD_V_1x1_0_BScanThumb_0000028.BMP,MT24,MT24_OD,OD,1,Young Male,Controls,0,90.0,90.0,0.0,Male,BScanThumb,Left Eye,baseline,118.0,Baseline,day_0,90.0,1
data/Cohort_1/Day 118/Controls/MT 24/Bioptigen/Baseline/OD/24_OD_V_3x3_0_BScanThumb_0000001.BMP,MT24,MT24_OD,OD,1,Young Male,Controls,0,90.0,90.0,0.0,Male,BScanThumb,Left Eye,baseline,118.0,Baseline,day_0,90.0,1
data/Cohort_1/Day 118/Controls/MT 24/Bioptigen/Baseline/OD/24_OD_V_3x3_0_BScanThumb_0000005.BMP,MT24,MT24_OD,OD,1,Young Male,Controls,0,90.0,90.0,0.0,Male,BScanThumb,Left Eye,baseline,118.0,Baseline,day_0,90.0,1
data/Cohort_1/Day 118/Controls/MT 24/Bioptigen/Baseline/OD/24_OD_V_3x3_0_BScanThumb_0000013.BMP,MT24,MT24_OD,OD,1,Young Male,Controls,0,90.0,90.0,0.0,Male,BScanThumb,Left Eye,baseline,118.0,Baseline,day_0,90.0,1
data/Cohort_1/Day 118/Controls/MT 24/Bioptigen/Baseline/OD/24_OD_V_3x3_0_BScanThumb_0000017.BMP,MT24,MT24_OD,OD,1,Young Male,Controls,0,90.0,90.0,0.0,Male,BScanThumb,Left Eye,baseline,118.0,Baseline,day_0,90.0,1
data/Cohort_1/Day 118/Controls/MT 24/Bioptigen/Baseline/OD/24_OD_V_3x3_0_BScanThumb_0000032.BMP,MT24,MT24_OD,OD,1,Young Male,Controls,0,90.0,90.0,0.0,Male,BScanThumb,Left Eye,baseline,118.0,Baseline,day_0,90.0,1
data/Cohort_1/Day 118/Controls/MT 24/Bioptigen/Baseline/OS/24_OS_A_0x3_0_BScanThumb_0000059.BMP,MT24,MT24_OS,OS,1,Young Male,Controls,0,90.0,90.0,0.0,Male,BScanThumb,Left Eye,baseline,118.0,Baseline,day_0,90.0,1
data/Cohort_1/Day 118/Controls/MT 24/Bioptigen/Baseline/OS/24_OS_L_3_0_BScanThumb_0000040.BMP,MT24,MT24_OS,OS,1,Young Male,Controls,0,90.0,90.0,0.0,Male,BScanThumb,Left Eye,baseline,118.0,Baseline,day_0,90.0,1
data/Cohort_1/Day 118/Controls/MT 24/Bioptigen/Baseline/OS/24_OS_L_3_0_BScanThumb_0000067.BMP,MT24,MT24_OS,OS,1,Young Male,Controls,0,90.0,90.0,0.0,Male,BScanThumb,Left Eye,baseline,118.0,Baseline,day_0,90.0,1
data/Cohort_1/Day 118/Controls/MT 24/Bioptigen/Baseline/OS/24_OS_R_3_0_BScanThumb_0000063.BMP,MT24,MT24_OS,OS,1,Young Male,Controls,0,90.0,90.0,0.0,Male,BScanThumb,Left Eye,baseline,118.0,Baseline,day_0,90.0,1
data/Cohort_1/Day 118/Controls/MT 24/Bioptigen/Baseline/OS/24_OS_V_1x1_0_BScanThumb_0000051.BMP,MT24,MT24_OS,OS,1,Young Male,Controls,0,90.0,90.0,0.0,Male,BScanThumb,Left Eye,baseline,118.0,Baseline,day_0,90.0,1
data/Cohort_1/Day 118/Controls/MT 24/Bioptigen/Baseline/OS/24_OS_V_3x3_0_BScanThumb_0000036.BMP,MT24,MT24_OS,OS,1,Young Male,Controls,0,90.0,90.0,0.0,Male,BScanThumb,Left Eye,baseline,118.0,Baseline,day_0,90.0,1
data/Cohort_1/Day 118/Controls/MT 24/Bioptigen/Baseline/OS/24_OS_V_3x3_0_BScanThumb_0000043.BMP,MT24,MT24_OS,OS,1,Young Male,Controls,0,90.0,90.0,0.0,Male,BScanThumb,Left Eye,baseline,118.0,Baseline,day_0,90.0,1
data/Cohort_1/Day 118/Controls/MT 24/Bioptigen/Baseline/OS/24_OS_V_3x3_0_BScanThumb_0000047.BMP,MT24,MT24_OS,OS,1,Young Male,Controls,0,90.0,90.0,0.0,Male,BScanThumb,Left Eye,baseline,118.0,Baseline,day_0,90.0,1
data/Cohort_1/Day 118/Controls/MT 24/Bioptigen/Baseline/OS/24_OS_V_3x3_0_BScanThumb_0000055.BMP,MT24,MT24_OS,OS,1,Young Male,Controls,0,90.0,90.0,0.0,Male,BScanThumb,Left Eye,baseline,118.0,Baseline,day_0,90.0,1
data/Cohort_1/Day 104/Controls/MT 271/Bioptigen/BASELINE 4-8-16/OD/MT271_OD_L_2_0_BScanThumb_0000006.BMP,MT271,MT271_OD,OD,1,Young Male,Controls,0,90.0,90.0,0.0,Male,BScanThumb,Right Eye,baseline,104.0,BASELINE 4-8-16,day_0,90.0,0
data/Cohort_1/Day 104/Controls/MT 271/Bioptigen/BASELINE 4-8-16/OD/MT271_OD_L_2_0_BScanThumb_0000010.BMP,MT271,MT271_OD,OD,1,Young Male,Controls,0,90.0,90.0,0.0,Male,BScanThumb,Right Eye,baseline,104.0,BASELINE 4-8-16,day_0,90.0,0
data/Cohort_1/Day 104/Controls/MT 271/Bioptigen/BASELINE 4-8-16/OD/MT271_OD_V_3x3_0_BScanThumb_0000001.BMP,MT271,MT271_OD,OD,1,Young Male,Controls,0,90.0,90.0,0.0,Male,BScanThumb,Right Eye,baseline,104.0,BASELINE 4-8-16,day_0,90.0,0
data/Cohort_1/Day 104/Controls/MT 271/Bioptigen/BASELINE 4-8-16/OD/MT271_OD_L_2_0_REGAVG0000007.BMP,MT271,MT271_OD,OD,1,Young Male,Controls,0,90.0,90.0,0.0,Male,REGAVG,Right Eye,baseline,104.0,BASELINE 4-8-16,day_0,90.0,0
data/Cohort_1/Day 104/Controls/MT 271/Bioptigen/BASELINE 4-8-16/OD/MT271_OD_L_2_0_REGAVG0000011.BMP,MT271,MT271_OD,OD,1,Young Male,Controls,0,90.0,90.0,0.0,Male,REGAVG,Right Eye,baseline,104.0,BASELINE 4-8-16,day_0,90.0,0
data/Cohort_1/Day 104/Controls/MT 271/Bioptigen/BASELINE 4-8-16/OS/MT271_OS_L_2_0_BScanThumb_0000019.BMP,MT271,MT271_OS,OS,1,Young Male,Controls,0,90.0,90.0,0.0,Male,BScanThumb,Right Eye,baseline,104.0,BASELINE 4-8-16,day_0,90.0,0
data/Cohort_1/Day 104/Controls/MT 271/Bioptigen/BASELINE 4-8-16/OS/MT271_OS_L_2_0_BScanThumb_0000023.BMP,MT271,MT271_OS,OS,1,Young Male,Controls,0,90.0,90.0,0.0,Male,BScanThumb,Right Eye,baseline,104.0,BASELINE 4-8-16,day_0,90.0,0
data/Cohort_1/Day 104/Controls/MT 271/Bioptigen/BASELINE 4-8-16/OS/MT271_OS_V_3x3_0_BScanThumb_0000014.BMP,MT271,MT271_OS,OS,1,Young Male,Controls,0,90.0,90.0,0.0,Male,BScanThumb,Right Eye,baseline,104.0,BASELINE 4-8-16,day_0,90.0,0
data/Cohort_1/Day 104/Controls/MT 271/Bioptigen/BASELINE 4-8-16/OS/MT271_OS_L_2_0_REGAVG0000020.BMP,MT271,MT271_OS,OS,1,Young Male,Controls,0,90.0,90.0,0.0,Male,REGAVG,Right Eye,baseline,104.0,BASELINE 4-8-16,day_0,90.0,0
data/Cohort_1/Day 104/Controls/MT 271/Bioptigen/BASELINE 4-8-16/OS/MT271_OS_L_2_0_REGAVG0000024.BMP,MT271,MT271_OS,OS,1,Young Male,Controls,0,90.0,90.0,0.0,Male,REGAVG,Right Eye,baseline,104.0,BASELINE 4-8-16,day_0,90.0,0
data/Cohort_1/Day 104/Controls/MT 271/Bioptigen/End HLS/OD/MT271_OD_L_2_0_BScanThumb_0000044.BMP,MT271,MT271_OD,OD,1,Young Male,Controls,90,194.0,90.0,104.0,Male,BScanThumb,Right Eye,end_hls,104.0,End HLS,day_90,180.0,0
data/Cohort_1/Day 104/Controls/MT 271/Bioptigen/End HLS/OD/MT271_OD_L_2_0_BScanThumb_0000051.BMP,MT271,MT271_OD,OD,1,Young Male,Controls,90,194.0,90.0,104.0,Male,BScanThumb,Right Eye,end_hls,104.0,End HLS,day_90,180.0,0
data/Cohort_1/Day 104/Controls/MT 271/Bioptigen/End HLS/OD/MT271_OD_V_3x3_0_BScanThumb_0000039.BMP,MT271,MT271_OD,OD,1,Young Male,Controls,90,194.0,90.0,104.0,Male,BScanThumb,Right Eye,end_hls,104.0,End HLS,day_90,180.0,0
data/Cohort_1/Day 104/Controls/MT 271/Bioptigen/End HLS/OD/MT271_OD_L_2_0_REGAVG0000045.BMP,MT271,MT271_OD,OD,1,Young Male,Controls,90,194.0,90.0,104.0,Male,REGAVG,Right Eye,end_hls,104.0,End HLS,day_90,180.0,0
data/Cohort_1/Day 104/Controls/MT 271/Bioptigen/End HLS/OD/MT271_OD_L_2_0_REGAVG0000052.BMP,MT271,MT271_OD,OD,1,Young Male,Controls,90,194.0,90.0,104.0,Male,REGAVG,Right Eye,end_hls,104.0,End HLS,day_90,180.0,0
data/Cohort_1/Day 104/Controls/MT 271/Bioptigen/End HLS/OS/MT271_OS_L_2_0_BScanThumb_0000063.BMP,MT271,MT271_OS,OS,1,Young Male,Controls,90,194.0,90.0,104.0,Male,BScanThumb,Right Eye,end_hls,104.0,End HLS,day_90,180.0,0
data/Cohort_1/Day 104/Controls/MT 271/Bioptigen/End HLS/OS/MT271_OS_L_2_0_BScanThumb_0000067.BMP,MT271,MT271_OS,OS,1,Young Male,Controls,90,194.0,90.0,104.0,Male,BScanThumb,Right Eye,end_hls,104.0,End HLS,day_90,180.0,0
data/Cohort_1/Day 104/Controls/MT 271/Bioptigen/End HLS/OS/MT271_OS_V_3x3_0_BScanThumb_0000058.BMP,MT271,MT271_OS,OS,1,Young Male,Controls,90,194.0,90.0,104.0,Male,BScanThumb,Right Eye,end_hls,104.0,End HLS,day_90,180.0,0
data/Cohort_1/Day 104/Controls/MT 271/Bioptigen/End HLS/OS/MT271_OS_L_2_0_REGAVG0000064.BMP,MT271,MT271_OS,OS,1,Young Male,Controls,90,194.0,90.0,104.0,Male,REGAVG,Right Eye,end_hls,104.0,End HLS,day_90,180.0,0
data/Cohort_1/Day 104/Controls/MT 271/Bioptigen/End HLS/OS/MT271_OS_L_2_0_REGAVG0000068.BMP,MT271,MT271_OS,OS,1,Young Male,Controls,90,194.0,90.0,104.0,Male,REGAVG,Right Eye,end_hls,104.0,End HLS,day_90,180.0,0
data/Cohort_1/Day 104/Controls/MT 272/Bioptigen/BASELINE 4-8-16/OD/MT272_OD_L_2_0_BScanThumb_0000006.BMP,MT272,MT272_OD,OD,1,Young Male,Controls,0,90.0,90.0,0.0,Male,BScanThumb,Right Eye,baseline,104.0,BASELINE 4-8-16,day_0,90.0,1
data/Cohort_1/Day 104/Controls/MT 272/Bioptigen/BASELINE 4-8-16/OD/MT272_OD_L_2_0_BScanThumb_0000010.BMP,MT272,MT272_OD,OD,1,Young Male,Controls,0,90.0,90.0,0.0,Male,BScanThumb,Right Eye,baseline,104.0,BASELINE 4-8-16,day_0,90.0,1
data/Cohort_1/Day 104/Controls/MT 272/Bioptigen/BASELINE 4-8-16/OD/MT272_OD_V_3x3_0_BScanThumb_0000001.BMP,MT272,MT272_OD,OD,1,Young Male,Controls,0,90.0,90.0,0.0,Male,BScanThumb,Right Eye,baseline,104.0,BASELINE 4-8-16,day_0,90.0,1
data/Cohort_1/Day 104/Controls/MT 272/Bioptigen/BASELINE 4-8-16/OD/MT272_OD_L_2_0_REGAVG0000007.BMP,MT272,MT272_OD,OD,1,Young Male,Controls,0,90.0,90.0,0.0,Male,REGAVG,Right Eye,baseline,104.0,BASELINE 4-8-16,day_0,90.0,1
data/Cohort_1/Day 104/Controls/MT 272/Bioptigen/BASELINE 4-8-16/OD/MT272_OD_L_2_0_REGAVG0000011.BMP,MT272,MT272_OD,OD,1,Young Male,Controls,0,90.0,90.0,0.0,Male,REGAVG,Right Eye,baseline,104.0,BASELINE 4-8-16,day_0,90.0,1
data/Cohort_1/Day 104/Controls/MT 272/Bioptigen/BASELINE 4-8-16/OS/MT272_OS_L_2_0_BScanThumb_0000022.BMP,MT272,MT272_OS,OS,1,Young Male,Controls,0,90.0,90.0,0.0,Male,BScanThumb,Right Eye,baseline,104.0,BASELINE 4-8-16,day_0,90.0,1
data/Cohort_1/Day 104/Controls/MT 272/Bioptigen/BASELINE 4-8-16/OS/MT272_OS_L_2_0_BScanThumb_0000026.BMP,MT272,MT272_OS,OS,1,Young Male,Controls,0,90.0,90.0,0.0,Male,BScanThumb,Right Eye,baseline,104.0,BASELINE 4-8-16,day_0,90.0,1
data/Cohort_1/Day 104/Controls/MT 272/Bioptigen/BASELINE 4-8-16/OS/MT272_OS_V_3x3_0_BScanThumb_0000017.BMP,MT272,MT272_OS,OS,1,Young Male,Controls,0,90.0,90.0,0.0,Male,BScanThumb,Right Eye,baseline,104.0,BASELINE 4-8-16,day_0,90.0,1
data/Cohort_1/Day 104/Controls/MT 272/Bioptigen/BASELINE 4-8-16/OS/MT272_OS_L_2_0_REGAVG0000023.BMP,MT272,MT272_OS,OS,1,Young Male,Controls,0,90.0,90.0,0.0,Male,REGAVG,Right Eye,baseline,104.0,BASELINE 4-8-16,day_0,90.0,1
data/Cohort_1/Day 104/Controls/MT 272/Bioptigen/BASELINE 4-8-16/OS/MT272_OS_L_2_0_REGAVG0000027.BMP,MT272,MT272_OS,OS,1,Young Male,Controls,0,90.0,90.0,0.0,Male,REGAVG,Right Eye,baseline,104.0,BASELINE 4-8-16,day_0,90.0,1
data/Cohort_1/Day 104/Controls/MT 272/Bioptigen/End HLS/OD/MT272_OD_L_2_0_BScanThumb_0000044.BMP,MT272,MT272_OD,OD,1,Young Male,Controls,90,194.0,90.0,104.0,Male,BScanThumb,Right Eye,end_hls,104.0,End HLS,day_90,180.0,1
data/Cohort_1/Day 104/Controls/MT 272/Bioptigen/End HLS/OD/MT272_OD_L_2_0_BScanThumb_0000048.BMP,MT272,MT272_OD,OD,1,Young Male,Controls,90,194.0,90.0,104.0,Male,BScanThumb,Right Eye,end_hls,104.0,End HLS,day_90,180.0,1
data/Cohort_1/Day 104/Controls/MT 272/Bioptigen/End HLS/OD/MT272_OD_V_3x3_0_BScanThumb_0000039.BMP,MT272,MT272_OD,OD,1,Young Male,Controls,90,194.0,90.0,104.0,Male,BScanThumb,Right Eye,end_hls,104.0,End HLS,day_90,180.0,1
data/Cohort_1/Day 104/Controls/MT 272/Bioptigen/End HLS/OD/MT272_OD_L_2_0_REGAVG0000045.BMP,MT272,MT272_OD,OD,1,Young Male,Controls,90,194.0,90.0,104.0,Male,REGAVG,Right Eye,end_hls,104.0,End HLS,day_90,180.0,1
data/Cohort_1/Day 104/Controls/MT 272/Bioptigen/End HLS/OD/MT272_OD_L_2_0_REGAVG0000049.BMP,MT272,MT272_OD,OD,1,Young Male,Controls,90,194.0,90.0,104.0,Male,REGAVG,Right Eye,end_hls,104.0,End HLS,day_90,180.0,1
data/Cohort_1/Day 104/Controls/MT 272/Bioptigen/End HLS/OS/MT272_OS_L_2_0_BScanThumb_0000057.BMP,MT272,MT272_OS,OS,1,Young Male,Controls,90,194.0,90.0,104.0,Male,BScanThumb,Right Eye,end_hls,104.0,End HLS,day_90,180.0,1
data/Cohort_1/Day 104/Controls/MT 272/Bioptigen/End HLS/OS/MT272_OS_L_2_0_BScanThumb_0000060.BMP,MT272,MT272_OS,OS,1,Young Male,Controls,90,194.0,90.0,104.0,Male,BScanThumb,Right Eye,end_hls,104.0,End HLS,day_90,180.0,1
data/Cohort_1/Day 104/Controls/MT 272/Bioptigen/End HLS/OS/MT272_OS_V_3x3_0_BScanThumb_0000052.BMP,MT272,MT272_OS,OS,1,Young Male,Controls,90,194.0,90.0,104.0,Male,BScanThumb,Right Eye,end_hls,104.0,End HLS,day_90,180.0,1
data/Cohort_1/Day 104/Controls/MT 272/Bioptigen/End HLS/OS/MT272_OS_L_2_0_REGAVG0000058.BMP,MT272,MT272_OS,OS,1,Young Male,Controls,90,194.0,90.0,104.0,Male,REGAVG,Right Eye,end_hls,104.0,End HLS,day_90,180.0,1
data/Cohort_1/Day 104/Controls/MT 272/Bioptigen/End HLS/OS/MT272_OS_L_2_0_REGAVG0000061.BMP,MT272,MT272_OS,OS,1,Young Male,Controls,90,194.0,90.0,104.0,Male,REGAVG,Right Eye,end_hls,104.0,End HLS,day_90,180.0,1
data/Cohort_1/Day 104/Controls/MT 273/Bioptigen/BASELINE 4-8-16/OD/MT273_OS_L_2_0_BScanThumb_0000022.BMP,MT273,MT273_OD,OD,1,Young Male,Controls,0,90.0,90.0,0.0,Male,BScanThumb,Right Eye,baseline,104.0,BASELINE 4-8-16,day_0,90.0,2
data/Cohort_1/Day 104/Controls/MT 273/Bioptigen/BASELINE 4-8-16/OD/MT273_OS_L_2_0_BScanThumb_0000026.BMP,MT273,MT273_OD,OD,1,Young Male,Controls,0,90.0,90.0,0.0,Male,BScanThumb,Right Eye,baseline,104.0,BASELINE 4-8-16,day_0,90.0,2
data/Cohort_1/Day 104/Controls/MT 273/Bioptigen/BASELINE 4-8-16/OD/MT273_OS_V_3x3_0_BScanThumb_0000017.BMP,MT273,MT273_OD,OD,1,Young Male,Controls,0,90.0,90.0,0.0,Male,BScanThumb,Right Eye,baseline,104.0,BASELINE 4-8-16,day_0,90.0,2
data/Cohort_1/Day 104/Controls/MT 273/Bioptigen/BASELINE 4-8-16/OD/MT273_OS_L_2_0_REGAVG0000023.BMP,MT273,MT273_OD,OD,1,Young Male,Controls,0,90.0,90.0,0.0,Male,REGAVG,Right Eye,baseline,104.0,BASELINE 4-8-16,day_0,90.0,2
data/Cohort_1/Day 104/Controls/MT 273/Bioptigen/BASELINE 4-8-16/OD/MT273_OS_L_2_0_REGAVG0000027.BMP,MT273,MT273_OD,OD,1,Young Male,Controls,0,90.0,90.0,0.0,Male,REGAVG,Right Eye,baseline,104.0,BASELINE 4-8-16,day_0,90.0,2
data/Cohort_1/Day 104/Controls/MT 273/Bioptigen/BASELINE 4-8-16/OS/MT273_OD_L_2_0_BScanThumb_0000006.BMP,MT273,MT273_OS,OS,1,Young Male,Controls,0,90.0,90.0,0.0,Male,BScanThumb,Right Eye,baseline,104.0,BASELINE 4-8-16,day_0,90.0,2
data/Cohort_1/Day 104/Controls/MT 273/Bioptigen/BASELINE 4-8-16/OS/MT273_OD_L_2_0_BScanThumb_0000010.BMP,MT273,MT273_OS,OS,1,Young Male,Controls,0,90.0,90.0,0.0,Male,BScanThumb,Right Eye,baseline,104.0,BASELINE 4-8-16,day_0,90.0,2
data/Cohort_1/Day 104/Controls/MT 273/Bioptigen/BASELINE 4-8-16/OS/MT273_OD_V_3x3_0_BScanThumb_0000001.BMP,MT273,MT273_OS,OS,1,Young Male,Controls,0,90.0,90.0,0.0,Male,BScanThumb,Right Eye,baseline,104.0,BASELINE 4-8-16,day_0,90.0,2
data/Cohort_1/Day 104/Controls/MT 273/Bioptigen/BASELINE 4-8-16/OS/MT273_OD_L_2_0_REGAVG0000007.BMP,MT273,MT273_OS,OS,1,Young Male,Controls,0,90.0,90.0,0.0,Male,REGAVG,Right Eye,baseline,104.0,BASELINE 4-8-16,day_0,90.0,2
data/Cohort_1/Day 104/Controls/MT 273/Bioptigen/BASELINE 4-8-16/OS/MT273_OD_L_2_0_REGAVG0000011.BMP,MT273,MT273_OS,OS,1,Young Male,Controls,0,90.0,90.0,0.0,Male,REGAVG,Right Eye,baseline,104.0,BASELINE 4-8-16,day_0,90.0,2
data/Cohort_1/Day 104/Controls/MT 273/Bioptigen/End HLS/OD/MT273_OD_L_2_0_BScanThumb_0000044.BMP,MT273,MT273_OD,OD,1,Young Male,Controls,90,194.0,90.0,104.0,Male,BScanThumb,Right Eye,end_hls,104.0,End HLS,day_90,180.0,2
data/Cohort_1/Day 104/Controls/MT 273/Bioptigen/End HLS/OD/MT273_OD_L_2_0_BScanThumb_0000048.BMP,MT273,MT273_OD,OD,1,Young Male,Controls,90,194.0,90.0,104.0,Male,BScanThumb,Right Eye,end_hls,104.0,End HLS,day_90,180.0,2
data/Cohort_1/Day 104/Controls/MT 273/Bioptigen/End HLS/OD/MT273_OD_V_3x3_0_BScanThumb_0000039.BMP,MT273,MT273_OD,OD,1,Young Male,Controls,90,194.0,90.0,104.0,Male,BScanThumb,Right Eye,end_hls,104.0,End HLS,day_90,180.0,2
data/Cohort_1/Day 104/Controls/MT 273/Bioptigen/End HLS/OD/MT273_OD_L_2_0_REGAVG0000045.BMP,MT273,MT273_OD,OD,1,Young Male,Controls,90,194.0,90.0,104.0,Male,REGAVG,Right Eye,end_hls,104.0,End HLS,day_90,180.0,2
data/Cohort_1/Day 104/Controls/MT 273/Bioptigen/End HLS/OD/MT273_OD_L_2_0_REGAVG0000049.BMP,MT273,MT273_OD,OD,1,Young Male,Controls,90,194.0,90.0,104.0,Male,REGAVG,Right Eye,end_hls,104.0,End HLS,day_90,180.0,2
data/Cohort_1/Day 104/Controls/MT 273/Bioptigen/End HLS/OS/MT273_OS_L_2_0_BScanThumb_0000057.BMP,MT273,MT273_OS,OS,1,Young Male,Controls,90,194.0,90.0,104.0,Male,BScanThumb,Right Eye,end_hls,104.0,End HLS,day_90,180.0,2
data/Cohort_1/Day 104/Controls/MT 273/Bioptigen/End HLS/OS/MT273_OS_L_2_0_BScanThumb_0000061.BMP,MT273,MT273_OS,OS,1,Young Male,Controls,90,194.0,90.0,104.0,Male,BScanThumb,Right Eye,end_hls,104.0,End HLS,day_90,180.0,2
data/Cohort_1/Day 104/Controls/MT 273/Bioptigen/End HLS/OS/MT273_OS_V_3x3_0_BScanThumb_0000052.BMP,MT273,MT273_OS,OS,1,Young Male,Controls,90,194.0,90.0,104.0,Male,BScanThumb,Right Eye,end_hls,104.0,End HLS,day_90,180.0,2
data/Cohort_1/Day 104/Controls/MT 273/Bioptigen/End HLS/OS/MT273_OS_L_2_0_REGAVG0000058.BMP,MT273,MT273_OS,OS,1,Young Male,Controls,90,194.0,90.0,104.0,Male,REGAVG,Right Eye,end_hls,104.0,End HLS,day_90,180.0,2
data/Cohort_1/Day 104/Controls/MT 273/Bioptigen/End HLS/OS/MT273_OS_L_2_0_REGAVG0000062.BMP,MT273,MT273_OS,OS,1,Young Male,Controls,90,194.0,90.0,104.0,Male,REGAVG,Right Eye,end_hls,104.0,End HLS,day_90,180.0,2
data/Cohort_1/Day 104/Controls/MT 274/Bioptigen/BASELINE 4-8-16/OD/MT274_OD_L_2_0_BScanThumb_0000011.BMP,MT274,MT274_OD,OD,1,Young Male,Controls,0,90.0,90.0,0.0,Male,BScanThumb,Right Eye,baseline,104.0,BASELINE 4-8-16,day_0,90.0,0
data/Cohort_1/Day 104/Controls/MT 274/Bioptigen/BASELINE 4-8-16/OD/MT274_OD_L_2_0_BScanThumb_0000015.BMP,MT274,MT274_OD,OD,1,Young Male,Controls,0,90.0,90.0,0.0,Male,BScanThumb,Right Eye,baseline,104.0,BASELINE 4-8-16,day_0,90.0,0
data/Cohort_1/Day 104/Controls/MT 274/Bioptigen/BASELINE 4-8-16/OD/MT274_OD_V_3x3_0_BScanThumb_0000001.BMP,MT274,MT274_OD,OD,1,Young Male,Controls,0,90.0,90.0,0.0,Male,BScanThumb,Right Eye,baseline,104.0,BASELINE 4-8-16,day_0,90.0,0
data/Cohort_1/Day 104/Controls/MT 274/Bioptigen/BASELINE 4-8-16/OD/MT274_OD_V_3x3_0_BScanThumb_0000006.BMP,MT274,MT274_OD,OD,1,Young Male,Controls,0,90.0,90.0,0.0,Male,BScanThumb,Right Eye,baseline,104.0,BASELINE 4-8-16,day_0,90.0,0
data/Cohort_1/Day 104/Controls/MT 274/Bioptigen/BASELINE 4-8-16/OD/MT274_OD_L_2_0_REGAVG0000012.BMP,MT274,MT274_OD,OD,1,Young Male,Controls,0,90.0,90.0,0.0,Male,REGAVG,Right Eye,baseline,104.0,BASELINE 4-8-16,day_0,90.0,0
data/Cohort_1/Day 104/Controls/MT 274/Bioptigen/BASELINE 4-8-16/OD/MT274_OD_L_2_0_REGAVG0000016.BMP,MT274,MT274_OD,OD,1,Young Male,Controls,0,90.0,90.0,0.0,Male,REGAVG,Right Eye,baseline,104.0,BASELINE 4-8-16,day_0,90.0,0
data/Cohort_1/Day 104/Controls/MT 274/Bioptigen/BASELINE 4-8-16/OS/MT274_OS_L_2_0_BScanThumb_0000024.BMP,MT274,MT274_OS,OS,1,Young Male,Controls,0,90.0,90.0,0.0,Male,BScanThumb,Right Eye,baseline,104.0,BASELINE 4-8-16,day_0,90.0,0
data/Cohort_1/Day 104/Controls/MT 274/Bioptigen/BASELINE 4-8-16/OS/MT274_OS_V_3x3_0_BScanThumb_0000019.BMP,MT274,MT274_OS,OS,1,Young Male,Controls,0,90.0,90.0,0.0,Male,BScanThumb,Right Eye,baseline,104.0,BASELINE 4-8-16,day_0,90.0,0
data/Cohort_1/Day 104/Controls/MT 274/Bioptigen/BASELINE 4-8-16/OS/MT274_OS_L_2_0_REGAVG0000025.BMP,MT274,MT274_OS,OS,1,Young Male,Controls,0,90.0,90.0,0.0,Male,REGAVG,Right Eye,baseline,104.0,BASELINE 4-8-16,day_0,90.0,0
data/Cohort_1/Day 104/Controls/MT 274/Bioptigen/End HLS/OD/MT274_OD_L_2_0_BScanThumb_0000042.BMP,MT274,MT274_OD,OD,1,Young Male,Controls,90,194.0,90.0,104.0,Male,BScanThumb,Right Eye,end_hls,104.0,End HLS,day_90,180.0,0
data/Cohort_1/Day 104/Controls/MT 274/Bioptigen/End HLS/OD/MT274_OD_L_2_0_BScanThumb_0000046.BMP,MT274,MT274_OD,OD,1,Young Male,Controls,90,194.0,90.0,104.0,Male,BScanThumb,Right Eye,end_hls,104.0,End HLS,day_90,180.0,0
data/Cohort_1/Day 104/Controls/MT 274/Bioptigen/End HLS/OD/MT274_OD_V_3x3_0_BScanThumb_0000037.BMP,MT274,MT274_OD,OD,1,Young Male,Controls,90,194.0,90.0,104.0,Male,BScanThumb,Right Eye,end_hls,104.0,End HLS,day_90,180.0,0
data/Cohort_1/Day 104/Controls/MT 274/Bioptigen/End HLS/OD/MT274_OD_L_2_0_REGAVG0000043.BMP,MT274,MT274_OD,OD,1,Young Male,Controls,90,194.0,90.0,104.0,Male,REGAVG,Right Eye,end_hls,104.0,End HLS,day_90,180.0,0
data/Cohort_1/Day 104/Controls/MT 274/Bioptigen/End HLS/OD/MT274_OD_L_2_0_REGAVG0000047.BMP,MT274,MT274_OD,OD,1,Young Male,Controls,90,194.0,90.0,104.0,Male,REGAVG,Right Eye,end_hls,104.0,End HLS,day_90,180.0,0
data/Cohort_1/Day 104/Controls/MT 274/Bioptigen/End HLS/OS/MT274_OS_L_2_0_BScanThumb_0000055.BMP,MT274,MT274_OS,OS,1,Young Male,Controls,90,194.0,90.0,104.0,Male,BScanThumb,Right Eye,end_hls,104.0,End HLS,day_90,180.0,0
data/Cohort_1/Day 104/Controls/MT 274/Bioptigen/End HLS/OS/MT274_OS_L_2_0_BScanThumb_0000059.BMP,MT274,MT274_OS,OS,1,Young Male,Controls,90,194.0,90.0,104.0,Male,BScanThumb,Right Eye,end_hls,104.0,End HLS,day_90,180.0,0
data/Cohort_1/Day 104/Controls/MT 274/Bioptigen/End HLS/OS/MT274_OS_V_3x3_0_BScanThumb_0000050.BMP,MT274,MT274_OS,OS,1,Young Male,Controls,90,194.0,90.0,104.0,Male,BScanThumb,Right Eye,end_hls,104.0,End HLS,day_90,180.0,0
data/Cohort_1/Day 104/Controls/MT 274/Bioptigen/End HLS/OS/MT274_OS_L_2_0_REGAVG0000056.BMP,MT274,MT274_OS,OS,1,Young Male,Controls,90,194.0,90.0,104.0,Male,REGAVG,Right Eye,end_hls,104.0,End HLS,day_90,180.0,0
data/Cohort_1/Day 104/Controls/MT 274/Bioptigen/End HLS/OS/MT274_OS_L_2_0_REGAVG0000060.BMP,MT274,MT274_OS,OS,1,Young Male,Controls,90,194.0,90.0,104.0,Male,REGAVG,Right Eye,end_hls,104.0,End HLS,day_90,180.0,0
data/Cohort_1/Day 104/Controls/MT 275/Bioptigen/BASELINE 4-8-16/OD/MT275_OD_L_2_0_BScanThumb_0000006.BMP,MT275,MT275_OD,OD,1,Young Male,Controls,0,90.0,90.0,0.0,Male,BScanThumb,Right Eye,baseline,104.0,BASELINE 4-8-16,day_0,90.0,2
data/Cohort_1/Day 104/Controls/MT 275/Bioptigen/BASELINE 4-8-16/OD/MT275_OD_L_2_0_BScanThumb_0000010.BMP,MT275,MT275_OD,OD,1,Young Male,Controls,0,90.0,90.0,0.0,Male,BScanThumb,Right Eye,baseline,104.0,BASELINE 4-8-16,day_0,90.0,2
data/Cohort_1/Day 104/Controls/MT 275/Bioptigen/BASELINE 4-8-16/OD/MT275_OD_V_3x3_0_BScanThumb_0000001.BMP,MT275,MT275_OD,OD,1,Young Male,Controls,0,90.0,90.0,0.0,Male,BScanThumb,Right Eye,baseline,104.0,BASELINE 4-8-16,day_0,90.0,2
data/Cohort_1/Day 104/Controls/MT 275/Bioptigen/BASELINE 4-8-16/OD/MT275_OD_L_2_0_REGAVG0000007.BMP,MT275,MT275_OD,OD,1,Young Male,Controls,0,90.0,90.0,0.0,Male,REGAVG,Right Eye,baseline,104.0,BASELINE 4-8-16,day_0,90.0,2
data/Cohort_1/Day 104/Controls/MT 275/Bioptigen/BASELINE 4-8-16/OD/MT275_OD_L_2_0_REGAVG0000011.BMP,MT275,MT275_OD,OD,1,Young Male,Controls,0,90.0,90.0,0.0,Male,REGAVG,Right Eye,baseline,104.0,BASELINE 4-8-16,day_0,90.0,2
data/Cohort_1/Day 104/Controls/MT 275/Bioptigen/BASELINE 4-8-16/OS/MT275_OS_L_2_0_BScanThumb_0000019.BMP,MT275,MT275_OS,OS,1,Young Male,Controls,0,90.0,90.0,0.0,Male,BScanThumb,Right Eye,baseline,104.0,BASELINE 4-8-16,day_0,90.0,2
data/Cohort_1/Day 104/Controls/MT 275/Bioptigen/BASELINE 4-8-16/OS/MT275_OS_L_2_0_BScanThumb_0000023.BMP,MT275,MT275_OS,OS,1,Young Male,Controls,0,90.0,90.0,0.0,Male,BScanThumb,Right Eye,baseline,104.0,BASELINE 4-8-16,day_0,90.0,2
data/Cohort_1/Day 104/Controls/MT 275/Bioptigen/BASELINE 4-8-16/OS/MT275_OS_V_3x3_0_BScanThumb_0000014.BMP,MT275,MT275_OS,OS,1,Young Male,Controls,0,90.0,90.0,0.0,Male,BScanThumb,Right Eye,baseline,104.0,BASELINE 4-8-16,day_0,90.0,2
data/Cohort_1/Day 104/Controls/MT 275/Bioptigen/BASELINE 4-8-16/OS/MT275_OS_L_2_0_REGAVG0000020.BMP,MT275,MT275_OS,OS,1,Young Male,Controls,0,90.0,90.0,0.0,Male,REGAVG,Right Eye,baseline,104.0,BASELINE 4-8-16,day_0,90.0,2
data/Cohort_1/Day 104/Controls/MT 275/Bioptigen/BASELINE 4-8-16/OS/MT275_OS_L_2_0_REGAVG0000024.BMP,MT275,MT275_OS,OS,1,Young Male,Controls,0,90.0,90.0,0.0,Male,REGAVG,Right Eye,baseline,104.0,BASELINE 4-8-16,day_0,90.0,2
data/Cohort_1/Day 104/Controls/MT 275/Bioptigen/End HLS/OD/MT275_OD_L_2_0_BScanThumb_0000044.BMP,MT275,MT275_OD,OD,1,Young Male,Controls,90,194.0,90.0,104.0,Male,BScanThumb,Right Eye,end_hls,104.0,End HLS,day_90,180.0,2
data/Cohort_1/Day 104/Controls/MT 275/Bioptigen/End HLS/OD/MT275_OD_L_2_0_BScanThumb_0000048.BMP,MT275,MT275_OD,OD,1,Young Male,Controls,90,194.0,90.0,104.0,Male,BScanThumb,Right Eye,end_hls,104.0,End HLS,day_90,180.0,2
data/Cohort_1/Day 104/Controls/MT 275/Bioptigen/End HLS/OD/MT275_OD_V_3x3_0_BScanThumb_0000039.BMP,MT275,MT275_OD,OD,1,Young Male,Controls,90,194.0,90.0,104.0,Male,BScanThumb,Right Eye,end_hls,104.0,End HLS,day_90,180.0,2
data/Cohort_1/Day 104/Controls/MT 275/Bioptigen/End HLS/OD/MT275_OD_L_2_0_REGAVG0000045.BMP,MT275,MT275_OD,OD,1,Young Male,Controls,90,194.0,90.0,104.0,Male,REGAVG,Right Eye,end_hls,104.0,End HLS,day_90,180.0,2
data/Cohort_1/Day 104/Controls/MT 275/Bioptigen/End HLS/OD/MT275_OD_L_2_0_REGAVG0000049.BMP,MT275,MT275_OD,OD,1,Young Male,Controls,90,194.0,90.0,104.0,Male,REGAVG,Right Eye,end_hls,104.0,End HLS,day_90,180.0,2
data/Cohort_1/Day 104/Controls/MT 275/Bioptigen/End HLS/OS/MT275_OS_L_2_0_BScanThumb_0000057.BMP,MT275,MT275_OS,OS,1,Young Male,Controls,90,194.0,90.0,104.0,Male,BScanThumb,Right Eye,end_hls,104.0,End HLS,day_90,180.0,2
data/Cohort_1/Day 104/Controls/MT 275/Bioptigen/End HLS/OS/MT275_OS_L_2_0_BScanThumb_0000061.BMP,MT275,MT275_OS,OS,1,Young Male,Controls,90,194.0,90.0,104.0,Male,BScanThumb,Right Eye,end_hls,104.0,End HLS,day_90,180.0,2
data/Cohort_1/Day 104/Controls/MT 275/Bioptigen/End HLS/OS/MT275_OS_V_3x3_0_BScanThumb_0000052.BMP,MT275,MT275_OS,OS,1,Young Male,Controls,90,194.0,90.0,104.0,Male,BScanThumb,Right Eye,end_hls,104.0,End HLS,day_90,180.0,2
data/Cohort_1/Day 104/Controls/MT 275/Bioptigen/End HLS/OS/MT275_OS_L_2_0_REGAVG0000058.BMP,MT275,MT275_OS,OS,1,Young Male,Controls,90,194.0,90.0,104.0,Male,REGAVG,Right Eye,end_hls,104.0,End HLS,day_90,180.0,2
data/Cohort_1/Day 104/Controls/MT 275/Bioptigen/End HLS/OS/MT275_OS_L_2_0_REGAVG0000062.BMP,MT275,MT275_OS,OS,1,Young Male,Controls,90,194.0,90.0,104.0,Male,REGAVG,Right Eye,end_hls,104.0,End HLS,day_90,180.0,2
data/Cohort_1/Day 104/Controls/MT 276/Bioptigen/BASELINE 4-8-16/OD/MT276_OD_L_2_0_BScanThumb_0000006.BMP,MT276,MT276_OD,OD,1,Young Male,Controls,0,90.0,90.0,0.0,Male,BScanThumb,Right Eye,baseline,104.0,BASELINE 4-8-16,day_0,90.0,1
data/Cohort_1/Day 104/Controls/MT 276/Bioptigen/BASELINE 4-8-16/OD/MT276_OD_L_2_0_BScanThumb_0000010.BMP,MT276,MT276_OD,OD,1,Young Male,Controls,0,90.0,90.0,0.0,Male,BScanThumb,Right Eye,baseline,104.0,BASELINE 4-8-16,day_0,90.0,1
data/Cohort_1/Day 104/Controls/MT 276/Bioptigen/BASELINE 4-8-16/OD/MT276_OD_V_3x3_0_BScanThumb_0000001.BMP,MT276,MT276_OD,OD,1,Young Male,Controls,0,90.0,90.0,0.0,Male,BScanThumb,Right Eye,baseline,104.0,BASELINE 4-8-16,day_0,90.0,1
data/Cohort_1/Day 104/Controls/MT 276/Bioptigen/BASELINE 4-8-16/OD/MT276_OD_L_2_0_REGAVG0000007.BMP,MT276,MT276_OD,OD,1,Young Male,Controls,0,90.0,90.0,0.0,Male,REGAVG,Right Eye,baseline,104.0,BASELINE 4-8-16,day_0,90.0,1
data/Cohort_1/Day 104/Controls/MT 276/Bioptigen/BASELINE 4-8-16/OD/MT276_OD_L_2_0_REGAVG0000011.BMP,MT276,MT276_OD,OD,1,Young Male,Controls,0,90.0,90.0,0.0,Male,REGAVG,Right Eye,baseline,104.0,BASELINE 4-8-16,day_0,90.0,1
data/Cohort_1/Day 104/Controls/MT 276/Bioptigen/BASELINE 4-8-16/OS/MT276_OS_L_2_0_BScanThumb_0000019.BMP,MT276,MT276_OS,OS,1,Young Male,Controls,0,90.0,90.0,0.0,Male,BScanThumb,Right Eye,baseline,104.0,BASELINE 4-8-16,day_0,90.0,1
data/Cohort_1/Day 104/Controls/MT 276/Bioptigen/BASELINE 4-8-16/OS/MT276_OS_L_2_0_BScanThumb_0000023.BMP,MT276,MT276_OS,OS,1,Young Male,Controls,0,90.0,90.0,0.0,Male,BScanThumb,Right Eye,baseline,104.0,BASELINE 4-8-16,day_0,90.0,1
data/Cohort_1/Day 104/Controls/MT 276/Bioptigen/BASELINE 4-8-16/OS/MT276_OS_V_3x3_0_BScanThumb_0000014.BMP,MT276,MT276_OS,OS,1,Young Male,Controls,0,90.0,90.0,0.0,Male,BScanThumb,Right Eye,baseline,104.0,BASELINE 4-8-16,day_0,90.0,1
data/Cohort_1/Day 104/Controls/MT 276/Bioptigen/BASELINE 4-8-16/OS/MT276_OS_L_2_0_REGAVG0000020.BMP,MT276,MT276_OS,OS,1,Young Male,Controls,0,90.0,90.0,0.0,Male,REGAVG,Right Eye,baseline,104.0,BASELINE 4-8-16,day_0,90.0,1
data/Cohort_1/Day 104/Controls/MT 276/Bioptigen/BASELINE 4-8-16/OS/MT276_OS_L_2_0_REGAVG0000024.BMP,MT276,MT276_OS,OS,1,Young Male,Controls,0,90.0,90.0,0.0,Male,REGAVG,Right Eye,baseline,104.0,BASELINE 4-8-16,day_0,90.0,1
data/Cohort_1/Day 104/Controls/MT 276/Bioptigen/End HLS/OD/MT276_OD_L_2_0_BScanThumb_0000044.BMP,MT276,MT276_OD,OD,1,Young Male,Controls,90,194.0,90.0,104.0,Male,BScanThumb,Right Eye,end_hls,104.0,End HLS,day_90,180.0,1
data/Cohort_1/Day 104/Controls/MT 276/Bioptigen/End HLS/OD/MT276_OD_L_2_0_BScanThumb_0000048.BMP,MT276,MT276_OD,OD,1,Young Male,Controls,90,194.0,90.0,104.0,Male,BScanThumb,Right Eye,end_hls,104.0,End HLS,day_90,180.0,1
data/Cohort_1/Day 104/Controls/MT 276/Bioptigen/End HLS/OD/MT276_OD_V_3x3_0_BScanThumb_0000039.BMP,MT276,MT276_OD,OD,1,Young Male,Controls,90,194.0,90.0,104.0,Male,BScanThumb,Right Eye,end_hls,104.0,End HLS,day_90,180.0,1
data/Cohort_1/Day 104/Controls/MT 276/Bioptigen/End HLS/OD/MT276_OD_L_2_0_REGAVG0000045.BMP,MT276,MT276_OD,OD,1,Young Male,Controls,90,194.0,90.0,104.0,Male,REGAVG,Right Eye,end_hls,104.0,End HLS,day_90,180.0,1
data/Cohort_1/Day 104/Controls/MT 276/Bioptigen/End HLS/OD/MT276_OD_L_2_0_REGAVG0000049.BMP,MT276,MT276_OD,OD,1,Young Male,Controls,90,194.0,90.0,104.0,Male,REGAVG,Right Eye,end_hls,104.0,End HLS,day_90,180.0,1
data/Cohort_1/Day 104/Controls/MT 276/Bioptigen/End HLS/OS/MT276_OS_L_2_0_BScanThumb_0000057.BMP,MT276,MT276_OS,OS,1,Young Male,Controls,90,194.0,90.0,104.0,Male,BScanThumb,Right Eye,end_hls,104.0,End HLS,day_90,180.0,1
data/Cohort_1/Day 104/Controls/MT 276/Bioptigen/End HLS/OS/MT276_OS_L_2_0_BScanThumb_0000061.BMP,MT276,MT276_OS,OS,1,Young Male,Controls,90,194.0,90.0,104.0,Male,BScanThumb,Right Eye,end_hls,104.0,End HLS,day_90,180.0,1
data/Cohort_1/Day 104/Controls/MT 276/Bioptigen/End HLS/OS/MT276_OS_V_3x3_0_BScanThumb_0000052.BMP,MT276,MT276_OS,OS,1,Young Male,Controls,90,194.0,90.0,104.0,Male,BScanThumb,Right Eye,end_hls,104.0,End HLS,day_90,180.0,1
data/Cohort_1/Day 104/Controls/MT 276/Bioptigen/End HLS/OS/MT276_OS_L_2_0_REGAVG0000058.BMP,MT276,MT276_OS,OS,1,Young Male,Controls,90,194.0,90.0,104.0,Male,REGAVG,Right Eye,end_hls,104.0,End HLS,day_90,180.0,1
data/Cohort_1/Day 104/Controls/MT 276/Bioptigen/End HLS/OS/MT276_OS_L_2_0_REGAVG0000062.BMP,MT276,MT276_OS,OS,1,Young Male,Controls,90,194.0,90.0,104.0,Male,REGAVG,Right Eye,end_hls,104.0,End HLS,day_90,180.0,1
data/Cohort_1/Day 104/Controls/MT 277/Bioptigen/BASELINE 4-8-16/OD/MT277_OD_L_2_0_BScanThumb_0000006.BMP,MT277,MT277_OD,OD,1,Young Male,Controls,0,90.0,90.0,0.0,Male,BScanThumb,Right Eye,baseline,104.0,BASELINE 4-8-16,day_0,90.0,0
data/Cohort_1/Day 104/Controls/MT 277/Bioptigen/BASELINE 4-8-16/OD/MT277_OD_L_2_0_BScanThumb_0000010.BMP,MT277,MT277_OD,OD,1,Young Male,Controls,0,90.0,90.0,0.0,Male,BScanThumb,Right Eye,baseline,104.0,BASELINE 4-8-16,day_0,90.0,0
data/Cohort_1/Day 104/Controls/MT 277/Bioptigen/BASELINE 4-8-16/OD/MT277_OD_V_3x3_0_BScanThumb_0000001.BMP,MT277,MT277_OD,OD,1,Young Male,Controls,0,90.0,90.0,0.0,Male,BScanThumb,Right Eye,baseline,104.0,BASELINE 4-8-16,day_0,90.0,0
data/Cohort_1/Day 104/Controls/MT 277/Bioptigen/BASELINE 4-8-16/OD/MT277_OD_L_2_0_REGAVG0000007.BMP,MT277,MT277_OD,OD,1,Young Male,Controls,0,90.0,90.0,0.0,Male,REGAVG,Right Eye,baseline,104.0,BASELINE 4-8-16,day_0,90.0,0
data/Cohort_1/Day 104/Controls/MT 277/Bioptigen/BASELINE 4-8-16/OD/MT277_OD_L_2_0_REGAVG0000011.BMP,MT277,MT277_OD,OD,1,Young Male,Controls,0,90.0,90.0,0.0,Male,REGAVG,Right Eye,baseline,104.0,BASELINE 4-8-16,day_0,90.0,0
data/Cohort_1/Day 104/Controls/MT 277/Bioptigen/BASELINE 4-8-16/OS/MT277_OS_L_2_0_BScanThumb_0000019.BMP,MT277,MT277_OS,OS,1,Young Male,Controls,0,90.0,90.0,0.0,Male,BScanThumb,Right Eye,baseline,104.0,BASELINE 4-8-16,day_0,90.0,0
data/Cohort_1/Day 104/Controls/MT 277/Bioptigen/BASELINE 4-8-16/OS/MT277_OS_L_2_0_BScanThumb_0000023.BMP,MT277,MT277_OS,OS,1,Young Male,Controls,0,90.0,90.0,0.0,Male,BScanThumb,Right Eye,baseline,104.0,BASELINE 4-8-16,day_0,90.0,0
data/Cohort_1/Day 104/Controls/MT 277/Bioptigen/BASELINE 4-8-16/OS/MT277_OS_V_3x3_0_BScanThumb_0000014.BMP,MT277,MT277_OS,OS,1,Young Male,Controls,0,90.0,90.0,0.0,Male,BScanThumb,Right Eye,baseline,104.0,BASELINE 4-8-16,day_0,90.0,0
data/Cohort_1/Day 104/Controls/MT 277/Bioptigen/BASELINE 4-8-16/OS/MT277_OS_L_2_0_REGAVG0000020.BMP,MT277,MT277_OS,OS,1,Young Male,Controls,0,90.0,90.0,0.0,Male,REGAVG,Right Eye,baseline,104.0,BASELINE 4-8-16,day_0,90.0,0
data/Cohort_1/Day 104/Controls/MT 277/Bioptigen/BASELINE 4-8-16/OS/MT277_OS_L_2_0_REGAVG0000024.BMP,MT277,MT277_OS,OS,1,Young Male,Controls,0,90.0,90.0,0.0,Male,REGAVG,Right Eye,baseline,104.0,BASELINE 4-8-16,day_0,90.0,0
data/Cohort_1/Day 104/Controls/MT 277/Bioptigen/End HLS/OD/MT277_OD_L_2_0_BScanThumb_0000044.BMP,MT277,MT277_OD,OD,1,Young Male,Controls,90,194.0,90.0,104.0,Male,BScanThumb,Right Eye,end_hls,104.0,End HLS,day_90,180.0,0
data/Cohort_1/Day 104/Controls/MT 277/Bioptigen/End HLS/OD/MT277_OD_L_2_0_BScanThumb_0000048.BMP,MT277,MT277_OD,OD,1,Young Male,Controls,90,194.0,90.0,104.0,Male,BScanThumb,Right Eye,end_hls,104.0,End HLS,day_90,180.0,0
data/Cohort_1/Day 104/Controls/MT 277/Bioptigen/End HLS/OD/MT277_OD_V_3x3_0_BScanThumb_0000039.BMP,MT277,MT277_OD,OD,1,Young Male,Controls,90,194.0,90.0,104.0,Male,BScanThumb,Right Eye,end_hls,104.0,End HLS,day_90,180.0,0
data/Cohort_1/Day 104/Controls/MT 277/Bioptigen/End HLS/OD/MT277_OD_L_2_0_REGAVG0000045.BMP,MT277,MT277_OD,OD,1,Young Male,Controls,90,194.0,90.0,104.0,Male,REGAVG,Right Eye,end_hls,104.0,End HLS,day_90,180.0,0
data/Cohort_1/Day 104/Controls/MT 277/Bioptigen/End HLS/OS/MT277_OS_L_2_0_BScanThumb_0000057.BMP,MT277,MT277_OS,OS,1,Young Male,Controls,90,194.0,90.0,104.0,Male,BScanThumb,Right Eye,end_hls,104.0,End HLS,day_90,180.0,0
data/Cohort_1/Day 104/Controls/MT 277/Bioptigen/End HLS/OS/MT277_OS_L_2_0_BScanThumb_0000061.BMP,MT277,MT277_OS,OS,1,Young Male,Controls,90,194.0,90.0,104.0,Male,BScanThumb,Right Eye,end_hls,104.0,End HLS,day_90,180.0,0
data/Cohort_1/Day 104/Controls/MT 277/Bioptigen/End HLS/OS/MT277_OS_V_3x3_0_BScanThumb_0000052.BMP,MT277,MT277_OS,OS,1,Young Male,Controls,90,194.0,90.0,104.0,Male,BScanThumb,Right Eye,end_hls,104.0,End HLS,day_90,180.0,0
data/Cohort_1/Day 104/Controls/MT 277/Bioptigen/End HLS/OS/MT277_OS_L_2_0_REGAVG0000058.BMP,MT277,MT277_OS,OS,1,Young Male,Controls,90,194.0,90.0,104.0,Male,REGAVG,Right Eye,end_hls,104.0,End HLS,day_90,180.0,0
data/Cohort_1/Day 104/Controls/MT 277/Bioptigen/End HLS/OS/MT277_OS_L_2_0_REGAVG0000062.BMP,MT277,MT277_OS,OS,1,Young Male,Controls,90,194.0,90.0,104.0,Male,REGAVG,Right Eye,end_hls,104.0,End HLS,day_90,180.0,0
data/Cohort_1/Day 97/Controls/MT 278/Bioptigen/BASELINE 4-8-16/OD/MT278_OD_L_2_0_BScanThumb_0000006.BMP,MT278,MT278_OD,OD,1,Young Male,Controls,0,90.0,90.0,0.0,Male,BScanThumb,Right Eye,baseline,97.0,BASELINE 4-8-16,day_0,90.0,1
data/Cohort_1/Day 97/Controls/MT 278/Bioptigen/BASELINE 4-8-16/OD/MT278_OD_L_2_0_BScanThumb_0000010.BMP,MT278,MT278_OD,OD,1,Young Male,Controls,0,90.0,90.0,0.0,Male,BScanThumb,Right Eye,baseline,97.0,BASELINE 4-8-16,day_0,90.0,1
data/Cohort_1/Day 97/Controls/MT 278/Bioptigen/BASELINE 4-8-16/OD/MT278_OD_V_3x3_0_BScanThumb_0000001.BMP,MT278,MT278_OD,OD,1,Young Male,Controls,0,90.0,90.0,0.0,Male,BScanThumb,Right Eye,baseline,97.0,BASELINE 4-8-16,day_0,90.0,1
data/Cohort_1/Day 97/Controls/MT 278/Bioptigen/BASELINE 4-8-16/OD/MT278_OD_L_2_0_REGAVG0000007.BMP,MT278,MT278_OD,OD,1,Young Male,Controls,0,90.0,90.0,0.0,Male,REGAVG,Right Eye,baseline,97.0,BASELINE 4-8-16,day_0,90.0,1
data/Cohort_1/Day 97/Controls/MT 278/Bioptigen/BASELINE 4-8-16/OD/MT278_OD_L_2_0_REGAVG0000011.BMP,MT278,MT278_OD,OD,1,Young Male,Controls,0,90.0,90.0,0.0,Male,REGAVG,Right Eye,baseline,97.0,BASELINE 4-8-16,day_0,90.0,1
data/Cohort_1/Day 97/Controls/MT 278/Bioptigen/BASELINE 4-8-16/OS/MT278_OS_L_2_0_BScanThumb_0000019.BMP,MT278,MT278_OS,OS,1,Young Male,Controls,0,90.0,90.0,0.0,Male,BScanThumb,Right Eye,baseline,97.0,BASELINE 4-8-16,day_0,90.0,1
data/Cohort_1/Day 97/Controls/MT 278/Bioptigen/BASELINE 4-8-16/OS/MT278_OS_L_2_0_BScanThumb_0000023.BMP,MT278,MT278_OS,OS,1,Young Male,Controls,0,90.0,90.0,0.0,Male,BScanThumb,Right Eye,baseline,97.0,BASELINE 4-8-16,day_0,90.0,1
data/Cohort_1/Day 97/Controls/MT 278/Bioptigen/BASELINE 4-8-16/OS/MT278_OS_V_3x3_0_BScanThumb_0000014.BMP,MT278,MT278_OS,OS,1,Young Male,Controls,0,90.0,90.0,0.0,Male,BScanThumb,Right Eye,baseline,97.0,BASELINE 4-8-16,day_0,90.0,1
data/Cohort_1/Day 97/Controls/MT 278/Bioptigen/BASELINE 4-8-16/OS/MT278_OS_L_2_0_REGAVG0000020.BMP,MT278,MT278_OS,OS,1,Young Male,Controls,0,90.0,90.0,0.0,Male,REGAVG,Right Eye,baseline,97.0,BASELINE 4-8-16,day_0,90.0,1
data/Cohort_1/Day 97/Controls/MT 278/Bioptigen/BASELINE 4-8-16/OS/MT278_OS_L_2_0_REGAVG0000024.BMP,MT278,MT278_OS,OS,1,Young Male,Controls,0,90.0,90.0,0.0,Male,REGAVG,Right Eye,baseline,97.0,BASELINE 4-8-16,day_0,90.0,1
data/Cohort_1/Day 97/Controls/MT 278/Bioptigen/End HLS/OD/MT278_OD_L_2_0_BScanThumb_0000044.BMP,MT278,MT278_OD,OD,1,Young Male,Controls,90,187.0,90.0,97.0,Male,BScanThumb,Right Eye,end_hls,97.0,End HLS,day_90,180.0,1
data/Cohort_1/Day 97/Controls/MT 278/Bioptigen/End HLS/OD/MT278_OD_L_2_0_BScanThumb_0000048.BMP,MT278,MT278_OD,OD,1,Young Male,Controls,90,187.0,90.0,97.0,Male,BScanThumb,Right Eye,end_hls,97.0,End HLS,day_90,180.0,1
data/Cohort_1/Day 97/Controls/MT 278/Bioptigen/End HLS/OD/MT278_OD_V_3x3_0_BScanThumb_0000039.BMP,MT278,MT278_OD,OD,1,Young Male,Controls,90,187.0,90.0,97.0,Male,BScanThumb,Right Eye,end_hls,97.0,End HLS,day_90,180.0,1
data/Cohort_1/Day 97/Controls/MT 278/Bioptigen/End HLS/OD/MT278_OD_L_2_0_REGAVG0000045.BMP,MT278,MT278_OD,OD,1,Young Male,Controls,90,187.0,90.0,97.0,Male,REGAVG,Right Eye,end_hls,97.0,End HLS,day_90,180.0,1
data/Cohort_1/Day 97/Controls/MT 278/Bioptigen/End HLS/OD/MT278_OD_L_2_0_REGAVG0000049.BMP,MT278,MT278_OD,OD,1,Young Male,Controls,90,187.0,90.0,97.0,Male,REGAVG,Right Eye,end_hls,97.0,End HLS,day_90,180.0,1
data/Cohort_1/Day 97/Controls/MT 278/Bioptigen/End HLS/OS/MT278_OS_L_2_0_BScanThumb_0000063.BMP,MT278,MT278_OS,OS,1,Young Male,Controls,90,187.0,90.0,97.0,Male,BScanThumb,Right Eye,end_hls,97.0,End HLS,day_90,180.0,1
data/Cohort_1/Day 97/Controls/MT 278/Bioptigen/End HLS/OS/MT278_OS_L_2_0_BScanThumb_0000067.BMP,MT278,MT278_OS,OS,1,Young Male,Controls,90,187.0,90.0,97.0,Male,BScanThumb,Right Eye,end_hls,97.0,End HLS,day_90,180.0,1
data/Cohort_1/Day 97/Controls/MT 278/Bioptigen/End HLS/OS/MT278_OS_V_3x3_0_BScanThumb_0000058.BMP,MT278,MT278_OS,OS,1,Young Male,Controls,90,187.0,90.0,97.0,Male,BScanThumb,Right Eye,end_hls,97.0,End HLS,day_90,180.0,1
data/Cohort_1/Day 97/Controls/MT 278/Bioptigen/End HLS/OS/MT278_OS_L_2_0_REGAVG0000064.BMP,MT278,MT278_OS,OS,1,Young Male,Controls,90,187.0,90.0,97.0,Male,REGAVG,Right Eye,end_hls,97.0,End HLS,day_90,180.0,1
data/Cohort_1/Day 97/Controls/MT 278/Bioptigen/End HLS/OS/MT278_OS_L_2_0_REGAVG0000068.BMP,MT278,MT278_OS,OS,1,Young Male,Controls,90,187.0,90.0,97.0,Male,REGAVG,Right Eye,end_hls,97.0,End HLS,day_90,180.0,1
data/Cohort_1/Day 97/Controls/MT 279/Bioptigen/Baseline 4-18-16/OD/MT279_OD_L_2_0_BScanThumb_0000006.BMP,MT279,MT279_OD,OD,1,Young Male,Controls,0,90.0,90.0,0.0,Male,BScanThumb,Right Eye,baseline,97.0,Baseline 4-18-16,day_0,90.0,2
data/Cohort_1/Day 97/Controls/MT 279/Bioptigen/Baseline 4-18-16/OD/MT279_OD_L_2_0_BScanThumb_0000010.BMP,MT279,MT279_OD,OD,1,Young Male,Controls,0,90.0,90.0,0.0,Male,BScanThumb,Right Eye,baseline,97.0,Baseline 4-18-16,day_0,90.0,2
data/Cohort_1/Day 97/Controls/MT 279/Bioptigen/Baseline 4-18-16/OD/MT279_OD_V_3x3_0_BScanThumb_0000001.BMP,MT279,MT279_OD,OD,1,Young Male,Controls,0,90.0,90.0,0.0,Male,BScanThumb,Right Eye,baseline,97.0,Baseline 4-18-16,day_0,90.0,2
data/Cohort_1/Day 97/Controls/MT 279/Bioptigen/Baseline 4-18-16/OD/MT279_OD_L_2_0_REGAVG0000007.BMP,MT279,MT279_OD,OD,1,Young Male,Controls,0,90.0,90.0,0.0,Male,REGAVG,Right Eye,baseline,97.0,Baseline 4-18-16,day_0,90.0,2
data/Cohort_1/Day 97/Controls/MT 279/Bioptigen/Baseline 4-18-16/OD/MT279_OD_L_2_0_REGAVG0000011.BMP,MT279,MT279_OD,OD,1,Young Male,Controls,0,90.0,90.0,0.0,Male,REGAVG,Right Eye,baseline,97.0,Baseline 4-18-16,day_0,90.0,2
data/Cohort_1/Day 97/Controls/MT 279/Bioptigen/Baseline 4-18-16/OS/MT279_OS_L_2_0_BScanThumb_0000019.BMP,MT279,MT279_OS,OS,1,Young Male,Controls,0,90.0,90.0,0.0,Male,BScanThumb,Right Eye,baseline,97.0,Baseline 4-18-16,day_0,90.0,2
data/Cohort_1/Day 97/Controls/MT 279/Bioptigen/Baseline 4-18-16/OS/MT279_OS_L_2_0_BScanThumb_0000023.BMP,MT279,MT279_OS,OS,1,Young Male,Controls,0,90.0,90.0,0.0,Male,BScanThumb,Right Eye,baseline,97.0,Baseline 4-18-16,day_0,90.0,2
data/Cohort_1/Day 97/Controls/MT 279/Bioptigen/Baseline 4-18-16/OS/MT279_OS_V_3x3_0_BScanThumb_0000014.BMP,MT279,MT279_OS,OS,1,Young Male,Controls,0,90.0,90.0,0.0,Male,BScanThumb,Right Eye,baseline,97.0,Baseline 4-18-16,day_0,90.0,2
data/Cohort_1/Day 97/Controls/MT 279/Bioptigen/Baseline 4-18-16/OS/MT279_OS_L_2_0_REGAVG0000020.BMP,MT279,MT279_OS,OS,1,Young Male,Controls,0,90.0,90.0,0.0,Male,REGAVG,Right Eye,baseline,97.0,Baseline 4-18-16,day_0,90.0,2
data/Cohort_1/Day 97/Controls/MT 279/Bioptigen/Baseline 4-18-16/OS/MT279_OS_L_2_0_REGAVG0000024.BMP,MT279,MT279_OS,OS,1,Young Male,Controls,0,90.0,90.0,0.0,Male,REGAVG,Right Eye,baseline,97.0,Baseline 4-18-16,day_0,90.0,2
data/Cohort_1/Day 97/Controls/MT 279/Bioptigen/End HLS/OD/MT279_OD_L_2_0_BScanThumb_0000040.BMP,MT279,MT279_OD,OD,1,Young Male,Controls,90,187.0,90.0,97.0,Male,BScanThumb,Right Eye,end_hls,97.0,End HLS,day_90,180.0,2
data/Cohort_1/Day 97/Controls/MT 279/Bioptigen/End HLS/OD/MT279_OD_L_2_0_BScanThumb_0000049.BMP,MT279,MT279_OD,OD,1,Young Male,Controls,90,187.0,90.0,97.0,Male,BScanThumb,Right Eye,end_hls,97.0,End HLS,day_90,180.0,2
data/Cohort_1/Day 97/Controls/MT 279/Bioptigen/End HLS/OD/MT279_OD_L_2_0_BScanThumb_0000053.BMP,MT279,MT279_OD,OD,1,Young Male,Controls,90,187.0,90.0,97.0,Male,BScanThumb,Right Eye,end_hls,97.0,End HLS,day_90,180.0,2
data/Cohort_1/Day 97/Controls/MT 279/Bioptigen/End HLS/OD/MT279_OD_V_3x3_0_BScanThumb_0000044.BMP,MT279,MT279_OD,OD,1,Young Male,Controls,90,187.0,90.0,97.0,Male,BScanThumb,Right Eye,end_hls,97.0,End HLS,day_90,180.0,2
data/Cohort_1/Day 97/Controls/MT 279/Bioptigen/End HLS/OD/MT279_OD_L_2_0_REGAVG0000054.BMP,MT279,MT279_OD,OD,1,Young Male,Controls,90,187.0,90.0,97.0,Male,REGAVG,Right Eye,end_hls,97.0,End HLS,day_90,180.0,2
data/Cohort_1/Day 97/Controls/MT 279/Bioptigen/End HLS/OS/MT279_OS_L_2_0_BScanThumb_0000062.BMP,MT279,MT279_OS,OS,1,Young Male,Controls,90,187.0,90.0,97.0,Male,BScanThumb,Right Eye,end_hls,97.0,End HLS,day_90,180.0,2
data/Cohort_1/Day 97/Controls/MT 279/Bioptigen/End HLS/OS/MT279_OS_L_2_0_BScanThumb_0000066.BMP,MT279,MT279_OS,OS,1,Young Male,Controls,90,187.0,90.0,97.0,Male,BScanThumb,Right Eye,end_hls,97.0,End HLS,day_90,180.0,2
data/Cohort_1/Day 97/Controls/MT 279/Bioptigen/End HLS/OS/MT279_OS_V_3x3_0_BScanThumb_0000057.BMP,MT279,MT279_OS,OS,1,Young Male,Controls,90,187.0,90.0,97.0,Male,BScanThumb,Right Eye,end_hls,97.0,End HLS,day_90,180.0,2
data/Cohort_1/Day 97/Controls/MT 279/Bioptigen/End HLS/OS/MT279_OS_L_2_0_REGAVG0000063.BMP,MT279,MT279_OS,OS,1,Young Male,Controls,90,187.0,90.0,97.0,Male,REGAVG,Right Eye,end_hls,97.0,End HLS,day_90,180.0,2
data/Cohort_1/Day 97/Controls/MT 279/Bioptigen/End HLS/OS/MT279_OS_L_2_0_REGAVG0000067.BMP,MT279,MT279_OS,OS,1,Young Male,Controls,90,187.0,90.0,97.0,Male,REGAVG,Right Eye,end_hls,97.0,End HLS,day_90,180.0,2
data/Cohort_1/Day 90/Controls/MT 28/Bioptigen/Baseline/OD/28_OD_A_0x3_0_BScanThumb_0000021.BMP,MT28,MT28_OD,OD,1,Young Male,Controls,0,90.0,90.0,0.0,Male,BScanThumb,Right Eye,baseline,90.0,Baseline,day_0,90.0,0
data/Cohort_1/Day 90/Controls/MT 28/Bioptigen/Baseline/OD/28_OD_L_3_0_BScanThumb_0000025.BMP,MT28,MT28_OD,OD,1,Young Male,Controls,0,90.0,90.0,0.0,Male,BScanThumb,Right Eye,baseline,90.0,Baseline,day_0,90.0,0
data/Cohort_1/Day 90/Controls/MT 28/Bioptigen/Baseline/OD/28_OD_R_3_0_BScanThumb_0000009.BMP,MT28,MT28_OD,OD,1,Young Male,Controls,0,90.0,90.0,0.0,Male,BScanThumb,Right Eye,baseline,90.0,Baseline,day_0,90.0,0
data/Cohort_1/Day 90/Controls/MT 28/Bioptigen/Baseline/OD/28_OD_V_1x1_0_BScanThumb_0000028.BMP,MT28,MT28_OD,OD,1,Young Male,Controls,0,90.0,90.0,0.0,Male,BScanThumb,Right Eye,baseline,90.0,Baseline,day_0,90.0,0
data/Cohort_1/Day 90/Controls/MT 28/Bioptigen/Baseline/OD/28_OD_V_3x3_0_BScanThumb_0000001.BMP,MT28,MT28_OD,OD,1,Young Male,Controls,0,90.0,90.0,0.0,Male,BScanThumb,Right Eye,baseline,90.0,Baseline,day_0,90.0,0
data/Cohort_1/Day 90/Controls/MT 28/Bioptigen/Baseline/OD/28_OD_V_3x3_0_BScanThumb_0000005.BMP,MT28,MT28_OD,OD,1,Young Male,Controls,0,90.0,90.0,0.0,Male,BScanThumb,Right Eye,baseline,90.0,Baseline,day_0,90.0,0
data/Cohort_1/Day 90/Controls/MT 28/Bioptigen/Baseline/OD/28_OD_V_3x3_0_BScanThumb_0000013.BMP,MT28,MT28_OD,OD,1,Young Male,Controls,0,90.0,90.0,0.0,Male,BScanThumb,Right Eye,baseline,90.0,Baseline,day_0,90.0,0
data/Cohort_1/Day 90/Controls/MT 28/Bioptigen/Baseline/OD/28_OD_V_3x3_0_BScanThumb_0000017.BMP,MT28,MT28_OD,OD,1,Young Male,Controls,0,90.0,90.0,0.0,Male,BScanThumb,Right Eye,baseline,90.0,Baseline,day_0,90.0,0
data/Cohort_1/Day 90/Controls/MT 28/Bioptigen/Baseline/OS/28_OS_A_0x3_0_BScanThumb_0000036.BMP,MT28,MT28_OS,OS,1,Young Male,Controls,0,90.0,90.0,0.0,Male,BScanThumb,Right Eye,baseline,90.0,Baseline,day_0,90.0,0
data/Cohort_1/Day 90/Controls/MT 28/Bioptigen/Baseline/OS/28_OS_L_3_0_BScanThumb_0000040.BMP,MT28,MT28_OS,OS,1,Young Male,Controls,0,90.0,90.0,0.0,Male,BScanThumb,Right Eye,baseline,90.0,Baseline,day_0,90.0,0
data/Cohort_1/Day 90/Controls/MT 28/Bioptigen/Baseline/OS/28_OS_R_3_0_BScanThumb_0000043.BMP,MT28,MT28_OS,OS,1,Young Male,Controls,0,90.0,90.0,0.0,Male,BScanThumb,Right Eye,baseline,90.0,Baseline,day_0,90.0,0
data/Cohort_1/Day 90/Controls/MT 28/Bioptigen/Baseline/OS/28_OS_V_1x1_0_BScanThumb_0000055.BMP,MT28,MT28_OS,OS,1,Young Male,Controls,0,90.0,90.0,0.0,Male,BScanThumb,Right Eye,baseline,90.0,Baseline,day_0,90.0,0
data/Cohort_1/Day 90/Controls/MT 28/Bioptigen/Baseline/OS/28_OS_V_3x3_0_BScanThumb_0000032.BMP,MT28,MT28_OS,OS,1,Young Male,Controls,0,90.0,90.0,0.0,Male,BScanThumb,Right Eye,baseline,90.0,Baseline,day_0,90.0,0
data/Cohort_1/Day 90/Controls/MT 28/Bioptigen/Baseline/OS/28_OS_V_3x3_0_BScanThumb_0000047.BMP,MT28,MT28_OS,OS,1,Young Male,Controls,0,90.0,90.0,0.0,Male,BScanThumb,Right Eye,baseline,90.0,Baseline,day_0,90.0,0
data/Cohort_1/Day 90/Controls/MT 28/Bioptigen/Baseline/OS/28_OS_V_3x3_0_BScanThumb_0000051.BMP,MT28,MT28_OS,OS,1,Young Male,Controls,0,90.0,90.0,0.0,Male,BScanThumb,Right Eye,baseline,90.0,Baseline,day_0,90.0,0
data/Cohort_1/Day 90/Controls/MT 28/Bioptigen/End HLS 7152014/OD/28_OD_L_3_0_BScanThumb_0000079.BMP,MT28,MT28_OD,OD,1,Young Male,Controls,90,180.0,90.0,90.0,Male,BScanThumb,Right Eye,end_hls,90.0,End HLS 7152014,day_90,180.0,0
data/Cohort_1/Day 90/Controls/MT 28/Bioptigen/End HLS 7152014/OD/28_OD_V_1x1_0_BScanThumb_0000075.BMP,MT28,MT28_OD,OD,1,Young Male,Controls,90,180.0,90.0,90.0,Male,BScanThumb,Right Eye,end_hls,90.0,End HLS 7152014,day_90,180.0,0
data/Cohort_1/Day 90/Controls/MT 28/Bioptigen/End HLS 7152014/OD/28_OD_V_3x3_0_BScanThumb_0000059.BMP,MT28,MT28_OD,OD,1,Young Male,Controls,90,180.0,90.0,90.0,Male,BScanThumb,Right Eye,end_hls,90.0,End HLS 7152014,day_90,180.0,0
data/Cohort_1/Day 90/Controls/MT 28/Bioptigen/End HLS 7152014/OD/28_OD_V_3x3_0_BScanThumb_0000063.BMP,MT28,MT28_OD,OD,1,Young Male,Controls,90,180.0,90.0,90.0,Male,BScanThumb,Right Eye,end_hls,90.0,End HLS 7152014,day_90,180.0,0
data/Cohort_1/Day 90/Controls/MT 28/Bioptigen/End HLS 7152014/OD/28_OD_V_3x3_0_BScanThumb_0000071.BMP,MT28,MT28_OD,OD,1,Young Male,Controls,90,180.0,90.0,90.0,Male,BScanThumb,Right Eye,end_hls,90.0,End HLS 7152014,day_90,180.0,0
data/Cohort_1/Day 90/Controls/MT 28/Bioptigen/End HLS 7152014/OS/28_OS_L_3_0_BScanThumb_0000090.BMP,MT28,MT28_OS,OS,1,Young Male,Controls,90,180.0,90.0,90.0,Male,BScanThumb,Right Eye,end_hls,90.0,End HLS 7152014,day_90,180.0,0
data/Cohort_1/Day 90/Controls/MT 28/Bioptigen/End HLS 7152014/OS/28_OS_R_3_0_BScanThumb_0000093.BMP,MT28,MT28_OS,OS,1,Young Male,Controls,90,180.0,90.0,90.0,Male,BScanThumb,Right Eye,end_hls,90.0,End HLS 7152014,day_90,180.0,0
data/Cohort_1/Day 90/Controls/MT 28/Bioptigen/End HLS 7152014/OS/28_OS_R_3_0_BScanThumb_0000101.BMP,MT28,MT28_OS,OS,1,Young Male,Controls,90,180.0,90.0,90.0,Male,BScanThumb,Right Eye,end_hls,90.0,End HLS 7152014,day_90,180.0,0
data/Cohort_1/Day 90/Controls/MT 28/Bioptigen/End HLS 7152014/OS/28_OS_V_1x1_0_BScanThumb_0000086.BMP,MT28,MT28_OS,OS,1,Young Male,Controls,90,180.0,90.0,90.0,Male,BScanThumb,Right Eye,end_hls,90.0,End HLS 7152014,day_90,180.0,0
data/Cohort_1/Day 90/Controls/MT 28/Bioptigen/End HLS 7152014/OS/28_OS_V_3x3_0_BScanThumb_0000067.BMP,MT28,MT28_OS,OS,1,Young Male,Controls,90,180.0,90.0,90.0,Male,BScanThumb,Right Eye,end_hls,90.0,End HLS 7152014,day_90,180.0,0
data/Cohort_1/Day 90/Controls/MT 28/Bioptigen/End HLS 7152014/OS/28_OS_V_3x3_0_BScanThumb_0000082.BMP,MT28,MT28_OS,OS,1,Young Male,Controls,90,180.0,90.0,90.0,Male,BScanThumb,Right Eye,end_hls,90.0,End HLS 7152014,day_90,180.0,0
data/Cohort_1/Day 90/Controls/MT 28/Bioptigen/End HLS 7152014/OS/28_OS_V_3x3_0_BScanThumb_0000097.BMP,MT28,MT28_OS,OS,1,Young Male,Controls,90,180.0,90.0,90.0,Male,BScanThumb,Right Eye,end_hls,90.0,End HLS 7152014,day_90,180.0,0
data/Cohort_1/Day 90/Controls/MT 28/Bioptigen/End HLS 7152014/OS/28_OS_V_3x3_0_BScanThumb_0000105.BMP,MT28,MT28_OS,OS,1,Young Male,Controls,90,180.0,90.0,90.0,Male,BScanThumb,Right Eye,end_hls,90.0,End HLS 7152014,day_90,180.0,0
data/Cohort_1/Day 97/Controls/MT 280/Bioptigen/Baseline 4-18-16/OD/MT280_OD_L_2_0_BScanThumb_0000006.BMP,MT280,MT280_OD,OD,1,Young Male,Controls,0,90.0,90.0,0.0,Male,BScanThumb,Right Eye,baseline,97.0,Baseline 4-18-16,day_0,90.0,1
data/Cohort_1/Day 97/Controls/MT 280/Bioptigen/Baseline 4-18-16/OD/MT280_OD_L_2_0_BScanThumb_0000010.BMP,MT280,MT280_OD,OD,1,Young Male,Controls,0,90.0,90.0,0.0,Male,BScanThumb,Right Eye,baseline,97.0,Baseline 4-18-16,day_0,90.0,1
data/Cohort_1/Day 97/Controls/MT 280/Bioptigen/Baseline 4-18-16/OD/MT280_OD_V_3x3_0_BScanThumb_0000001.BMP,MT280,MT280_OD,OD,1,Young Male,Controls,0,90.0,90.0,0.0,Male,BScanThumb,Right Eye,baseline,97.0,Baseline 4-18-16,day_0,90.0,1
data/Cohort_1/Day 97/Controls/MT 280/Bioptigen/Baseline 4-18-16/OD/MT280_OD_L_2_0_REGAVG0000007.BMP,MT280,MT280_OD,OD,1,Young Male,Controls,0,90.0,90.0,0.0,Male,REGAVG,Right Eye,baseline,97.0,Baseline 4-18-16,day_0,90.0,1
data/Cohort_1/Day 97/Controls/MT 280/Bioptigen/Baseline 4-18-16/OD/MT280_OD_L_2_0_REGAVG0000011.BMP,MT280,MT280_OD,OD,1,Young Male,Controls,0,90.0,90.0,0.0,Male,REGAVG,Right Eye,baseline,97.0,Baseline 4-18-16,day_0,90.0,1
data/Cohort_1/Day 97/Controls/MT 280/Bioptigen/Baseline 4-18-16/OS/MT280_OS_L_2_0_BScanThumb_0000019.BMP,MT280,MT280_OS,OS,1,Young Male,Controls,0,90.0,90.0,0.0,Male,BScanThumb,Right Eye,baseline,97.0,Baseline 4-18-16,day_0,90.0,1
data/Cohort_1/Day 97/Controls/MT 280/Bioptigen/Baseline 4-18-16/OS/MT280_OS_L_2_0_BScanThumb_0000023.BMP,MT280,MT280_OS,OS,1,Young Male,Controls,0,90.0,90.0,0.0,Male,BScanThumb,Right Eye,baseline,97.0,Baseline 4-18-16,day_0,90.0,1
data/Cohort_1/Day 97/Controls/MT 280/Bioptigen/Baseline 4-18-16/OS/MT280_OS_V_3x3_0_BScanThumb_0000014.BMP,MT280,MT280_OS,OS,1,Young Male,Controls,0,90.0,90.0,0.0,Male,BScanThumb,Right Eye,baseline,97.0,Baseline 4-18-16,day_0,90.0,1
data/Cohort_1/Day 97/Controls/MT 280/Bioptigen/Baseline 4-18-16/OS/MT280_OS_L_2_0_REGAVG0000020.BMP,MT280,MT280_OS,OS,1,Young Male,Controls,0,90.0,90.0,0.0,Male,REGAVG,Right Eye,baseline,97.0,Baseline 4-18-16,day_0,90.0,1
data/Cohort_1/Day 97/Controls/MT 280/Bioptigen/Baseline 4-18-16/OS/MT280_OS_L_2_0_REGAVG0000024.BMP,MT280,MT280_OS,OS,1,Young Male,Controls,0,90.0,90.0,0.0,Male,REGAVG,Right Eye,baseline,97.0,Baseline 4-18-16,day_0,90.0,1
data/Cohort_1/Day 97/Controls/MT 280/Bioptigen/End HLS/OD/MT280_OD_L_2_0_BScanThumb_0000044.BMP,MT280,MT280_OD,OD,1,Young Male,Controls,90,187.0,90.0,97.0,Male,BScanThumb,Right Eye,end_hls,97.0,End HLS,day_90,180.0,1
data/Cohort_1/Day 97/Controls/MT 280/Bioptigen/End HLS/OD/MT280_OD_L_2_0_BScanThumb_0000048.BMP,MT280,MT280_OD,OD,1,Young Male,Controls,90,187.0,90.0,97.0,Male,BScanThumb,Right Eye,end_hls,97.0,End HLS,day_90,180.0,1
data/Cohort_1/Day 97/Controls/MT 280/Bioptigen/End HLS/OD/MT280_OD_V_3x3_0_BScanThumb_0000039.BMP,MT280,MT280_OD,OD,1,Young Male,Controls,90,187.0,90.0,97.0,Male,BScanThumb,Right Eye,end_hls,97.0,End HLS,day_90,180.0,1
data/Cohort_1/Day 97/Controls/MT 280/Bioptigen/End HLS/OD/MT280_OD_L_2_0_REGAVG0000045.BMP,MT280,MT280_OD,OD,1,Young Male,Controls,90,187.0,90.0,97.0,Male,REGAVG,Right Eye,end_hls,97.0,End HLS,day_90,180.0,1
data/Cohort_1/Day 97/Controls/MT 280/Bioptigen/End HLS/OD/MT280_OD_L_2_0_REGAVG0000049.BMP,MT280,MT280_OD,OD,1,Young Male,Controls,90,187.0,90.0,97.0,Male,REGAVG,Right Eye,end_hls,97.0,End HLS,day_90,180.0,1
data/Cohort_1/Day 97/Controls/MT 280/Bioptigen/End HLS/OS/MT280_OS_L_2_0_BScanThumb_0000063.BMP,MT280,MT280_OS,OS,1,Young Male,Controls,90,187.0,90.0,97.0,Male,BScanThumb,Right Eye,end_hls,97.0,End HLS,day_90,180.0,1
data/Cohort_1/Day 97/Controls/MT 280/Bioptigen/End HLS/OS/MT280_OS_L_2_0_BScanThumb_0000067.BMP,MT280,MT280_OS,OS,1,Young Male,Controls,90,187.0,90.0,97.0,Male,BScanThumb,Right Eye,end_hls,97.0,End HLS,day_90,180.0,1
data/Cohort_1/Day 97/Controls/MT 280/Bioptigen/End HLS/OS/MT280_OS_L_2_0_BScanThumb_0000076.BMP,MT280,MT280_OS,OS,1,Young Male,Controls,90,187.0,90.0,97.0,Male,BScanThumb,Right Eye,end_hls,97.0,End HLS,day_90,180.0,1
data/Cohort_1/Day 97/Controls/MT 280/Bioptigen/End HLS/OS/MT280_OS_L_2_0_BScanThumb_0000083.BMP,MT280,MT280_OS,OS,1,Young Male,Controls,90,187.0,90.0,97.0,Male,BScanThumb,Right Eye,end_hls,97.0,End HLS,day_90,180.0,1
data/Cohort_1/Day 97/Controls/MT 280/Bioptigen/End HLS/OS/MT280_OS_V_2x2_0_BScanThumb_0000087.BMP,MT280,MT280_OS,OS,1,Young Male,Controls,90,187.0,90.0,97.0,Male,BScanThumb,Right Eye,end_hls,97.0,End HLS,day_90,180.0,1
data/Cohort_1/Day 97/Controls/MT 280/Bioptigen/End HLS/OS/MT280_OS_V_3x3_0_BScanThumb_0000058.BMP,MT280,MT280_OS,OS,1,Young Male,Controls,90,187.0,90.0,97.0,Male,BScanThumb,Right Eye,end_hls,97.0,End HLS,day_90,180.0,1
data/Cohort_1/Day 97/Controls/MT 280/Bioptigen/End HLS/OS/MT280_OS_V_3x3_0_BScanThumb_0000071.BMP,MT280,MT280_OS,OS,1,Young Male,Controls,90,187.0,90.0,97.0,Male,BScanThumb,Right Eye,end_hls,97.0,End HLS,day_90,180.0,1
data/Cohort_1/Day 97/Controls/MT 280/Bioptigen/End HLS/OS/MT280_OS_L_2_0_REGAVG0000064.BMP,MT280,MT280_OS,OS,1,Young Male,Controls,90,187.0,90.0,97.0,Male,REGAVG,Right Eye,end_hls,97.0,End HLS,day_90,180.0,1
data/Cohort_1/Day 97/Controls/MT 280/Bioptigen/End HLS/OS/MT280_OS_L_2_0_REGAVG0000068.BMP,MT280,MT280_OS,OS,1,Young Male,Controls,90,187.0,90.0,97.0,Male,REGAVG,Right Eye,end_hls,97.0,End HLS,day_90,180.0,1
data/Cohort_1/Day 97/Controls/MT 280/Bioptigen/End HLS/OS/MT280_OS_L_2_0_REGAVG0000077.BMP,MT280,MT280_OS,OS,1,Young Male,Controls,90,187.0,90.0,97.0,Male,REGAVG,Right Eye,end_hls,97.0,End HLS,day_90,180.0,1
data/Cohort_1/Day 180/Controls/MT 293/Bioptigen/10-24-16 Baseline/OD/MT293_OD_L_2_0_BScanThumb_0000006.BMP,MT293,MT293_OD,OD,1,Young Male,Controls,0,90.0,90.0,0.0,Male,BScanThumb,Right Eye,baseline,180.0,10-24-16 Baseline,day_0,90.0,2
data/Cohort_1/Day 180/Controls/MT 293/Bioptigen/10-24-16 Baseline/OD/MT293_OD_L_2_0_BScanThumb_0000010.BMP,MT293,MT293_OD,OD,1,Young Male,Controls,0,90.0,90.0,0.0,Male,BScanThumb,Right Eye,baseline,180.0,10-24-16 Baseline,day_0,90.0,2
data/Cohort_1/Day 180/Controls/MT 293/Bioptigen/10-24-16 Baseline/OD/MT293_OD_V_3x3_0_BScanThumb_0000001.BMP,MT293,MT293_OD,OD,1,Young Male,Controls,0,90.0,90.0,0.0,Male,BScanThumb,Right Eye,baseline,180.0,10-24-16 Baseline,day_0,90.0,2
data/Cohort_1/Day 180/Controls/MT 293/Bioptigen/10-24-16 Baseline/OD/MT293_OD_L_2_0_REGAVG0000007.BMP,MT293,MT293_OD,OD,1,Young Male,Controls,0,90.0,90.0,0.0,Male,REGAVG,Right Eye,baseline,180.0,10-24-16 Baseline,day_0,90.0,2
data/Cohort_1/Day 180/Controls/MT 293/Bioptigen/10-24-16 Baseline/OD/MT293_OD_L_2_0_REGAVG0000011.BMP,MT293,MT293_OD,OD,1,Young Male,Controls,0,90.0,90.0,0.0,Male,REGAVG,Right Eye,baseline,180.0,10-24-16 Baseline,day_0,90.0,2
data/Cohort_1/Day 180/Controls/MT 293/Bioptigen/10-24-16 Baseline/OS/MT293_OS_L_2_0_BScanThumb_0000019.BMP,MT293,MT293_OS,OS,1,Young Male,Controls,0,90.0,90.0,0.0,Male,BScanThumb,Right Eye,baseline,180.0,10-24-16 Baseline,day_0,90.0,2
data/Cohort_1/Day 180/Controls/MT 293/Bioptigen/10-24-16 Baseline/OS/MT293_OS_L_2_0_BScanThumb_0000023.BMP,MT293,MT293_OS,OS,1,Young Male,Controls,0,90.0,90.0,0.0,Male,BScanThumb,Right Eye,baseline,180.0,10-24-16 Baseline,day_0,90.0,2
data/Cohort_1/Day 180/Controls/MT 293/Bioptigen/10-24-16 Baseline/OS/MT293_OS_V_3x3_0_BScanThumb_0000014.BMP,MT293,MT293_OS,OS,1,Young Male,Controls,0,90.0,90.0,0.0,Male,BScanThumb,Right Eye,baseline,180.0,10-24-16 Baseline,day_0,90.0,2
data/Cohort_1/Day 180/Controls/MT 293/Bioptigen/10-24-16 Baseline/OS/MT293_OS_L_2_0_REGAVG0000020.BMP,MT293,MT293_OS,OS,1,Young Male,Controls,0,90.0,90.0,0.0,Male,REGAVG,Right Eye,baseline,180.0,10-24-16 Baseline,day_0,90.0,2
data/Cohort_1/Day 180/Controls/MT 293/Bioptigen/10-24-16 Baseline/OS/MT293_OS_L_2_0_REGAVG0000024.BMP,MT293,MT293_OS,OS,1,Young Male,Controls,0,90.0,90.0,0.0,Male,REGAVG,Right Eye,baseline,180.0,10-24-16 Baseline,day_0,90.0,2
data/Cohort_1/Day 180/Controls/MT 293/Bioptigen/End HLS/OD/MT293_OD_L_2_0_BScanThumb_0000044.BMP,MT293,MT293_OD,OD,1,Young Male,Controls,90,270.0,90.0,180.0,Male,BScanThumb,Right Eye,end_hls,180.0,End HLS,day_90,180.0,2
data/Cohort_1/Day 180/Controls/MT 293/Bioptigen/End HLS/OD/MT293_OD_L_2_0_BScanThumb_0000048.BMP,MT293,MT293_OD,OD,1,Young Male,Controls,90,270.0,90.0,180.0,Male,BScanThumb,Right Eye,end_hls,180.0,End HLS,day_90,180.0,2
data/Cohort_1/Day 180/Controls/MT 293/Bioptigen/End HLS/OD/MT293_OD_V_3x3_0_BScanThumb_0000039.BMP,MT293,MT293_OD,OD,1,Young Male,Controls,90,270.0,90.0,180.0,Male,BScanThumb,Right Eye,end_hls,180.0,End HLS,day_90,180.0,2
data/Cohort_1/Day 180/Controls/MT 293/Bioptigen/End HLS/OD/MT293_OD_L_2_0_REGAVG0000045.BMP,MT293,MT293_OD,OD,1,Young Male,Controls,90,270.0,90.0,180.0,Male,REGAVG,Right Eye,end_hls,180.0,End HLS,day_90,180.0,2
data/Cohort_1/Day 180/Controls/MT 293/Bioptigen/End HLS/OD/MT293_OD_L_2_0_REGAVG0000049.BMP,MT293,MT293_OD,OD,1,Young Male,Controls,90,270.0,90.0,180.0,Male,REGAVG,Right Eye,end_hls,180.0,End HLS,day_90,180.0,2
data/Cohort_1/Day 180/Controls/MT 293/Bioptigen/End HLS/OS/MT293_OS_L_2_0_BScanThumb_0000057.BMP,MT293,MT293_OS,OS,1,Young Male,Controls,90,270.0,90.0,180.0,Male,BScanThumb,Right Eye,end_hls,180.0,End HLS,day_90,180.0,2
data/Cohort_1/Day 180/Controls/MT 293/Bioptigen/End HLS/OS/MT293_OS_L_2_0_BScanThumb_0000061.BMP,MT293,MT293_OS,OS,1,Young Male,Controls,90,270.0,90.0,180.0,Male,BScanThumb,Right Eye,end_hls,180.0,End HLS,day_90,180.0,2
data/Cohort_1/Day 180/Controls/MT 293/Bioptigen/End HLS/OS/MT293_OS_V_3x3_0_BScanThumb_0000052.BMP,MT293,MT293_OS,OS,1,Young Male,Controls,90,270.0,90.0,180.0,Male,BScanThumb,Right Eye,end_hls,180.0,End HLS,day_90,180.0,2
data/Cohort_1/Day 180/Controls/MT 293/Bioptigen/End HLS/OS/MT293_OS_L_2_0_REGAVG0000058.BMP,MT293,MT293_OS,OS,1,Young Male,Controls,90,270.0,90.0,180.0,Male,REGAVG,Right Eye,end_hls,180.0,End HLS,day_90,180.0,2
data/Cohort_1/Day 180/Controls/MT 293/Bioptigen/End HLS/OS/MT293_OS_L_2_0_REGAVG0000062.BMP,MT293,MT293_OS,OS,1,Young Male,Controls,90,270.0,90.0,180.0,Male,REGAVG,Right Eye,end_hls,180.0,End HLS,day_90,180.0,2
data/Cohort_1/Day 180/Controls/MT 296/Bioptigen/10-24-16 Baseline/OD/MT296_OD_L_2_0_BScanThumb_0000006.BMP,MT296,MT296_OD,OD,1,Young Male,Controls,0,90.0,90.0,0.0,Male,BScanThumb,Right Eye,baseline,180.0,10-24-16 Baseline,day_0,90.0,0
data/Cohort_1/Day 180/Controls/MT 296/Bioptigen/10-24-16 Baseline/OD/MT296_OD_L_2_0_BScanThumb_0000010.BMP,MT296,MT296_OD,OD,1,Young Male,Controls,0,90.0,90.0,0.0,Male,BScanThumb,Right Eye,baseline,180.0,10-24-16 Baseline,day_0,90.0,0
data/Cohort_1/Day 180/Controls/MT 296/Bioptigen/10-24-16 Baseline/OD/MT296_OD_V_3x3_0_BScanThumb_0000001.BMP,MT296,MT296_OD,OD,1,Young Male,Controls,0,90.0,90.0,0.0,Male,BScanThumb,Right Eye,baseline,180.0,10-24-16 Baseline,day_0,90.0,0
data/Cohort_1/Day 180/Controls/MT 296/Bioptigen/10-24-16 Baseline/OD/MT296_OD_L_2_0_REGAVG0000007.BMP,MT296,MT296_OD,OD,1,Young Male,Controls,0,90.0,90.0,0.0,Male,REGAVG,Right Eye,baseline,180.0,10-24-16 Baseline,day_0,90.0,0
data/Cohort_1/Day 180/Controls/MT 296/Bioptigen/10-24-16 Baseline/OD/MT296_OD_L_2_0_REGAVG0000011.BMP,MT296,MT296_OD,OD,1,Young Male,Controls,0,90.0,90.0,0.0,Male,REGAVG,Right Eye,baseline,180.0,10-24-16 Baseline,day_0,90.0,0
data/Cohort_1/Day 180/Controls/MT 296/Bioptigen/10-24-16 Baseline/OS/MT296_OS_L_2_0_BScanThumb_0000019.BMP,MT296,MT296_OS,OS,1,Young Male,Controls,0,90.0,90.0,0.0,Male,BScanThumb,Right Eye,baseline,180.0,10-24-16 Baseline,day_0,90.0,0
data/Cohort_1/Day 180/Controls/MT 296/Bioptigen/10-24-16 Baseline/OS/MT296_OS_L_2_0_BScanThumb_0000023.BMP,MT296,MT296_OS,OS,1,Young Male,Controls,0,90.0,90.0,0.0,Male,BScanThumb,Right Eye,baseline,180.0,10-24-16 Baseline,day_0,90.0,0
data/Cohort_1/Day 180/Controls/MT 296/Bioptigen/10-24-16 Baseline/OS/MT296_OS_V_3x3_0_BScanThumb_0000014.BMP,MT296,MT296_OS,OS,1,Young Male,Controls,0,90.0,90.0,0.0,Male,BScanThumb,Right Eye,baseline,180.0,10-24-16 Baseline,day_0,90.0,0
data/Cohort_1/Day 180/Controls/MT 296/Bioptigen/10-24-16 Baseline/OS/MT296_OS_L_2_0_REGAVG0000020.BMP,MT296,MT296_OS,OS,1,Young Male,Controls,0,90.0,90.0,0.0,Male,REGAVG,Right Eye,baseline,180.0,10-24-16 Baseline,day_0,90.0,0
data/Cohort_1/Day 180/Controls/MT 296/Bioptigen/10-24-16 Baseline/OS/MT296_OS_L_2_0_REGAVG0000024.BMP,MT296,MT296_OS,OS,1,Young Male,Controls,0,90.0,90.0,0.0,Male,REGAVG,Right Eye,baseline,180.0,10-24-16 Baseline,day_0,90.0,0
data/Cohort_1/Day 180/Controls/MT 296/Bioptigen/End HLS/OD/MT296_OD_L_2_0_BScanThumb_0000044.BMP,MT296,MT296_OD,OD,1,Young Male,Controls,90,270.0,90.0,180.0,Male,BScanThumb,Right Eye,end_hls,180.0,End HLS,day_90,180.0,0
data/Cohort_1/Day 180/Controls/MT 296/Bioptigen/End HLS/OD/MT296_OD_L_2_0_BScanThumb_0000048.BMP,MT296,MT296_OD,OD,1,Young Male,Controls,90,270.0,90.0,180.0,Male,BScanThumb,Right Eye,end_hls,180.0,End HLS,day_90,180.0,0
data/Cohort_1/Day 180/Controls/MT 296/Bioptigen/End HLS/OD/MT296_OD_V_3x3_0_BScanThumb_0000039.BMP,MT296,MT296_OD,OD,1,Young Male,Controls,90,270.0,90.0,180.0,Male,BScanThumb,Right Eye,end_hls,180.0,End HLS,day_90,180.0,0
data/Cohort_1/Day 180/Controls/MT 296/Bioptigen/End HLS/OD/MT296_OD_L_2_0_REGAVG0000045.BMP,MT296,MT296_OD,OD,1,Young Male,Controls,90,270.0,90.0,180.0,Male,REGAVG,Right Eye,end_hls,180.0,End HLS,day_90,180.0,0
data/Cohort_1/Day 180/Controls/MT 296/Bioptigen/End HLS/OD/MT296_OD_L_2_0_REGAVG0000049.BMP,MT296,MT296_OD,OD,1,Young Male,Controls,90,270.0,90.0,180.0,Male,REGAVG,Right Eye,end_hls,180.0,End HLS,day_90,180.0,0
data/Cohort_1/Day 180/Controls/MT 296/Bioptigen/End HLS/OS/MT296_OS_L_2_0_BScanThumb_0000057.BMP,MT296,MT296_OS,OS,1,Young Male,Controls,90,270.0,90.0,180.0,Male,BScanThumb,Right Eye,end_hls,180.0,End HLS,day_90,180.0,0
data/Cohort_1/Day 180/Controls/MT 296/Bioptigen/End HLS/OS/MT296_OS_L_2_0_BScanThumb_0000061.BMP,MT296,MT296_OS,OS,1,Young Male,Controls,90,270.0,90.0,180.0,Male,BScanThumb,Right Eye,end_hls,180.0,End HLS,day_90,180.0,0
data/Cohort_1/Day 180/Controls/MT 296/Bioptigen/End HLS/OS/MT296_OS_V_3x3_0_BScanThumb_0000052.BMP,MT296,MT296_OS,OS,1,Young Male,Controls,90,270.0,90.0,180.0,Male,BScanThumb,Right Eye,end_hls,180.0,End HLS,day_90,180.0,0
data/Cohort_1/Day 180/Controls/MT 296/Bioptigen/End HLS/OS/MT296_OS_L_2_0_REGAVG0000058.BMP,MT296,MT296_OS,OS,1,Young Male,Controls,90,270.0,90.0,180.0,Male,REGAVG,Right Eye,end_hls,180.0,End HLS,day_90,180.0,0
data/Cohort_1/Day 180/Controls/MT 296/Bioptigen/End HLS/OS/MT296_OS_L_2_0_REGAVG0000062.BMP,MT296,MT296_OS,OS,1,Young Male,Controls,90,270.0,90.0,180.0,Male,REGAVG,Right Eye,end_hls,180.0,End HLS,day_90,180.0,0
data/Cohort_1/Day 180/Controls/MT 302/Bioptigen/10-24-16 Baseline/OD/MT302_OD_L_2_0_BScanThumb_0000006.BMP,MT302,MT302_OD,OD,1,Young Male,Controls,0,90.0,90.0,0.0,Male,BScanThumb,Right Eye,baseline,180.0,10-24-16 Baseline,day_0,90.0,1
data/Cohort_1/Day 180/Controls/MT 302/Bioptigen/10-24-16 Baseline/OD/MT302_OD_L_2_0_BScanThumb_0000010.BMP,MT302,MT302_OD,OD,1,Young Male,Controls,0,90.0,90.0,0.0,Male,BScanThumb,Right Eye,baseline,180.0,10-24-16 Baseline,day_0,90.0,1
data/Cohort_1/Day 180/Controls/MT 302/Bioptigen/10-24-16 Baseline/OD/MT302_OD_V_3x3_0_BScanThumb_0000001.BMP,MT302,MT302_OD,OD,1,Young Male,Controls,0,90.0,90.0,0.0,Male,BScanThumb,Right Eye,baseline,180.0,10-24-16 Baseline,day_0,90.0,1
data/Cohort_1/Day 180/Controls/MT 302/Bioptigen/10-24-16 Baseline/OD/MT302_OD_L_2_0_REGAVG0000007.BMP,MT302,MT302_OD,OD,1,Young Male,Controls,0,90.0,90.0,0.0,Male,REGAVG,Right Eye,baseline,180.0,10-24-16 Baseline,day_0,90.0,1
data/Cohort_1/Day 180/Controls/MT 302/Bioptigen/10-24-16 Baseline/OS/MT302_OS_L_2_0_BScanThumb_0000019.BMP,MT302,MT302_OS,OS,1,Young Male,Controls,0,90.0,90.0,0.0,Male,BScanThumb,Right Eye,baseline,180.0,10-24-16 Baseline,day_0,90.0,1
data/Cohort_1/Day 180/Controls/MT 302/Bioptigen/10-24-16 Baseline/OS/MT302_OS_L_2_0_BScanThumb_0000023.BMP,MT302,MT302_OS,OS,1,Young Male,Controls,0,90.0,90.0,0.0,Male,BScanThumb,Right Eye,baseline,180.0,10-24-16 Baseline,day_0,90.0,1
data/Cohort_1/Day 180/Controls/MT 302/Bioptigen/10-24-16 Baseline/OS/MT302_OS_V_3x3_0_BScanThumb_0000014.BMP,MT302,MT302_OS,OS,1,Young Male,Controls,0,90.0,90.0,0.0,Male,BScanThumb,Right Eye,baseline,180.0,10-24-16 Baseline,day_0,90.0,1
data/Cohort_1/Day 180/Controls/MT 302/Bioptigen/10-24-16 Baseline/OS/MT302_OS_L_2_0_REGAVG0000020.BMP,MT302,MT302_OS,OS,1,Young Male,Controls,0,90.0,90.0,0.0,Male,REGAVG,Right Eye,baseline,180.0,10-24-16 Baseline,day_0,90.0,1
data/Cohort_1/Day 180/Controls/MT 302/Bioptigen/10-24-16 Baseline/OS/MT302_OS_L_2_0_REGAVG0000024.BMP,MT302,MT302_OS,OS,1,Young Male,Controls,0,90.0,90.0,0.0,Male,REGAVG,Right Eye,baseline,180.0,10-24-16 Baseline,day_0,90.0,1
data/Cohort_1/Day 180/Controls/MT 302/Bioptigen/End HLS/OD/MT302_OD_L_2_0_BScanThumb_0000041.BMP,MT302,MT302_OD,OD,1,Young Male,Controls,90,270.0,90.0,180.0,Male,BScanThumb,Right Eye,end_hls,180.0,End HLS,day_90,180.0,1
data/Cohort_1/Day 180/Controls/MT 302/Bioptigen/End HLS/OD/MT302_OD_L_2_0_BScanThumb_0000045.BMP,MT302,MT302_OD,OD,1,Young Male,Controls,90,270.0,90.0,180.0,Male,BScanThumb,Right Eye,end_hls,180.0,End HLS,day_90,180.0,1
data/Cohort_1/Day 180/Controls/MT 302/Bioptigen/End HLS/OD/MT302_OD_V_3x3_0_BScanThumb_0000036.BMP,MT302,MT302_OD,OD,1,Young Male,Controls,90,270.0,90.0,180.0,Male,BScanThumb,Right Eye,end_hls,180.0,End HLS,day_90,180.0,1
data/Cohort_1/Day 180/Controls/MT 302/Bioptigen/End HLS/OD/MT302_OD_L_2_0_REGAVG0000042.BMP,MT302,MT302_OD,OD,1,Young Male,Controls,90,270.0,90.0,180.0,Male,REGAVG,Right Eye,end_hls,180.0,End HLS,day_90,180.0,1
data/Cohort_1/Day 180/Controls/MT 302/Bioptigen/End HLS/OD/MT302_OD_L_2_0_REGAVG0000046.BMP,MT302,MT302_OD,OD,1,Young Male,Controls,90,270.0,90.0,180.0,Male,REGAVG,Right Eye,end_hls,180.0,End HLS,day_90,180.0,1
data/Cohort_1/Day 180/Controls/MT 302/Bioptigen/End HLS/OS/MT302_OS_L_2_0_BScanThumb_0000054.BMP,MT302,MT302_OS,OS,1,Young Male,Controls,90,270.0,90.0,180.0,Male,BScanThumb,Right Eye,end_hls,180.0,End HLS,day_90,180.0,1
data/Cohort_1/Day 180/Controls/MT 302/Bioptigen/End HLS/OS/MT302_OS_L_2_0_BScanThumb_0000058.BMP,MT302,MT302_OS,OS,1,Young Male,Controls,90,270.0,90.0,180.0,Male,BScanThumb,Right Eye,end_hls,180.0,End HLS,day_90,180.0,1
data/Cohort_1/Day 180/Controls/MT 302/Bioptigen/End HLS/OS/MT302_OS_V_3x3_0_BScanThumb_0000049.BMP,MT302,MT302_OS,OS,1,Young Male,Controls,90,270.0,90.0,180.0,Male,BScanThumb,Right Eye,end_hls,180.0,End HLS,day_90,180.0,1
data/Cohort_1/Day 180/Controls/MT 302/Bioptigen/End HLS/OS/MT302_OS_L_2_0_REGAVG0000055.BMP,MT302,MT302_OS,OS,1,Young Male,Controls,90,270.0,90.0,180.0,Male,REGAVG,Right Eye,end_hls,180.0,End HLS,day_90,180.0,1
data/Cohort_1/Day 180/Controls/MT 302/Bioptigen/End HLS/OS/MT302_OS_L_2_0_REGAVG0000059.BMP,MT302,MT302_OS,OS,1,Young Male,Controls,90,270.0,90.0,180.0,Male,REGAVG,Right Eye,end_hls,180.0,End HLS,day_90,180.0,1
data/Cohort_1/Day 180/Controls/MT 303/Bioptigen/10-24-16 Baseline/OD/MT303_OD_L_2_0_BScanThumb_0000006.BMP,MT303,MT303_OD,OD,1,Young Male,Controls,0,90.0,90.0,0.0,Male,BScanThumb,Right Eye,baseline,180.0,10-24-16 Baseline,day_0,90.0,2
data/Cohort_1/Day 180/Controls/MT 303/Bioptigen/10-24-16 Baseline/OD/MT303_OD_L_2_0_BScanThumb_0000010.BMP,MT303,MT303_OD,OD,1,Young Male,Controls,0,90.0,90.0,0.0,Male,BScanThumb,Right Eye,baseline,180.0,10-24-16 Baseline,day_0,90.0,2
data/Cohort_1/Day 180/Controls/MT 303/Bioptigen/10-24-16 Baseline/OD/MT303_OD_V_3x3_0_BScanThumb_0000001.BMP,MT303,MT303_OD,OD,1,Young Male,Controls,0,90.0,90.0,0.0,Male,BScanThumb,Right Eye,baseline,180.0,10-24-16 Baseline,day_0,90.0,2
data/Cohort_1/Day 180/Controls/MT 303/Bioptigen/10-24-16 Baseline/OD/MT303_OD_L_2_0_REGAVG0000007.BMP,MT303,MT303_OD,OD,1,Young Male,Controls,0,90.0,90.0,0.0,Male,REGAVG,Right Eye,baseline,180.0,10-24-16 Baseline,day_0,90.0,2
data/Cohort_1/Day 180/Controls/MT 303/Bioptigen/10-24-16 Baseline/OD/MT303_OD_L_2_0_REGAVG0000011.BMP,MT303,MT303_OD,OD,1,Young Male,Controls,0,90.0,90.0,0.0,Male,REGAVG,Right Eye,baseline,180.0,10-24-16 Baseline,day_0,90.0,2
data/Cohort_1/Day 180/Controls/MT 303/Bioptigen/10-24-16 Baseline/OS/MT303_OS_L_2_0_BScanThumb_0000019.BMP,MT303,MT303_OS,OS,1,Young Male,Controls,0,90.0,90.0,0.0,Male,BScanThumb,Right Eye,baseline,180.0,10-24-16 Baseline,day_0,90.0,2
data/Cohort_1/Day 180/Controls/MT 303/Bioptigen/10-24-16 Baseline/OS/MT303_OS_L_2_0_BScanThumb_0000023.BMP,MT303,MT303_OS,OS,1,Young Male,Controls,0,90.0,90.0,0.0,Male,BScanThumb,Right Eye,baseline,180.0,10-24-16 Baseline,day_0,90.0,2
data/Cohort_1/Day 180/Controls/MT 303/Bioptigen/10-24-16 Baseline/OS/MT303_OS_V_3x3_0_BScanThumb_0000014.BMP,MT303,MT303_OS,OS,1,Young Male,Controls,0,90.0,90.0,0.0,Male,BScanThumb,Right Eye,baseline,180.0,10-24-16 Baseline,day_0,90.0,2
data/Cohort_1/Day 180/Controls/MT 303/Bioptigen/10-24-16 Baseline/OS/MT303_OS_L_2_0_REGAVG0000020.BMP,MT303,MT303_OS,OS,1,Young Male,Controls,0,90.0,90.0,0.0,Male,REGAVG,Right Eye,baseline,180.0,10-24-16 Baseline,day_0,90.0,2
data/Cohort_1/Day 180/Controls/MT 303/Bioptigen/10-24-16 Baseline/OS/MT303_OS_L_2_0_REGAVG0000024.BMP,MT303,MT303_OS,OS,1,Young Male,Controls,0,90.0,90.0,0.0,Male,REGAVG,Right Eye,baseline,180.0,10-24-16 Baseline,day_0,90.0,2
data/Cohort_1/Day 180/Controls/MT 303/Bioptigen/End HLS/OD/MT303_OD_L_2_0_BScanThumb_0000044.BMP,MT303,MT303_OD,OD,1,Young Male,Controls,90,270.0,90.0,180.0,Male,BScanThumb,Right Eye,end_hls,180.0,End HLS,day_90,180.0,2
data/Cohort_1/Day 180/Controls/MT 303/Bioptigen/End HLS/OD/MT303_OD_L_2_0_BScanThumb_0000048.BMP,MT303,MT303_OD,OD,1,Young Male,Controls,90,270.0,90.0,180.0,Male,BScanThumb,Right Eye,end_hls,180.0,End HLS,day_90,180.0,2
data/Cohort_1/Day 180/Controls/MT 303/Bioptigen/End HLS/OD/MT303_OD_V_3x3_0_BScanThumb_0000039.BMP,MT303,MT303_OD,OD,1,Young Male,Controls,90,270.0,90.0,180.0,Male,BScanThumb,Right Eye,end_hls,180.0,End HLS,day_90,180.0,2
data/Cohort_1/Day 180/Controls/MT 303/Bioptigen/End HLS/OD/MT303_OD_L_2_0_REGAVG0000045.BMP,MT303,MT303_OD,OD,1,Young Male,Controls,90,270.0,90.0,180.0,Male,REGAVG,Right Eye,end_hls,180.0,End HLS,day_90,180.0,2
data/Cohort_1/Day 180/Controls/MT 303/Bioptigen/End HLS/OD/MT303_OD_L_2_0_REGAVG0000049.BMP,MT303,MT303_OD,OD,1,Young Male,Controls,90,270.0,90.0,180.0,Male,REGAVG,Right Eye,end_hls,180.0,End HLS,day_90,180.0,2
data/Cohort_1/Day 180/Controls/MT 303/Bioptigen/End HLS/OS/MT303_OS_L_2_0_BScanThumb_0000057.BMP,MT303,MT303_OS,OS,1,Young Male,Controls,90,270.0,90.0,180.0,Male,BScanThumb,Right Eye,end_hls,180.0,End HLS,day_90,180.0,2
data/Cohort_1/Day 180/Controls/MT 303/Bioptigen/End HLS/OS/MT303_OS_L_2_0_BScanThumb_0000061.BMP,MT303,MT303_OS,OS,1,Young Male,Controls,90,270.0,90.0,180.0,Male,BScanThumb,Right Eye,end_hls,180.0,End HLS,day_90,180.0,2
data/Cohort_1/Day 180/Controls/MT 303/Bioptigen/End HLS/OS/MT303_OS_V_3x3_0_BScanThumb_0000052.BMP,MT303,MT303_OS,OS,1,Young Male,Controls,90,270.0,90.0,180.0,Male,BScanThumb,Right Eye,end_hls,180.0,End HLS,day_90,180.0,2
data/Cohort_1/Day 180/Controls/MT 303/Bioptigen/End HLS/OS/MT303_OS_L_2_0_REGAVG0000058.BMP,MT303,MT303_OS,OS,1,Young Male,Controls,90,270.0,90.0,180.0,Male,REGAVG,Right Eye,end_hls,180.0,End HLS,day_90,180.0,2
data/Cohort_1/Day 180/Controls/MT 303/Bioptigen/End HLS/OS/MT303_OS_L_2_0_REGAVG0000062.BMP,MT303,MT303_OS,OS,1,Young Male,Controls,90,270.0,90.0,180.0,Male,REGAVG,Right Eye,end_hls,180.0,End HLS,day_90,180.0,2
data/Cohort_1/Day 90/Controls/MT 32/Bioptigen/Baseline/OD/32_OD_A_0x3_0_BScanThumb_0000021.BMP,MT32,MT32_OD,OD,1,Young Male,Controls,0,90.0,90.0,0.0,Male,BScanThumb,Right Eye,baseline,90.0,Baseline,day_0,90.0,0
data/Cohort_1/Day 90/Controls/MT 32/Bioptigen/Baseline/OD/32_OD_L_3_0_BScanThumb_0000025.BMP,MT32,MT32_OD,OD,1,Young Male,Controls,0,90.0,90.0,0.0,Male,BScanThumb,Right Eye,baseline,90.0,Baseline,day_0,90.0,0
data/Cohort_1/Day 90/Controls/MT 32/Bioptigen/Baseline/OD/32_OD_R_3_0_BScanThumb_0000009.BMP,MT32,MT32_OD,OD,1,Young Male,Controls,0,90.0,90.0,0.0,Male,BScanThumb,Right Eye,baseline,90.0,Baseline,day_0,90.0,0
data/Cohort_1/Day 90/Controls/MT 32/Bioptigen/Baseline/OD/32_OD_V_1x1_0_BScanThumb_0000017.BMP,MT32,MT32_OD,OD,1,Young Male,Controls,0,90.0,90.0,0.0,Male,BScanThumb,Right Eye,baseline,90.0,Baseline,day_0,90.0,0
data/Cohort_1/Day 90/Controls/MT 32/Bioptigen/Baseline/OD/32_OD_V_3x3_0_BScanThumb_0000001.BMP,MT32,MT32_OD,OD,1,Young Male,Controls,0,90.0,90.0,0.0,Male,BScanThumb,Right Eye,baseline,90.0,Baseline,day_0,90.0,0
data/Cohort_1/Day 90/Controls/MT 32/Bioptigen/Baseline/OD/32_OD_V_3x3_0_BScanThumb_0000005.BMP,MT32,MT32_OD,OD,1,Young Male,Controls,0,90.0,90.0,0.0,Male,BScanThumb,Right Eye,baseline,90.0,Baseline,day_0,90.0,0
data/Cohort_1/Day 90/Controls/MT 32/Bioptigen/Baseline/OD/32_OD_V_3x3_0_BScanThumb_0000013.BMP,MT32,MT32_OD,OD,1,Young Male,Controls,0,90.0,90.0,0.0,Male,BScanThumb,Right Eye,baseline,90.0,Baseline,day_0,90.0,0
data/Cohort_1/Day 90/Controls/MT 32/Bioptigen/Baseline/OD/Copy of 32_OD_V_3x3_0_BScanThumb_0000005.BMP,MT32,MT32_OD,OD,1,Young Male,Controls,0,90.0,90.0,0.0,Male,BScanThumb,Right Eye,baseline,90.0,Baseline,day_0,90.0,0
data/Cohort_1/Day 90/Controls/MT 32/Bioptigen/Baseline/OS/32_OS_A_0x3_0_BScanThumb_0000036.BMP,MT32,MT32_OS,OS,1,Young Male,Controls,0,90.0,90.0,0.0,Male,BScanThumb,Right Eye,baseline,90.0,Baseline,day_0,90.0,0
data/Cohort_1/Day 90/Controls/MT 32/Bioptigen/Baseline/OS/32_OS_L_3_0_BScanThumb_0000048.BMP,MT32,MT32_OS,OS,1,Young Male,Controls,0,90.0,90.0,0.0,Male,BScanThumb,Right Eye,baseline,90.0,Baseline,day_0,90.0,0
data/Cohort_1/Day 90/Controls/MT 32/Bioptigen/Baseline/OS/32_OS_R_3_0_BScanThumb_0000044.BMP,MT32,MT32_OS,OS,1,Young Male,Controls,0,90.0,90.0,0.0,Male,BScanThumb,Right Eye,baseline,90.0,Baseline,day_0,90.0,0
data/Cohort_1/Day 90/Controls/MT 32/Bioptigen/Baseline/OS/32_OS_V_1x1_0_BScanThumb_0000051.BMP,MT32,MT32_OS,OS,1,Young Male,Controls,0,90.0,90.0,0.0,Male,BScanThumb,Right Eye,baseline,90.0,Baseline,day_0,90.0,0
data/Cohort_1/Day 90/Controls/MT 32/Bioptigen/Baseline/OS/32_OS_V_3x3_0_BScanThumb_0000028.BMP,MT32,MT32_OS,OS,1,Young Male,Controls,0,90.0,90.0,0.0,Male,BScanThumb,Right Eye,baseline,90.0,Baseline,day_0,90.0,0
data/Cohort_1/Day 90/Controls/MT 32/Bioptigen/Baseline/OS/32_OS_V_3x3_0_BScanThumb_0000032.BMP,MT32,MT32_OS,OS,1,Young Male,Controls,0,90.0,90.0,0.0,Male,BScanThumb,Right Eye,baseline,90.0,Baseline,day_0,90.0,0
data/Cohort_1/Day 90/Controls/MT 32/Bioptigen/Baseline/OS/32_OS_V_3x3_0_BScanThumb_0000040.BMP,MT32,MT32_OS,OS,1,Young Male,Controls,0,90.0,90.0,0.0,Male,BScanThumb,Right Eye,baseline,90.0,Baseline,day_0,90.0,0
data/Cohort_1/Day 90/Controls/MT 32/Bioptigen/End HLS 07162014/OD/32_OD_L_3_0_BScanThumb_0000071.BMP,MT32,MT32_OD,OD,1,Young Male,Controls,90,180.0,90.0,90.0,Male,BScanThumb,Right Eye,end_hls,90.0,End HLS 07162014,day_90,180.0,0
data/Cohort_1/Day 90/Controls/MT 32/Bioptigen/End HLS 07162014/OD/32_OD_R_3_0_BScanThumb_0000063.BMP,MT32,MT32_OD,OD,1,Young Male,Controls,90,180.0,90.0,90.0,Male,BScanThumb,Right Eye,end_hls,90.0,End HLS 07162014,day_90,180.0,0
data/Cohort_1/Day 90/Controls/MT 32/Bioptigen/End HLS 07162014/OD/32_OD_V_1x1_0_BScanThumb_0000077.BMP,MT32,MT32_OD,OD,1,Young Male,Controls,90,180.0,90.0,90.0,Male,BScanThumb,Right Eye,end_hls,90.0,End HLS 07162014,day_90,180.0,0
data/Cohort_1/Day 90/Controls/MT 32/Bioptigen/End HLS 07162014/OD/32_OD_V_3x3_0_BScanThumb_0000055.BMP,MT32,MT32_OD,OD,1,Young Male,Controls,90,180.0,90.0,90.0,Male,BScanThumb,Right Eye,end_hls,90.0,End HLS 07162014,day_90,180.0,0
data/Cohort_1/Day 90/Controls/MT 32/Bioptigen/End HLS 07162014/OD/32_OD_V_3x3_0_BScanThumb_0000059.BMP,MT32,MT32_OD,OD,1,Young Male,Controls,90,180.0,90.0,90.0,Male,BScanThumb,Right Eye,end_hls,90.0,End HLS 07162014,day_90,180.0,0
data/Cohort_1/Day 90/Controls/MT 32/Bioptigen/End HLS 07162014/OD/32_OD_V_3x3_0_BScanThumb_0000067.BMP,MT32,MT32_OD,OD,1,Young Male,Controls,90,180.0,90.0,90.0,Male,BScanThumb,Right Eye,end_hls,90.0,End HLS 07162014,day_90,180.0,0
data/Cohort_1/Day 90/Controls/MT 32/Bioptigen/End HLS 07162014/OD/32_OD_L_3_0_REGAVG0000072.BMP,MT32,MT32_OD,OD,1,Young Male,Controls,90,180.0,90.0,90.0,Male,REGAVG,Right Eye,end_hls,90.0,End HLS 07162014,day_90,180.0,0
data/Cohort_1/Day 90/Controls/MT 32/Bioptigen/End HLS 07162014/OS/32_OS_L_3_0_BScanThumb_0000085.BMP,MT32,MT32_OS,OS,1,Young Male,Controls,90,180.0,90.0,90.0,Male,BScanThumb,Right Eye,end_hls,90.0,End HLS 07162014,day_90,180.0,0
data/Cohort_1/Day 90/Controls/MT 32/Bioptigen/End HLS 07162014/OS/32_OS_R_3_0_BScanThumb_0000088.BMP,MT32,MT32_OS,OS,1,Young Male,Controls,90,180.0,90.0,90.0,Male,BScanThumb,Right Eye,end_hls,90.0,End HLS 07162014,day_90,180.0,0
data/Cohort_1/Day 90/Controls/MT 32/Bioptigen/End HLS 07162014/OS/32_OS_V_1x1_0_BScanThumb_0000092.BMP,MT32,MT32_OS,OS,1,Young Male,Controls,90,180.0,90.0,90.0,Male,BScanThumb,Right Eye,end_hls,90.0,End HLS 07162014,day_90,180.0,0
data/Cohort_1/Day 90/Controls/MT 32/Bioptigen/End HLS 07162014/OS/32_OS_V_3x3_0_BScanThumb_0000081.BMP,MT32,MT32_OS,OS,1,Young Male,Controls,90,180.0,90.0,90.0,Male,BScanThumb,Right Eye,end_hls,90.0,End HLS 07162014,day_90,180.0,0
data/Cohort_1/Day 90/Controls/MT 32/Bioptigen/End HLS 07162014/OS/32_OS_V_3x3_0_BScanThumb_0000096.BMP,MT32,MT32_OS,OS,1,Young Male,Controls,90,180.0,90.0,90.0,Male,BScanThumb,Right Eye,end_hls,90.0,End HLS 07162014,day_90,180.0,0
data/Cohort_1/Day 90/Controls/MT 32/Bioptigen/End HLS 07162014/OS/32_OS_V_3x3_0_BScanThumb_0000100.BMP,MT32,MT32_OS,OS,1,Young Male,Controls,90,180.0,90.0,90.0,Male,BScanThumb,Right Eye,end_hls,90.0,End HLS 07162014,day_90,180.0,0
data/Cohort_1/Day 90/Controls/MT 32/Bioptigen/End HLS 07162014/OS/32_OS_L_3_0_REGAVG0000086.BMP,MT32,MT32_OS,OS,1,Young Male,Controls,90,180.0,90.0,90.0,Male,REGAVG,Right Eye,end_hls,90.0,End HLS 07162014,day_90,180.0,0
data/Cohort_1/Day 118/Controls/MT 36/Bioptigen/Baseline/OD/36_OD_A_0x3_0_BScanThumb_0000021.BMP,MT36,MT36_OD,OD,1,Young Male,Controls,0,90.0,90.0,0.0,Male,BScanThumb,Left Eye,baseline,118.0,Baseline,day_0,90.0,1
data/Cohort_1/Day 118/Controls/MT 36/Bioptigen/Baseline/OD/36_OD_L_3_0_BScanThumb_0000025.BMP,MT36,MT36_OD,OD,1,Young Male,Controls,0,90.0,90.0,0.0,Male,BScanThumb,Left Eye,baseline,118.0,Baseline,day_0,90.0,1
data/Cohort_1/Day 118/Controls/MT 36/Bioptigen/Baseline/OD/36_OD_R_3_0_BScanThumb_0000009.BMP,MT36,MT36_OD,OD,1,Young Male,Controls,0,90.0,90.0,0.0,Male,BScanThumb,Left Eye,baseline,118.0,Baseline,day_0,90.0,1
data/Cohort_1/Day 118/Controls/MT 36/Bioptigen/Baseline/OD/36_OD_V_1x1_0_BScanThumb_0000017.BMP,MT36,MT36_OD,OD,1,Young Male,Controls,0,90.0,90.0,0.0,Male,BScanThumb,Left Eye,baseline,118.0,Baseline,day_0,90.0,1
data/Cohort_1/Day 118/Controls/MT 36/Bioptigen/Baseline/OD/36_OD_V_3x3_0_BScanThumb_0000001.BMP,MT36,MT36_OD,OD,1,Young Male,Controls,0,90.0,90.0,0.0,Male,BScanThumb,Left Eye,baseline,118.0,Baseline,day_0,90.0,1
data/Cohort_1/Day 118/Controls/MT 36/Bioptigen/Baseline/OD/36_OD_V_3x3_0_BScanThumb_0000005.BMP,MT36,MT36_OD,OD,1,Young Male,Controls,0,90.0,90.0,0.0,Male,BScanThumb,Left Eye,baseline,118.0,Baseline,day_0,90.0,1
data/Cohort_1/Day 118/Controls/MT 36/Bioptigen/Baseline/OS/36_OS_A_0x3_0_BScanThumb_0000036.BMP,MT36,MT36_OS,OS,1,Young Male,Controls,0,90.0,90.0,0.0,Male,BScanThumb,Left Eye,baseline,118.0,Baseline,day_0,90.0,1
data/Cohort_1/Day 118/Controls/MT 36/Bioptigen/Baseline/OS/36_OS_L_3_0_BScanThumb_0000040.BMP,MT36,MT36_OS,OS,1,Young Male,Controls,0,90.0,90.0,0.0,Male,BScanThumb,Left Eye,baseline,118.0,Baseline,day_0,90.0,1
data/Cohort_1/Day 118/Controls/MT 36/Bioptigen/Baseline/OS/36_OS_R_3_0_BScanThumb_0000043.BMP,MT36,MT36_OS,OS,1,Young Male,Controls,0,90.0,90.0,0.0,Male,BScanThumb,Left Eye,baseline,118.0,Baseline,day_0,90.0,1
data/Cohort_1/Day 118/Controls/MT 36/Bioptigen/Baseline/OS/36_OS_V_1x1_0_BScanThumb_0000032.BMP,MT36,MT36_OS,OS,1,Young Male,Controls,0,90.0,90.0,0.0,Male,BScanThumb,Left Eye,baseline,118.0,Baseline,day_0,90.0,1
data/Cohort_1/Day 118/Controls/MT 36/Bioptigen/Baseline/OS/36_OS_V_3x3_0_BScanThumb_0000013.BMP,MT36,MT36_OS,OS,1,Young Male,Controls,0,90.0,90.0,0.0,Male,BScanThumb,Left Eye,baseline,118.0,Baseline,day_0,90.0,1
data/Cohort_1/Day 118/Controls/MT 36/Bioptigen/Baseline/OS/36_OS_V_3x3_0_BScanThumb_0000028.BMP,MT36,MT36_OS,OS,1,Young Male,Controls,0,90.0,90.0,0.0,Male,BScanThumb,Left Eye,baseline,118.0,Baseline,day_0,90.0,1
data/Cohort_1/Day 118/Controls/MT 36/Bioptigen/Baseline/OS/36_OS_V_3x3_0_BScanThumb_0000047.BMP,MT36,MT36_OS,OS,1,Young Male,Controls,0,90.0,90.0,0.0,Male,BScanThumb,Left Eye,baseline,118.0,Baseline,day_0,90.0,1
data/Cohort_1/Day 118/Controls/MT 36/Bioptigen/Baseline/OS/36_OS_V_3x3_0_BScanThumb_0000051.BMP,MT36,MT36_OS,OS,1,Young Male,Controls,0,90.0,90.0,0.0,Male,BScanThumb,Left Eye,baseline,118.0,Baseline,day_0,90.0,1
data/Cohort_1/Day 118/Controls/MT 36/Bioptigen/Baseline/OS/36_OS_V_3x3_0_BScanThumb_0000055.BMP,MT36,MT36_OS,OS,1,Young Male,Controls,0,90.0,90.0,0.0,Male,BScanThumb,Left Eye,baseline,118.0,Baseline,day_0,90.0,1
data/Cohort_1/Day 90/Controls/MT 37/Bioptigen/Baseline/OD/37_OD_A_0x3_0_BScanThumb_0000021.BMP,MT37,MT37_OD,OD,1,Young Male,Controls,0,90.0,90.0,0.0,Male,BScanThumb,Right Eye,baseline,90.0,Baseline,day_0,90.0,2
data/Cohort_1/Day 90/Controls/MT 37/Bioptigen/Baseline/OD/37_OD_L_3_0_BScanThumb_0000025.BMP,MT37,MT37_OD,OD,1,Young Male,Controls,0,90.0,90.0,0.0,Male,BScanThumb,Right Eye,baseline,90.0,Baseline,day_0,90.0,2
data/Cohort_1/Day 90/Controls/MT 37/Bioptigen/Baseline/OD/37_OD_R_3_0_BScanThumb_0000009.BMP,MT37,MT37_OD,OD,1,Young Male,Controls,0,90.0,90.0,0.0,Male,BScanThumb,Right Eye,baseline,90.0,Baseline,day_0,90.0,2
data/Cohort_1/Day 90/Controls/MT 37/Bioptigen/Baseline/OD/37_OD_V_3x3_0_BScanThumb_0000001.BMP,MT37,MT37_OD,OD,1,Young Male,Controls,0,90.0,90.0,0.0,Male,BScanThumb,Right Eye,baseline,90.0,Baseline,day_0,90.0,2
data/Cohort_1/Day 90/Controls/MT 37/Bioptigen/Baseline/OD/37_OD_V_3x3_0_BScanThumb_0000005.BMP,MT37,MT37_OD,OD,1,Young Male,Controls,0,90.0,90.0,0.0,Male,BScanThumb,Right Eye,baseline,90.0,Baseline,day_0,90.0,2
data/Cohort_1/Day 90/Controls/MT 37/Bioptigen/Baseline/OD/37_OD_V_3x3_0_BScanThumb_0000013.BMP,MT37,MT37_OD,OD,1,Young Male,Controls,0,90.0,90.0,0.0,Male,BScanThumb,Right Eye,baseline,90.0,Baseline,day_0,90.0,2
data/Cohort_1/Day 90/Controls/MT 37/Bioptigen/Baseline/OD/37_OD_V_3x3_0_BScanThumb_0000017.BMP,MT37,MT37_OD,OD,1,Young Male,Controls,0,90.0,90.0,0.0,Male,BScanThumb,Right Eye,baseline,90.0,Baseline,day_0,90.0,2
data/Cohort_1/Day 90/Controls/MT 37/Bioptigen/Baseline/OS/37_OS_A_0x3_0_BScanThumb_0000036.BMP,MT37,MT37_OS,OS,1,Young Male,Controls,0,90.0,90.0,0.0,Male,BScanThumb,Right Eye,baseline,90.0,Baseline,day_0,90.0,2
data/Cohort_1/Day 90/Controls/MT 37/Bioptigen/Baseline/OS/37_OS_L_3_0_BScanThumb_0000040.BMP,MT37,MT37_OS,OS,1,Young Male,Controls,0,90.0,90.0,0.0,Male,BScanThumb,Right Eye,baseline,90.0,Baseline,day_0,90.0,2
data/Cohort_1/Day 90/Controls/MT 37/Bioptigen/Baseline/OS/37_OS_R_3_0_BScanThumb_0000043.BMP,MT37,MT37_OS,OS,1,Young Male,Controls,0,90.0,90.0,0.0,Male,BScanThumb,Right Eye,baseline,90.0,Baseline,day_0,90.0,2
data/Cohort_1/Day 90/Controls/MT 37/Bioptigen/Baseline/OS/37_OS_V_1x1_0_BScanThumb_0000032.BMP,MT37,MT37_OS,OS,1,Young Male,Controls,0,90.0,90.0,0.0,Male,BScanThumb,Right Eye,baseline,90.0,Baseline,day_0,90.0,2
data/Cohort_1/Day 90/Controls/MT 37/Bioptigen/Baseline/OS/37_OS_V_1x1_0_BScanThumb_0000055.BMP,MT37,MT37_OS,OS,1,Young Male,Controls,0,90.0,90.0,0.0,Male,BScanThumb,Right Eye,baseline,90.0,Baseline,day_0,90.0,2
data/Cohort_1/Day 90/Controls/MT 37/Bioptigen/Baseline/OS/37_OS_V_3x3_0_BScanThumb_0000028.BMP,MT37,MT37_OS,OS,1,Young Male,Controls,0,90.0,90.0,0.0,Male,BScanThumb,Right Eye,baseline,90.0,Baseline,day_0,90.0,2
data/Cohort_1/Day 90/Controls/MT 37/Bioptigen/Baseline/OS/37_OS_V_3x3_0_BScanThumb_0000047.BMP,MT37,MT37_OS,OS,1,Young Male,Controls,0,90.0,90.0,0.0,Male,BScanThumb,Right Eye,baseline,90.0,Baseline,day_0,90.0,2
data/Cohort_1/Day 90/Controls/MT 37/Bioptigen/Baseline/OS/37_OS_V_3x3_0_BScanThumb_0000051.BMP,MT37,MT37_OS,OS,1,Young Male,Controls,0,90.0,90.0,0.0,Male,BScanThumb,Right Eye,baseline,90.0,Baseline,day_0,90.0,2
data/Cohort_1/Day 90/Controls/MT 37/Bioptigen/End HLS 08132014/OD/37_OD_L_3_0_BScanThumb_0000079.BMP,MT37,MT37_OD,OD,1,Young Male,Controls,90,180.0,90.0,90.0,Male,BScanThumb,Right Eye,end_hls,90.0,End HLS 08132014,day_90,180.0,2
data/Cohort_1/Day 90/Controls/MT 37/Bioptigen/End HLS 08132014/OD/37_OD_L_3_0_BScanThumb_0000082.BMP,MT37,MT37_OD,OD,1,Young Male,Controls,90,180.0,90.0,90.0,Male,BScanThumb,Right Eye,end_hls,90.0,End HLS 08132014,day_90,180.0,2
data/Cohort_1/Day 90/Controls/MT 37/Bioptigen/End HLS 08132014/OD/37_OD_R_3_0_BScanThumb_0000067.BMP,MT37,MT37_OD,OD,1,Young Male,Controls,90,180.0,90.0,90.0,Male,BScanThumb,Right Eye,end_hls,90.0,End HLS 08132014,day_90,180.0,2
data/Cohort_1/Day 90/Controls/MT 37/Bioptigen/End HLS 08132014/OD/37_OD_V_1x1_0_BScanThumb_0000075.BMP,MT37,MT37_OD,OD,1,Young Male,Controls,90,180.0,90.0,90.0,Male,BScanThumb,Right Eye,end_hls,90.0,End HLS 08132014,day_90,180.0,2
data/Cohort_1/Day 90/Controls/MT 37/Bioptigen/End HLS 08132014/OD/37_OD_V_3x3_0_BScanThumb_0000059.BMP,MT37,MT37_OD,OD,1,Young Male,Controls,90,180.0,90.0,90.0,Male,BScanThumb,Right Eye,end_hls,90.0,End HLS 08132014,day_90,180.0,2
data/Cohort_1/Day 90/Controls/MT 37/Bioptigen/End HLS 08132014/OD/37_OD_V_3x3_0_BScanThumb_0000063.BMP,MT37,MT37_OD,OD,1,Young Male,Controls,90,180.0,90.0,90.0,Male,BScanThumb,Right Eye,end_hls,90.0,End HLS 08132014,day_90,180.0,2
data/Cohort_1/Day 90/Controls/MT 37/Bioptigen/End HLS 08132014/OD/37_OD_V_3x3_0_BScanThumb_0000071.BMP,MT37,MT37_OD,OD,1,Young Male,Controls,90,180.0,90.0,90.0,Male,BScanThumb,Right Eye,end_hls,90.0,End HLS 08132014,day_90,180.0,2
data/Cohort_1/Day 90/Controls/MT 37/Bioptigen/End HLS 08132014/OD/37_OD_V_3x3_0_BScanThumb_0000085.BMP,MT37,MT37_OD,OD,1,Young Male,Controls,90,180.0,90.0,90.0,Male,BScanThumb,Right Eye,end_hls,90.0,End HLS 08132014,day_90,180.0,2
data/Cohort_1/Day 90/Controls/MT 37/Bioptigen/End HLS 08132014/OD/37_OD_L_3_0_REGAVG0000080.BMP,MT37,MT37_OD,OD,1,Young Male,Controls,90,180.0,90.0,90.0,Male,REGAVG,Right Eye,end_hls,90.0,End HLS 08132014,day_90,180.0,2
data/Cohort_1/Day 90/Controls/MT 37/Bioptigen/End HLS 08132014/OD/37_OD_L_3_0_REGAVG0000083.BMP,MT37,MT37_OD,OD,1,Young Male,Controls,90,180.0,90.0,90.0,Male,REGAVG,Right Eye,end_hls,90.0,End HLS 08132014,day_90,180.0,2
data/Cohort_1/Day 90/Controls/MT 37/Bioptigen/End HLS 08132014/OD/37_OD_V_1X1_0_REGAVG0000076.BMP,MT37,MT37_OD,OD,1,Young Male,Controls,90,180.0,90.0,90.0,Male,REGAVG,Right Eye,end_hls,90.0,End HLS 08132014,day_90,180.0,2
data/Cohort_1/Day 90/Controls/MT 37/Bioptigen/End HLS 08132014/OD/37_OD_V_3X3_0_REGAVG0000086.BMP,MT37,MT37_OD,OD,1,Young Male,Controls,90,180.0,90.0,90.0,Male,REGAVG,Right Eye,end_hls,90.0,End HLS 08132014,day_90,180.0,2
data/Cohort_1/Day 90/Controls/MT 37/Bioptigen/End HLS 08132014/OS/37_OS_L_3_0_BScanThumb_0000117.BMP,MT37,MT37_OS,OS,1,Young Male,Controls,90,180.0,90.0,90.0,Male,BScanThumb,Right Eye,end_hls,90.0,End HLS 08132014,day_90,180.0,2
data/Cohort_1/Day 90/Controls/MT 37/Bioptigen/End HLS 08132014/OS/37_OS_L_3_0_BScanThumb_0000124.BMP,MT37,MT37_OS,OS,1,Young Male,Controls,90,180.0,90.0,90.0,Male,BScanThumb,Right Eye,end_hls,90.0,End HLS 08132014,day_90,180.0,2
data/Cohort_1/Day 90/Controls/MT 37/Bioptigen/End HLS 08132014/OS/37_OS_R_3_0_BScanThumb_0000105.BMP,MT37,MT37_OS,OS,1,Young Male,Controls,90,180.0,90.0,90.0,Male,BScanThumb,Right Eye,end_hls,90.0,End HLS 08132014,day_90,180.0,2
data/Cohort_1/Day 90/Controls/MT 37/Bioptigen/End HLS 08132014/OS/37_OS_V_1x1_0_BScanThumb_0000127.BMP,MT37,MT37_OS,OS,1,Young Male,Controls,90,180.0,90.0,90.0,Male,BScanThumb,Right Eye,end_hls,90.0,End HLS 08132014,day_90,180.0,2
data/Cohort_1/Day 90/Controls/MT 37/Bioptigen/End HLS 08132014/OS/37_OS_V_3x3_0_BScanThumb_0000101.BMP,MT37,MT37_OS,OS,1,Young Male,Controls,90,180.0,90.0,90.0,Male,BScanThumb,Right Eye,end_hls,90.0,End HLS 08132014,day_90,180.0,2
data/Cohort_1/Day 90/Controls/MT 37/Bioptigen/End HLS 08132014/OS/37_OS_V_3x3_0_BScanThumb_0000109.BMP,MT37,MT37_OS,OS,1,Young Male,Controls,90,180.0,90.0,90.0,Male,BScanThumb,Right Eye,end_hls,90.0,End HLS 08132014,day_90,180.0,2
data/Cohort_1/Day 90/Controls/MT 37/Bioptigen/End HLS 08132014/OS/37_OS_V_3x3_0_BScanThumb_0000113.BMP,MT37,MT37_OS,OS,1,Young Male,Controls,90,180.0,90.0,90.0,Male,BScanThumb,Right Eye,end_hls,90.0,End HLS 08132014,day_90,180.0,2
data/Cohort_1/Day 90/Controls/MT 37/Bioptigen/End HLS 08132014/OS/37_OS_V_3x3_0_BScanThumb_0000120.BMP,MT37,MT37_OS,OS,1,Young Male,Controls,90,180.0,90.0,90.0,Male,BScanThumb,Right Eye,end_hls,90.0,End HLS 08132014,day_90,180.0,2
data/Cohort_1/Day 90/Controls/MT 37/Bioptigen/End HLS 08132014/OS/37_OS_L_3_0_REGAVG0000118.BMP,MT37,MT37_OS,OS,1,Young Male,Controls,90,180.0,90.0,90.0,Male,REGAVG,Right Eye,end_hls,90.0,End HLS 08132014,day_90,180.0,2
data/Cohort_1/Day 90/Controls/MT 37/Bioptigen/End HLS 08132014/OS/37_OS_L_3_0_REGAVG0000125.BMP,MT37,MT37_OS,OS,1,Young Male,Controls,90,180.0,90.0,90.0,Male,REGAVG,Right Eye,end_hls,90.0,End HLS 08132014,day_90,180.0,2
data/Cohort_1/Day 90/Controls/MT 37/Bioptigen/End HLS 08132014/OS/37_OS_V_1X1_0_REGAVG0000128.BMP,MT37,MT37_OS,OS,1,Young Male,Controls,90,180.0,90.0,90.0,Male,REGAVG,Right Eye,end_hls,90.0,End HLS 08132014,day_90,180.0,2
data/Cohort_1/Day 90/Controls/MT 37/Bioptigen/End HLS 08132014/OS/37_OS_V_3X3_0_REGAVG0000121.BMP,MT37,MT37_OS,OS,1,Young Male,Controls,90,180.0,90.0,90.0,Male,REGAVG,Right Eye,end_hls,90.0,End HLS 08132014,day_90,180.0,2
data/Cohort_1/Day 90/Controls/MT 39/Bioptigen/Baseline/OD/39_OD_A_0x3_0_BScanThumb_0000021.BMP,MT39,MT39_OD,OD,1,Young Male,Controls,0,90.0,90.0,0.0,Male,BScanThumb,Right Eye,baseline,90.0,Baseline,day_0,90.0,0
data/Cohort_1/Day 90/Controls/MT 39/Bioptigen/Baseline/OD/39_OD_L_3_0_BScanThumb_0000025.BMP,MT39,MT39_OD,OD,1,Young Male,Controls,0,90.0,90.0,0.0,Male,BScanThumb,Right Eye,baseline,90.0,Baseline,day_0,90.0,0
data/Cohort_1/Day 90/Controls/MT 39/Bioptigen/Baseline/OD/39_OD_R_3_0_BScanThumb_0000009.BMP,MT39,MT39_OD,OD,1,Young Male,Controls,0,90.0,90.0,0.0,Male,BScanThumb,Right Eye,baseline,90.0,Baseline,day_0,90.0,0
data/Cohort_1/Day 90/Controls/MT 39/Bioptigen/Baseline/OD/39_OD_V_1x1_0_BScanThumb_0000017.BMP,MT39,MT39_OD,OD,1,Young Male,Controls,0,90.0,90.0,0.0,Male,BScanThumb,Right Eye,baseline,90.0,Baseline,day_0,90.0,0
data/Cohort_1/Day 90/Controls/MT 39/Bioptigen/Baseline/OD/39_OD_V_3x3_0_BScanThumb_0000001.BMP,MT39,MT39_OD,OD,1,Young Male,Controls,0,90.0,90.0,0.0,Male,BScanThumb,Right Eye,baseline,90.0,Baseline,day_0,90.0,0
data/Cohort_1/Day 90/Controls/MT 39/Bioptigen/Baseline/OD/39_OD_V_3x3_0_BScanThumb_0000005.BMP,MT39,MT39_OD,OD,1,Young Male,Controls,0,90.0,90.0,0.0,Male,BScanThumb,Right Eye,baseline,90.0,Baseline,day_0,90.0,0
data/Cohort_1/Day 90/Controls/MT 39/Bioptigen/Baseline/OD/39_OD_V_3x3_0_BScanThumb_0000013.BMP,MT39,MT39_OD,OD,1,Young Male,Controls,0,90.0,90.0,0.0,Male,BScanThumb,Right Eye,baseline,90.0,Baseline,day_0,90.0,0
data/Cohort_1/Day 90/Controls/MT 39/Bioptigen/Baseline/OS/39_OS_A_0x3_0_BScanThumb_0000036.BMP,MT39,MT39_OS,OS,1,Young Male,Controls,0,90.0,90.0,0.0,Male,BScanThumb,Right Eye,baseline,90.0,Baseline,day_0,90.0,0
data/Cohort_1/Day 90/Controls/MT 39/Bioptigen/Baseline/OS/39_OS_L_3_0_BScanThumb_0000040.BMP,MT39,MT39_OS,OS,1,Young Male,Controls,0,90.0,90.0,0.0,Male,BScanThumb,Right Eye,baseline,90.0,Baseline,day_0,90.0,0
data/Cohort_1/Day 90/Controls/MT 39/Bioptigen/Baseline/OS/39_OS_R_3_0_BScanThumb_0000043.BMP,MT39,MT39_OS,OS,1,Young Male,Controls,0,90.0,90.0,0.0,Male,BScanThumb,Right Eye,baseline,90.0,Baseline,day_0,90.0,0
data/Cohort_1/Day 90/Controls/MT 39/Bioptigen/Baseline/OS/39_OS_V_1x1_0_BScanThumb_0000055.BMP,MT39,MT39_OS,OS,1,Young Male,Controls,0,90.0,90.0,0.0,Male,BScanThumb,Right Eye,baseline,90.0,Baseline,day_0,90.0,0
data/Cohort_1/Day 90/Controls/MT 39/Bioptigen/Baseline/OS/39_OS_V_3x3_0_BScanThumb_0000028.BMP,MT39,MT39_OS,OS,1,Young Male,Controls,0,90.0,90.0,0.0,Male,BScanThumb,Right Eye,baseline,90.0,Baseline,day_0,90.0,0
data/Cohort_1/Day 90/Controls/MT 39/Bioptigen/Baseline/OS/39_OS_V_3x3_0_BScanThumb_0000032.BMP,MT39,MT39_OS,OS,1,Young Male,Controls,0,90.0,90.0,0.0,Male,BScanThumb,Right Eye,baseline,90.0,Baseline,day_0,90.0,0
data/Cohort_1/Day 90/Controls/MT 39/Bioptigen/Baseline/OS/39_OS_V_3x3_0_BScanThumb_0000047.BMP,MT39,MT39_OS,OS,1,Young Male,Controls,0,90.0,90.0,0.0,Male,BScanThumb,Right Eye,baseline,90.0,Baseline,day_0,90.0,0
data/Cohort_1/Day 90/Controls/MT 39/Bioptigen/Baseline/OS/39_OS_V_3x3_0_BScanThumb_0000051.BMP,MT39,MT39_OS,OS,1,Young Male,Controls,0,90.0,90.0,0.0,Male,BScanThumb,Right Eye,baseline,90.0,Baseline,day_0,90.0,0
data/Cohort_1/Day 90/Controls/MT 39/Bioptigen/End HLS 07162014/OD/39_OD_L_3_0_BScanThumb_0000079.BMP,MT39,MT39_OD,OD,1,Young Male,Controls,90,180.0,90.0,90.0,Male,BScanThumb,Right Eye,end_hls,90.0,End HLS 07162014,day_90,180.0,0
data/Cohort_1/Day 90/Controls/MT 39/Bioptigen/End HLS 07162014/OD/39_OD_R_3_0_BScanThumb_0000067.BMP,MT39,MT39_OD,OD,1,Young Male,Controls,90,180.0,90.0,90.0,Male,BScanThumb,Right Eye,end_hls,90.0,End HLS 07162014,day_90,180.0,0
data/Cohort_1/Day 90/Controls/MT 39/Bioptigen/End HLS 07162014/OD/39_OD_V_1x1_0_BScanThumb_0000075.BMP,MT39,MT39_OD,OD,1,Young Male,Controls,90,180.0,90.0,90.0,Male,BScanThumb,Right Eye,end_hls,90.0,End HLS 07162014,day_90,180.0,0
data/Cohort_1/Day 90/Controls/MT 39/Bioptigen/End HLS 07162014/OD/39_OD_V_3x3_0_BScanThumb_0000059.BMP,MT39,MT39_OD,OD,1,Young Male,Controls,90,180.0,90.0,90.0,Male,BScanThumb,Right Eye,end_hls,90.0,End HLS 07162014,day_90,180.0,0
data/Cohort_1/Day 90/Controls/MT 39/Bioptigen/End HLS 07162014/OD/39_OD_V_3x3_0_BScanThumb_0000063.BMP,MT39,MT39_OD,OD,1,Young Male,Controls,90,180.0,90.0,90.0,Male,BScanThumb,Right Eye,end_hls,90.0,End HLS 07162014,day_90,180.0,0
data/Cohort_1/Day 90/Controls/MT 39/Bioptigen/End HLS 07162014/OD/39_OD_V_3x3_0_BScanThumb_0000071.BMP,MT39,MT39_OD,OD,1,Young Male,Controls,90,180.0,90.0,90.0,Male,BScanThumb,Right Eye,end_hls,90.0,End HLS 07162014,day_90,180.0,0
data/Cohort_1/Day 90/Controls/MT 39/Bioptigen/End HLS 07162014/OD/39_OD_V_3x3_0_BScanThumb_0000082.BMP,MT39,MT39_OD,OD,1,Young Male,Controls,90,180.0,90.0,90.0,Male,BScanThumb,Right Eye,end_hls,90.0,End HLS 07162014,day_90,180.0,0
data/Cohort_1/Day 90/Controls/MT 39/Bioptigen/End HLS 07162014/OD/39_OD_L_3_0_REGAVG0000080.BMP,MT39,MT39_OD,OD,1,Young Male,Controls,90,180.0,90.0,90.0,Male,REGAVG,Right Eye,end_hls,90.0,End HLS 07162014,day_90,180.0,0
data/Cohort_1/Day 90/Controls/MT 39/Bioptigen/End HLS 07162014/OS/39_OS_L_3_0_BScanThumb_0000093.BMP,MT39,MT39_OS,OS,1,Young Male,Controls,90,180.0,90.0,90.0,Male,BScanThumb,Right Eye,end_hls,90.0,End HLS 07162014,day_90,180.0,0
data/Cohort_1/Day 90/Controls/MT 39/Bioptigen/End HLS 07162014/OS/39_OS_R_3_0_BScanThumb_0000112.BMP,MT39,MT39_OS,OS,1,Young Male,Controls,90,180.0,90.0,90.0,Male,BScanThumb,Right Eye,end_hls,90.0,End HLS 07162014,day_90,180.0,0
data/Cohort_1/Day 90/Controls/MT 39/Bioptigen/End HLS 07162014/OS/39_OS_V_1x1_0_BScanThumb_0000100.BMP,MT39,MT39_OS,OS,1,Young Male,Controls,90,180.0,90.0,90.0,Male,BScanThumb,Right Eye,end_hls,90.0,End HLS 07162014,day_90,180.0,0
data/Cohort_1/Day 90/Controls/MT 39/Bioptigen/End HLS 07162014/OS/39_OS_V_3x3_0_BScanThumb_0000089.BMP,MT39,MT39_OS,OS,1,Young Male,Controls,90,180.0,90.0,90.0,Male,BScanThumb,Right Eye,end_hls,90.0,End HLS 07162014,day_90,180.0,0
data/Cohort_1/Day 90/Controls/MT 39/Bioptigen/End HLS 07162014/OS/39_OS_V_3x3_0_BScanThumb_0000096.BMP,MT39,MT39_OS,OS,1,Young Male,Controls,90,180.0,90.0,90.0,Male,BScanThumb,Right Eye,end_hls,90.0,End HLS 07162014,day_90,180.0,0
data/Cohort_1/Day 90/Controls/MT 39/Bioptigen/End HLS 07162014/OS/39_OS_V_3x3_0_BScanThumb_0000104.BMP,MT39,MT39_OS,OS,1,Young Male,Controls,90,180.0,90.0,90.0,Male,BScanThumb,Right Eye,end_hls,90.0,End HLS 07162014,day_90,180.0,0
data/Cohort_1/Day 90/Controls/MT 39/Bioptigen/End HLS 07162014/OS/39_OS_V_3x3_0_BScanThumb_0000108.BMP,MT39,MT39_OS,OS,1,Young Male,Controls,90,180.0,90.0,90.0,Male,BScanThumb,Right Eye,end_hls,90.0,End HLS 07162014,day_90,180.0,0
data/Cohort_1/Day 90/Controls/MT 39/Bioptigen/End HLS 07162014/OS/39_OS_V_3x3_0_BScanThumb_0000116.BMP,MT39,MT39_OS,OS,1,Young Male,Controls,90,180.0,90.0,90.0,Male,BScanThumb,Right Eye,end_hls,90.0,End HLS 07162014,day_90,180.0,0
data/Cohort_1/Day 90/Controls/MT 39/Bioptigen/End HLS 07162014/OS/39_OS_L_3_0_REGAVG0000094.BMP,MT39,MT39_OS,OS,1,Young Male,Controls,90,180.0,90.0,90.0,Male,REGAVG,Right Eye,end_hls,90.0,End HLS 07162014,day_90,180.0,0
data/Cohort_1/Day 118/Controls/MT 42/Bioptigen/Baseline/OD/42_OD_A_0x3_0_BScanThumb_0000021.BMP,MT42,MT42_OD,OD,1,Young Male,Controls,0,90.0,90.0,0.0,Male,BScanThumb,Left Eye,baseline,118.0,Baseline,day_0,90.0,2
data/Cohort_1/Day 118/Controls/MT 42/Bioptigen/Baseline/OD/42_OD_L_3_0_BScanThumb_0000025.BMP,MT42,MT42_OD,OD,1,Young Male,Controls,0,90.0,90.0,0.0,Male,BScanThumb,Left Eye,baseline,118.0,Baseline,day_0,90.0,2
data/Cohort_1/Day 118/Controls/MT 42/Bioptigen/Baseline/OD/42_OD_R_3_0_BScanThumb_0000009.BMP,MT42,MT42_OD,OD,1,Young Male,Controls,0,90.0,90.0,0.0,Male,BScanThumb,Left Eye,baseline,118.0,Baseline,day_0,90.0,2
data/Cohort_1/Day 118/Controls/MT 42/Bioptigen/Baseline/OD/42_OD_V_1x1_0_BScanThumb_0000028.BMP,MT42,MT42_OD,OD,1,Young Male,Controls,0,90.0,90.0,0.0,Male,BScanThumb,Left Eye,baseline,118.0,Baseline,day_0,90.0,2
data/Cohort_1/Day 118/Controls/MT 42/Bioptigen/Baseline/OD/42_OD_V_3x3_0_BScanThumb_0000001.BMP,MT42,MT42_OD,OD,1,Young Male,Controls,0,90.0,90.0,0.0,Male,BScanThumb,Left Eye,baseline,118.0,Baseline,day_0,90.0,2
data/Cohort_1/Day 118/Controls/MT 42/Bioptigen/Baseline/OD/42_OD_V_3x3_0_BScanThumb_0000005.BMP,MT42,MT42_OD,OD,1,Young Male,Controls,0,90.0,90.0,0.0,Male,BScanThumb,Left Eye,baseline,118.0,Baseline,day_0,90.0,2
data/Cohort_1/Day 118/Controls/MT 42/Bioptigen/Baseline/OD/42_OD_V_3x3_0_BScanThumb_0000013.BMP,MT42,MT42_OD,OD,1,Young Male,Controls,0,90.0,90.0,0.0,Male,BScanThumb,Left Eye,baseline,118.0,Baseline,day_0,90.0,2
data/Cohort_1/Day 118/Controls/MT 42/Bioptigen/Baseline/OD/42_OD_V_3x3_0_BScanThumb_0000017.BMP,MT42,MT42_OD,OD,1,Young Male,Controls,0,90.0,90.0,0.0,Male,BScanThumb,Left Eye,baseline,118.0,Baseline,day_0,90.0,2
data/Cohort_1/Day 118/Controls/MT 42/Bioptigen/Baseline/OS/42_OS_A_0x3_0_BScanThumb_0000036.BMP,MT42,MT42_OS,OS,1,Young Male,Controls,0,90.0,90.0,0.0,Male,BScanThumb,Left Eye,baseline,118.0,Baseline,day_0,90.0,2
data/Cohort_1/Day 118/Controls/MT 42/Bioptigen/Baseline/OS/42_OS_L_3_0_BScanThumb_0000040.BMP,MT42,MT42_OS,OS,1,Young Male,Controls,0,90.0,90.0,0.0,Male,BScanThumb,Left Eye,baseline,118.0,Baseline,day_0,90.0,2
data/Cohort_1/Day 118/Controls/MT 42/Bioptigen/Baseline/OS/42_OS_R_3_0_BScanThumb_0000043.BMP,MT42,MT42_OS,OS,1,Young Male,Controls,0,90.0,90.0,0.0,Male,BScanThumb,Left Eye,baseline,118.0,Baseline,day_0,90.0,2
data/Cohort_1/Day 118/Controls/MT 42/Bioptigen/Baseline/OS/42_OS_V_1x1_0_BScanThumb_0000055.BMP,MT42,MT42_OS,OS,1,Young Male,Controls,0,90.0,90.0,0.0,Male,BScanThumb,Left Eye,baseline,118.0,Baseline,day_0,90.0,2
data/Cohort_1/Day 118/Controls/MT 42/Bioptigen/Baseline/OS/42_OS_V_3x3_0_BScanThumb_0000032.BMP,MT42,MT42_OS,OS,1,Young Male,Controls,0,90.0,90.0,0.0,Male,BScanThumb,Left Eye,baseline,118.0,Baseline,day_0,90.0,2
data/Cohort_1/Day 118/Controls/MT 42/Bioptigen/Baseline/OS/42_OS_V_3x3_0_BScanThumb_0000047.BMP,MT42,MT42_OS,OS,1,Young Male,Controls,0,90.0,90.0,0.0,Male,BScanThumb,Left Eye,baseline,118.0,Baseline,day_0,90.0,2
data/Cohort_1/Day 118/Controls/MT 42/Bioptigen/Baseline/OS/42_OS_V_3x3_0_BScanThumb_0000051.BMP,MT42,MT42_OS,OS,1,Young Male,Controls,0,90.0,90.0,0.0,Male,BScanThumb,Left Eye,baseline,118.0,Baseline,day_0,90.0,2
data/Cohort_1/Day 7/Controls/MT 60/Bioptigen/Baseline/OD/60_OD_A_0x3_0_BScanThumb_0000021.BMP,MT60,MT60_OD,OD,1,Young Male,Controls,0,90.0,90.0,0.0,Male,BScanThumb,Right Eye,baseline,7.0,Baseline,day_0,90.0,1
data/Cohort_1/Day 7/Controls/MT 60/Bioptigen/Baseline/OD/60_OD_L_3_0_BScanThumb_0000025.BMP,MT60,MT60_OD,OD,1,Young Male,Controls,0,90.0,90.0,0.0,Male,BScanThumb,Right Eye,baseline,7.0,Baseline,day_0,90.0,1
data/Cohort_1/Day 7/Controls/MT 60/Bioptigen/Baseline/OD/60_OD_R_3_0_BScanThumb_0000009.BMP,MT60,MT60_OD,OD,1,Young Male,Controls,0,90.0,90.0,0.0,Male,BScanThumb,Right Eye,baseline,7.0,Baseline,day_0,90.0,1
data/Cohort_1/Day 7/Controls/MT 60/Bioptigen/Baseline/OD/60_OD_V_1x1_0_BScanThumb_0000017.BMP,MT60,MT60_OD,OD,1,Young Male,Controls,0,90.0,90.0,0.0,Male,BScanThumb,Right Eye,baseline,7.0,Baseline,day_0,90.0,1
data/Cohort_1/Day 7/Controls/MT 60/Bioptigen/Baseline/OD/60_OD_V_3x3_0_BScanThumb_0000001.BMP,MT60,MT60_OD,OD,1,Young Male,Controls,0,90.0,90.0,0.0,Male,BScanThumb,Right Eye,baseline,7.0,Baseline,day_0,90.0,1
data/Cohort_1/Day 7/Controls/MT 60/Bioptigen/Baseline/OD/60_OD_V_3x3_0_BScanThumb_0000005.BMP,MT60,MT60_OD,OD,1,Young Male,Controls,0,90.0,90.0,0.0,Male,BScanThumb,Right Eye,baseline,7.0,Baseline,day_0,90.0,1
data/Cohort_1/Day 7/Controls/MT 60/Bioptigen/Baseline/OD/60_OD_V_3x3_0_BScanThumb_0000013.BMP,MT60,MT60_OD,OD,1,Young Male,Controls,0,90.0,90.0,0.0,Male,BScanThumb,Right Eye,baseline,7.0,Baseline,day_0,90.0,1
data/Cohort_1/Day 7/Controls/MT 60/Bioptigen/Baseline/OS/60_OS_A_0x3_0_BScanThumb_0000036.BMP,MT60,MT60_OS,OS,1,Young Male,Controls,0,90.0,90.0,0.0,Male,BScanThumb,Right Eye,baseline,7.0,Baseline,day_0,90.0,1
data/Cohort_1/Day 7/Controls/MT 60/Bioptigen/Baseline/OS/60_OS_L_3_0_BScanThumb_0000040.BMP,MT60,MT60_OS,OS,1,Young Male,Controls,0,90.0,90.0,0.0,Male,BScanThumb,Right Eye,baseline,7.0,Baseline,day_0,90.0,1
data/Cohort_1/Day 7/Controls/MT 60/Bioptigen/Baseline/OS/60_OS_R_3_0_BScanThumb_0000043.BMP,MT60,MT60_OS,OS,1,Young Male,Controls,0,90.0,90.0,0.0,Male,BScanThumb,Right Eye,baseline,7.0,Baseline,day_0,90.0,1
data/Cohort_1/Day 7/Controls/MT 60/Bioptigen/Baseline/OS/60_OS_V_1x1_0_BScanThumb_0000032.BMP,MT60,MT60_OS,OS,1,Young Male,Controls,0,90.0,90.0,0.0,Male,BScanThumb,Right Eye,baseline,7.0,Baseline,day_0,90.0,1
data/Cohort_1/Day 7/Controls/MT 60/Bioptigen/Baseline/OS/60_OS_V_3x3_0_BScanThumb_0000028.BMP,MT60,MT60_OS,OS,1,Young Male,Controls,0,90.0,90.0,0.0,Male,BScanThumb,Right Eye,baseline,7.0,Baseline,day_0,90.0,1
data/Cohort_1/Day 7/Controls/MT 60/Bioptigen/Baseline/OS/60_OS_V_3x3_0_BScanThumb_0000047.BMP,MT60,MT60_OS,OS,1,Young Male,Controls,0,90.0,90.0,0.0,Male,BScanThumb,Right Eye,baseline,7.0,Baseline,day_0,90.0,1
data/Cohort_1/Day 7/Controls/MT 60/Bioptigen/Baseline/OS/60_OS_V_3x3_0_BScanThumb_0000051.BMP,MT60,MT60_OS,OS,1,Young Male,Controls,0,90.0,90.0,0.0,Male,BScanThumb,Right Eye,baseline,7.0,Baseline,day_0,90.0,1
data/Cohort_1/Day 7/Controls/MT 62/Bioptigen/Baseline/OD/62_OD_A_0x3_0_BScanThumb_0000021.BMP,MT62,MT62_OD,OD,1,Young Male,Controls,0,90.0,90.0,0.0,Male,BScanThumb,Right Eye,baseline,7.0,Baseline,day_0,90.0,1
data/Cohort_1/Day 7/Controls/MT 62/Bioptigen/Baseline/OD/62_OD_L_3_0_BScanThumb_0000025.BMP,MT62,MT62_OD,OD,1,Young Male,Controls,0,90.0,90.0,0.0,Male,BScanThumb,Right Eye,baseline,7.0,Baseline,day_0,90.0,1
data/Cohort_1/Day 7/Controls/MT 62/Bioptigen/Baseline/OD/62_OD_R_3_0_BScanThumb_0000009.BMP,MT62,MT62_OD,OD,1,Young Male,Controls,0,90.0,90.0,0.0,Male,BScanThumb,Right Eye,baseline,7.0,Baseline,day_0,90.0,1
data/Cohort_1/Day 7/Controls/MT 62/Bioptigen/Baseline/OD/62_OD_V_1x1_0_BScanThumb_0000017.BMP,MT62,MT62_OD,OD,1,Young Male,Controls,0,90.0,90.0,0.0,Male,BScanThumb,Right Eye,baseline,7.0,Baseline,day_0,90.0,1
data/Cohort_1/Day 7/Controls/MT 62/Bioptigen/Baseline/OD/62_OD_V_3x3_0_BScanThumb_0000001.BMP,MT62,MT62_OD,OD,1,Young Male,Controls,0,90.0,90.0,0.0,Male,BScanThumb,Right Eye,baseline,7.0,Baseline,day_0,90.0,1
data/Cohort_1/Day 7/Controls/MT 62/Bioptigen/Baseline/OD/62_OD_V_3x3_0_BScanThumb_0000005.BMP,MT62,MT62_OD,OD,1,Young Male,Controls,0,90.0,90.0,0.0,Male,BScanThumb,Right Eye,baseline,7.0,Baseline,day_0,90.0,1
data/Cohort_1/Day 7/Controls/MT 62/Bioptigen/Baseline/OD/62_OD_V_3x3_0_BScanThumb_0000013.BMP,MT62,MT62_OD,OD,1,Young Male,Controls,0,90.0,90.0,0.0,Male,BScanThumb,Right Eye,baseline,7.0,Baseline,day_0,90.0,1
data/Cohort_1/Day 7/Controls/MT 62/Bioptigen/Baseline/OS/62_OS_A_0x3_0_BScanThumb_0000036.BMP,MT62,MT62_OS,OS,1,Young Male,Controls,0,90.0,90.0,0.0,Male,BScanThumb,Right Eye,baseline,7.0,Baseline,day_0,90.0,1
data/Cohort_1/Day 7/Controls/MT 62/Bioptigen/Baseline/OS/62_OS_L_3_0_BScanThumb_0000040.BMP,MT62,MT62_OS,OS,1,Young Male,Controls,0,90.0,90.0,0.0,Male,BScanThumb,Right Eye,baseline,7.0,Baseline,day_0,90.0,1
data/Cohort_1/Day 7/Controls/MT 62/Bioptigen/Baseline/OS/62_OS_R_3_0_BScanThumb_0000043.BMP,MT62,MT62_OS,OS,1,Young Male,Controls,0,90.0,90.0,0.0,Male,BScanThumb,Right Eye,baseline,7.0,Baseline,day_0,90.0,1
data/Cohort_1/Day 7/Controls/MT 62/Bioptigen/Baseline/OS/62_OS_V_1x1_0_BScanThumb_0000032.BMP,MT62,MT62_OS,OS,1,Young Male,Controls,0,90.0,90.0,0.0,Male,BScanThumb,Right Eye,baseline,7.0,Baseline,day_0,90.0,1
data/Cohort_1/Day 7/Controls/MT 62/Bioptigen/Baseline/OS/62_OS_V_3x3_0_BScanThumb_0000028.BMP,MT62,MT62_OS,OS,1,Young Male,Controls,0,90.0,90.0,0.0,Male,BScanThumb,Right Eye,baseline,7.0,Baseline,day_0,90.0,1
data/Cohort_1/Day 7/Controls/MT 62/Bioptigen/Baseline/OS/62_OS_V_3x3_0_BScanThumb_0000047.BMP,MT62,MT62_OS,OS,1,Young Male,Controls,0,90.0,90.0,0.0,Male,BScanThumb,Right Eye,baseline,7.0,Baseline,day_0,90.0,1
data/Cohort_1/Day 28/Controls/MT 64/Bioptigen/Baseline/OD/64_OD_A_0x3_0_BScanThumb_0000021.BMP,MT64,MT64_OD,OD,1,Young Male,Controls,0,90.0,90.0,0.0,Male,BScanThumb,Right Eye,baseline,28.0,Baseline,day_0,90.0,0
data/Cohort_1/Day 28/Controls/MT 64/Bioptigen/Baseline/OD/64_OD_L_3_0_BScanThumb_0000025.BMP,MT64,MT64_OD,OD,1,Young Male,Controls,0,90.0,90.0,0.0,Male,BScanThumb,Right Eye,baseline,28.0,Baseline,day_0,90.0,0
data/Cohort_1/Day 28/Controls/MT 64/Bioptigen/Baseline/OD/64_OD_R_3_0_BScanThumb_0000009.BMP,MT64,MT64_OD,OD,1,Young Male,Controls,0,90.0,90.0,0.0,Male,BScanThumb,Right Eye,baseline,28.0,Baseline,day_0,90.0,0
data/Cohort_1/Day 28/Controls/MT 64/Bioptigen/Baseline/OD/64_OD_V_1x1_0_BScanThumb_0000017.BMP,MT64,MT64_OD,OD,1,Young Male,Controls,0,90.0,90.0,0.0,Male,BScanThumb,Right Eye,baseline,28.0,Baseline,day_0,90.0,0
data/Cohort_1/Day 28/Controls/MT 64/Bioptigen/Baseline/OD/64_OD_V_3x3_0_BScanThumb_0000001.BMP,MT64,MT64_OD,OD,1,Young Male,Controls,0,90.0,90.0,0.0,Male,BScanThumb,Right Eye,baseline,28.0,Baseline,day_0,90.0,0
data/Cohort_1/Day 28/Controls/MT 64/Bioptigen/Baseline/OD/64_OD_V_3x3_0_BScanThumb_0000005.BMP,MT64,MT64_OD,OD,1,Young Male,Controls,0,90.0,90.0,0.0,Male,BScanThumb,Right Eye,baseline,28.0,Baseline,day_0,90.0,0
data/Cohort_1/Day 28/Controls/MT 64/Bioptigen/Baseline/OD/64_OD_V_3x3_0_BScanThumb_0000013.BMP,MT64,MT64_OD,OD,1,Young Male,Controls,0,90.0,90.0,0.0,Male,BScanThumb,Right Eye,baseline,28.0,Baseline,day_0,90.0,0
data/Cohort_1/Day 28/Controls/MT 64/Bioptigen/Baseline/OS/64_OS_A_0x3_0_BScanThumb_0000036.BMP,MT64,MT64_OS,OS,1,Young Male,Controls,0,90.0,90.0,0.0,Male,BScanThumb,Right Eye,baseline,28.0,Baseline,day_0,90.0,0
data/Cohort_1/Day 28/Controls/MT 64/Bioptigen/Baseline/OS/64_OS_L_3_0_BScanThumb_0000040.BMP,MT64,MT64_OS,OS,1,Young Male,Controls,0,90.0,90.0,0.0,Male,BScanThumb,Right Eye,baseline,28.0,Baseline,day_0,90.0,0
data/Cohort_1/Day 28/Controls/MT 64/Bioptigen/Baseline/OS/64_OS_R_3_0_BScanThumb_0000043.BMP,MT64,MT64_OS,OS,1,Young Male,Controls,0,90.0,90.0,0.0,Male,BScanThumb,Right Eye,baseline,28.0,Baseline,day_0,90.0,0
data/Cohort_1/Day 28/Controls/MT 64/Bioptigen/Baseline/OS/64_OS_V_1x1_0_BScanThumb_0000032.BMP,MT64,MT64_OS,OS,1,Young Male,Controls,0,90.0,90.0,0.0,Male,BScanThumb,Right Eye,baseline,28.0,Baseline,day_0,90.0,0
data/Cohort_1/Day 28/Controls/MT 64/Bioptigen/Baseline/OS/64_OS_V_3x3_0_BScanThumb_0000028.BMP,MT64,MT64_OS,OS,1,Young Male,Controls,0,90.0,90.0,0.0,Male,BScanThumb,Right Eye,baseline,28.0,Baseline,day_0,90.0,0
data/Cohort_1/Day 28/Controls/MT 64/Bioptigen/Baseline/OS/64_OS_V_3x3_0_BScanThumb_0000047.BMP,MT64,MT64_OS,OS,1,Young Male,Controls,0,90.0,90.0,0.0,Male,BScanThumb,Right Eye,baseline,28.0,Baseline,day_0,90.0,0
data/Cohort_1/Day 28/Controls/MT 64/Bioptigen/Baseline/OS/64_OS_V_3x3_0_BScanThumb_0000051.BMP,MT64,MT64_OS,OS,1,Young Male,Controls,0,90.0,90.0,0.0,Male,BScanThumb,Right Eye,baseline,28.0,Baseline,day_0,90.0,0
data/Cohort_1/Day 14/Controls/MT 65/Bioptigen/Baseline/OD/65_OD_A_0x3_0_BScanThumb_0000021.BMP,MT65,MT65_OD,OD,1,Young Male,Controls,0,90.0,90.0,0.0,Male,BScanThumb,Right Eye,baseline,14.0,Baseline,day_0,90.0,2
data/Cohort_1/Day 14/Controls/MT 65/Bioptigen/Baseline/OD/65_OD_L_3_0_BScanThumb_0000025.BMP,MT65,MT65_OD,OD,1,Young Male,Controls,0,90.0,90.0,0.0,Male,BScanThumb,Right Eye,baseline,14.0,Baseline,day_0,90.0,2
data/Cohort_1/Day 14/Controls/MT 65/Bioptigen/Baseline/OD/65_OD_R_3_0_BScanThumb_0000009.BMP,MT65,MT65_OD,OD,1,Young Male,Controls,0,90.0,90.0,0.0,Male,BScanThumb,Right Eye,baseline,14.0,Baseline,day_0,90.0,2
data/Cohort_1/Day 14/Controls/MT 65/Bioptigen/Baseline/OD/65_OD_V_1x1_0_BScanThumb_0000017.BMP,MT65,MT65_OD,OD,1,Young Male,Controls,0,90.0,90.0,0.0,Male,BScanThumb,Right Eye,baseline,14.0,Baseline,day_0,90.0,2
data/Cohort_1/Day 14/Controls/MT 65/Bioptigen/Baseline/OD/65_OD_V_3x3_0_BScanThumb_0000001.BMP,MT65,MT65_OD,OD,1,Young Male,Controls,0,90.0,90.0,0.0,Male,BScanThumb,Right Eye,baseline,14.0,Baseline,day_0,90.0,2
data/Cohort_1/Day 14/Controls/MT 65/Bioptigen/Baseline/OD/65_OD_V_3x3_0_BScanThumb_0000005.BMP,MT65,MT65_OD,OD,1,Young Male,Controls,0,90.0,90.0,0.0,Male,BScanThumb,Right Eye,baseline,14.0,Baseline,day_0,90.0,2
data/Cohort_1/Day 14/Controls/MT 65/Bioptigen/Baseline/OD/65_OD_V_3x3_0_BScanThumb_0000013.BMP,MT65,MT65_OD,OD,1,Young Male,Controls,0,90.0,90.0,0.0,Male,BScanThumb,Right Eye,baseline,14.0,Baseline,day_0,90.0,2
data/Cohort_1/Day 14/Controls/MT 65/Bioptigen/Baseline/OS/65_OS_A_0x3_0_BScanThumb_0000036.BMP,MT65,MT65_OS,OS,1,Young Male,Controls,0,90.0,90.0,0.0,Male,BScanThumb,Right Eye,baseline,14.0,Baseline,day_0,90.0,2
data/Cohort_1/Day 14/Controls/MT 65/Bioptigen/Baseline/OS/65_OS_L_3_0_BScanThumb_0000056.BMP,MT65,MT65_OS,OS,1,Young Male,Controls,0,90.0,90.0,0.0,Male,BScanThumb,Right Eye,baseline,14.0,Baseline,day_0,90.0,2
data/Cohort_1/Day 14/Controls/MT 65/Bioptigen/Baseline/OS/65_OS_R_3_0_BScanThumb_0000044.BMP,MT65,MT65_OS,OS,1,Young Male,Controls,0,90.0,90.0,0.0,Male,BScanThumb,Right Eye,baseline,14.0,Baseline,day_0,90.0,2
data/Cohort_1/Day 14/Controls/MT 65/Bioptigen/Baseline/OS/65_OS_V_1x1_0_BScanThumb_0000032.BMP,MT65,MT65_OS,OS,1,Young Male,Controls,0,90.0,90.0,0.0,Male,BScanThumb,Right Eye,baseline,14.0,Baseline,day_0,90.0,2
data/Cohort_1/Day 14/Controls/MT 65/Bioptigen/Baseline/OS/65_OS_V_3x3_0_BScanThumb_0000028.BMP,MT65,MT65_OS,OS,1,Young Male,Controls,0,90.0,90.0,0.0,Male,BScanThumb,Right Eye,baseline,14.0,Baseline,day_0,90.0,2
data/Cohort_1/Day 14/Controls/MT 65/Bioptigen/Baseline/OS/65_OS_V_3x3_0_BScanThumb_0000040.BMP,MT65,MT65_OS,OS,1,Young Male,Controls,0,90.0,90.0,0.0,Male,BScanThumb,Right Eye,baseline,14.0,Baseline,day_0,90.0,2
data/Cohort_1/Day 14/Controls/MT 65/Bioptigen/Baseline/OS/65_OS_V_3x3_0_BScanThumb_0000048.BMP,MT65,MT65_OS,OS,1,Young Male,Controls,0,90.0,90.0,0.0,Male,BScanThumb,Right Eye,baseline,14.0,Baseline,day_0,90.0,2
data/Cohort_1/Day 14/Controls/MT 65/Bioptigen/Baseline/OS/65_OS_V_3x3_0_BScanThumb_0000052.BMP,MT65,MT65_OS,OS,1,Young Male,Controls,0,90.0,90.0,0.0,Male,BScanThumb,Right Eye,baseline,14.0,Baseline,day_0,90.0,2
data/Cohort_1/Day 14/Controls/MT 68/Bioptigen/Baseline/OD/68_OD_A_0x3_0_BScanThumb_0000021.BMP,MT68,MT68_OD,OD,1,Young Male,Controls,0,90.0,90.0,0.0,Male,BScanThumb,Right Eye,baseline,14.0,Baseline,day_0,90.0,1
data/Cohort_1/Day 14/Controls/MT 68/Bioptigen/Baseline/OD/68_OD_L_3_0_BScanThumb_0000025.BMP,MT68,MT68_OD,OD,1,Young Male,Controls,0,90.0,90.0,0.0,Male,BScanThumb,Right Eye,baseline,14.0,Baseline,day_0,90.0,1
data/Cohort_1/Day 14/Controls/MT 68/Bioptigen/Baseline/OD/68_OD_R_3_0_BScanThumb_0000009.BMP,MT68,MT68_OD,OD,1,Young Male,Controls,0,90.0,90.0,0.0,Male,BScanThumb,Right Eye,baseline,14.0,Baseline,day_0,90.0,1
data/Cohort_1/Day 14/Controls/MT 68/Bioptigen/Baseline/OD/68_OD_V_1x1_0_BScanThumb_0000017.BMP,MT68,MT68_OD,OD,1,Young Male,Controls,0,90.0,90.0,0.0,Male,BScanThumb,Right Eye,baseline,14.0,Baseline,day_0,90.0,1
data/Cohort_1/Day 14/Controls/MT 68/Bioptigen/Baseline/OD/68_OD_V_3x3_0_BScanThumb_0000001.BMP,MT68,MT68_OD,OD,1,Young Male,Controls,0,90.0,90.0,0.0,Male,BScanThumb,Right Eye,baseline,14.0,Baseline,day_0,90.0,1
data/Cohort_1/Day 14/Controls/MT 68/Bioptigen/Baseline/OD/68_OD_V_3x3_0_BScanThumb_0000005.BMP,MT68,MT68_OD,OD,1,Young Male,Controls,0,90.0,90.0,0.0,Male,BScanThumb,Right Eye,baseline,14.0,Baseline,day_0,90.0,1
data/Cohort_1/Day 14/Controls/MT 68/Bioptigen/Baseline/OD/68_OD_V_3x3_0_BScanThumb_0000013.BMP,MT68,MT68_OD,OD,1,Young Male,Controls,0,90.0,90.0,0.0,Male,BScanThumb,Right Eye,baseline,14.0,Baseline,day_0,90.0,1
data/Cohort_1/Day 14/Controls/MT 68/Bioptigen/Baseline/OS/68_OS_A_0x3_0_BScanThumb_0000036.BMP,MT68,MT68_OS,OS,1,Young Male,Controls,0,90.0,90.0,0.0,Male,BScanThumb,Right Eye,baseline,14.0,Baseline,day_0,90.0,1
data/Cohort_1/Day 14/Controls/MT 68/Bioptigen/Baseline/OS/68_OS_L_3_0_BScanThumb_0000056.BMP,MT68,MT68_OS,OS,1,Young Male,Controls,0,90.0,90.0,0.0,Male,BScanThumb,Right Eye,baseline,14.0,Baseline,day_0,90.0,1
data/Cohort_1/Day 14/Controls/MT 68/Bioptigen/Baseline/OS/68_OS_R_3_0_BScanThumb_0000044.BMP,MT68,MT68_OS,OS,1,Young Male,Controls,0,90.0,90.0,0.0,Male,BScanThumb,Right Eye,baseline,14.0,Baseline,day_0,90.0,1
data/Cohort_1/Day 14/Controls/MT 68/Bioptigen/Baseline/OS/68_OS_V_1x1_0_BScanThumb_0000032.BMP,MT68,MT68_OS,OS,1,Young Male,Controls,0,90.0,90.0,0.0,Male,BScanThumb,Right Eye,baseline,14.0,Baseline,day_0,90.0,1
data/Cohort_1/Day 14/Controls/MT 68/Bioptigen/Baseline/OS/68_OS_V_3x3_0_BScanThumb_0000028.BMP,MT68,MT68_OS,OS,1,Young Male,Controls,0,90.0,90.0,0.0,Male,BScanThumb,Right Eye,baseline,14.0,Baseline,day_0,90.0,1
data/Cohort_1/Day 14/Controls/MT 68/Bioptigen/Baseline/OS/68_OS_V_3x3_0_BScanThumb_0000040.BMP,MT68,MT68_OS,OS,1,Young Male,Controls,0,90.0,90.0,0.0,Male,BScanThumb,Right Eye,baseline,14.0,Baseline,day_0,90.0,1
data/Cohort_1/Day 14/Controls/MT 68/Bioptigen/Baseline/OS/68_OS_V_3x3_0_BScanThumb_0000048.BMP,MT68,MT68_OS,OS,1,Young Male,Controls,0,90.0,90.0,0.0,Male,BScanThumb,Right Eye,baseline,14.0,Baseline,day_0,90.0,1
data/Cohort_1/Day 14/Controls/MT 68/Bioptigen/Baseline/OS/68_OS_V_3x3_0_BScanThumb_0000052.BMP,MT68,MT68_OS,OS,1,Young Male,Controls,0,90.0,90.0,0.0,Male,BScanThumb,Right Eye,baseline,14.0,Baseline,day_0,90.0,1
data/Cohort_1/Day 14/Controls/MT 71/Bioptigen/Baseline/OD/71_OD_A_0x3_0_BScanThumb_0000017.BMP,MT71,MT71_OD,OD,1,Young Male,Controls,0,90.0,90.0,0.0,Male,BScanThumb,Right Eye,baseline,14.0,Baseline,day_0,90.0,2
data/Cohort_1/Day 14/Controls/MT 71/Bioptigen/Baseline/OD/71_OD_L_3_0_BScanThumb_0000025.BMP,MT71,MT71_OD,OD,1,Young Male,Controls,0,90.0,90.0,0.0,Male,BScanThumb,Right Eye,baseline,14.0,Baseline,day_0,90.0,2
data/Cohort_1/Day 14/Controls/MT 71/Bioptigen/Baseline/OD/71_OD_R_3_0_BScanThumb_0000009.BMP,MT71,MT71_OD,OD,1,Young Male,Controls,0,90.0,90.0,0.0,Male,BScanThumb,Right Eye,baseline,14.0,Baseline,day_0,90.0,2
data/Cohort_1/Day 14/Controls/MT 71/Bioptigen/Baseline/OD/71_OD_V_1x1_0_BScanThumb_0000021.BMP,MT71,MT71_OD,OD,1,Young Male,Controls,0,90.0,90.0,0.0,Male,BScanThumb,Right Eye,baseline,14.0,Baseline,day_0,90.0,2
data/Cohort_1/Day 14/Controls/MT 71/Bioptigen/Baseline/OD/71_OD_V_3x3_0_BScanThumb_0000001.BMP,MT71,MT71_OD,OD,1,Young Male,Controls,0,90.0,90.0,0.0,Male,BScanThumb,Right Eye,baseline,14.0,Baseline,day_0,90.0,2
data/Cohort_1/Day 14/Controls/MT 71/Bioptigen/Baseline/OD/71_OD_V_3x3_0_BScanThumb_0000005.BMP,MT71,MT71_OD,OD,1,Young Male,Controls,0,90.0,90.0,0.0,Male,BScanThumb,Right Eye,baseline,14.0,Baseline,day_0,90.0,2
data/Cohort_1/Day 14/Controls/MT 71/Bioptigen/Baseline/OD/71_OD_V_3x3_0_BScanThumb_0000013.BMP,MT71,MT71_OD,OD,1,Young Male,Controls,0,90.0,90.0,0.0,Male,BScanThumb,Right Eye,baseline,14.0,Baseline,day_0,90.0,2
data/Cohort_1/Day 14/Controls/MT 71/Bioptigen/Baseline/OS/71_OS_A_0x3_0_BScanThumb_0000032.BMP,MT71,MT71_OS,OS,1,Young Male,Controls,0,90.0,90.0,0.0,Male,BScanThumb,Right Eye,baseline,14.0,Baseline,day_0,90.0,2
data/Cohort_1/Day 14/Controls/MT 71/Bioptigen/Baseline/OS/71_OS_L_3_0_BScanThumb_0000040.BMP,MT71,MT71_OS,OS,1,Young Male,Controls,0,90.0,90.0,0.0,Male,BScanThumb,Right Eye,baseline,14.0,Baseline,day_0,90.0,2
data/Cohort_1/Day 14/Controls/MT 71/Bioptigen/Baseline/OS/71_OS_R_3_0_BScanThumb_0000043.BMP,MT71,MT71_OS,OS,1,Young Male,Controls,0,90.0,90.0,0.0,Male,BScanThumb,Right Eye,baseline,14.0,Baseline,day_0,90.0,2
data/Cohort_1/Day 14/Controls/MT 71/Bioptigen/Baseline/OS/71_OS_V_1x1_0_BScanThumb_0000036.BMP,MT71,MT71_OS,OS,1,Young Male,Controls,0,90.0,90.0,0.0,Male,BScanThumb,Right Eye,baseline,14.0,Baseline,day_0,90.0,2
data/Cohort_1/Day 14/Controls/MT 71/Bioptigen/Baseline/OS/71_OS_V_3x3_0_BScanThumb_0000028.BMP,MT71,MT71_OS,OS,1,Young Male,Controls,0,90.0,90.0,0.0,Male,BScanThumb,Right Eye,baseline,14.0,Baseline,day_0,90.0,2
data/Cohort_1/Day 14/Controls/MT 71/Bioptigen/Baseline/OS/71_OS_V_3x3_0_BScanThumb_0000047.BMP,MT71,MT71_OS,OS,1,Young Male,Controls,0,90.0,90.0,0.0,Male,BScanThumb,Right Eye,baseline,14.0,Baseline,day_0,90.0,2
data/Cohort_1/Day 14/Controls/MT 71/Bioptigen/Baseline/OS/71_OS_V_3x3_0_BScanThumb_0000051.BMP,MT71,MT71_OS,OS,1,Young Male,Controls,0,90.0,90.0,0.0,Male,BScanThumb,Right Eye,baseline,14.0,Baseline,day_0,90.0,2
data/Cohort_1/Day 14/Controls/MT 71/Bioptigen/Baseline/OS/71_OS_V_3x3_0_BScanThumb_0000055.BMP,MT71,MT71_OS,OS,1,Young Male,Controls,0,90.0,90.0,0.0,Male,BScanThumb,Right Eye,baseline,14.0,Baseline,day_0,90.0,2
data/Cohort_1/Day 14/Controls/MT 73/Bioptigen/Baseline/OD/73_OD_A_0x3_0_BScanThumb_0000021.BMP,MT73,MT73_OD,OD,1,Young Male,Controls,0,90.0,90.0,0.0,Male,BScanThumb,Right Eye,baseline,14.0,Baseline,day_0,90.0,0
data/Cohort_1/Day 14/Controls/MT 73/Bioptigen/Baseline/OD/73_OD_L_3_0_BScanThumb_0000025.BMP,MT73,MT73_OD,OD,1,Young Male,Controls,0,90.0,90.0,0.0,Male,BScanThumb,Right Eye,baseline,14.0,Baseline,day_0,90.0,0
data/Cohort_1/Day 14/Controls/MT 73/Bioptigen/Baseline/OD/73_OD_V_1x1_0_BScanThumb_0000017.BMP,MT73,MT73_OD,OD,1,Young Male,Controls,0,90.0,90.0,0.0,Male,BScanThumb,Right Eye,baseline,14.0,Baseline,day_0,90.0,0
data/Cohort_1/Day 14/Controls/MT 73/Bioptigen/Baseline/OD/73_OD_V_3x3_0_BScanThumb_0000001.BMP,MT73,MT73_OD,OD,1,Young Male,Controls,0,90.0,90.0,0.0,Male,BScanThumb,Right Eye,baseline,14.0,Baseline,day_0,90.0,0
data/Cohort_1/Day 14/Controls/MT 73/Bioptigen/Baseline/OD/73_OD_V_3x3_0_BScanThumb_0000005.BMP,MT73,MT73_OD,OD,1,Young Male,Controls,0,90.0,90.0,0.0,Male,BScanThumb,Right Eye,baseline,14.0,Baseline,day_0,90.0,0
data/Cohort_1/Day 14/Controls/MT 73/Bioptigen/Baseline/OD/73_OD_V_3x3_0_BScanThumb_0000009.BMP,MT73,MT73_OD,OD,1,Young Male,Controls,0,90.0,90.0,0.0,Male,BScanThumb,Right Eye,baseline,14.0,Baseline,day_0,90.0,0
data/Cohort_1/Day 14/Controls/MT 73/Bioptigen/Baseline/OD/73_OD_V_3x3_0_BScanThumb_0000013.BMP,MT73,MT73_OD,OD,1,Young Male,Controls,0,90.0,90.0,0.0,Male,BScanThumb,Right Eye,baseline,14.0,Baseline,day_0,90.0,0
data/Cohort_1/Day 14/Controls/MT 73/Bioptigen/Baseline/OS/73_OS_L_3_0_BScanThumb_0000052.BMP,MT73,MT73_OS,OS,1,Young Male,Controls,0,90.0,90.0,0.0,Male,BScanThumb,Right Eye,baseline,14.0,Baseline,day_0,90.0,0
data/Cohort_1/Day 14/Controls/MT 73/Bioptigen/Baseline/OS/73_OS_V_3x3_0_BScanThumb_0000028.BMP,MT73,MT73_OS,OS,1,Young Male,Controls,0,90.0,90.0,0.0,Male,BScanThumb,Right Eye,baseline,14.0,Baseline,day_0,90.0,0
data/Cohort_1/Day 14/Controls/MT 73/Bioptigen/Baseline/OS/73_OS_V_3x3_0_BScanThumb_0000032.BMP,MT73,MT73_OS,OS,1,Young Male,Controls,0,90.0,90.0,0.0,Male,BScanThumb,Right Eye,baseline,14.0,Baseline,day_0,90.0,0
data/Cohort_1/Day 14/Controls/MT 73/Bioptigen/Baseline/OS/73_OS_V_3x3_0_BScanThumb_0000036.BMP,MT73,MT73_OS,OS,1,Young Male,Controls,0,90.0,90.0,0.0,Male,BScanThumb,Right Eye,baseline,14.0,Baseline,day_0,90.0,0
data/Cohort_1/Day 14/Controls/MT 73/Bioptigen/Baseline/OS/73_OS_V_3x3_0_BScanThumb_0000040.BMP,MT73,MT73_OS,OS,1,Young Male,Controls,0,90.0,90.0,0.0,Male,BScanThumb,Right Eye,baseline,14.0,Baseline,day_0,90.0,0
data/Cohort_1/Day 14/Controls/MT 73/Bioptigen/Baseline/OS/73_OS_V_3x3_0_BScanThumb_0000044.BMP,MT73,MT73_OS,OS,1,Young Male,Controls,0,90.0,90.0,0.0,Male,BScanThumb,Right Eye,baseline,14.0,Baseline,day_0,90.0,0
data/Cohort_1/Day 14/Controls/MT 73/Bioptigen/Baseline/OS/73_OS_V_3x3_0_BScanThumb_0000048.BMP,MT73,MT73_OS,OS,1,Young Male,Controls,0,90.0,90.0,0.0,Male,BScanThumb,Right Eye,baseline,14.0,Baseline,day_0,90.0,0
data/Cohort_1/Day 14/Controls/MT 73/Bioptigen/Baseline/OS/73_OS_V_3x3_0_BScanThumb_0000055.BMP,MT73,MT73_OS,OS,1,Young Male,Controls,0,90.0,90.0,0.0,Male,BScanThumb,Right Eye,baseline,14.0,Baseline,day_0,90.0,0
data/Cohort_1/Day 14/Controls/MT 75/Bioptigen/Baseline/OD/75_OD_A_0x3_0_BScanThumb_0000021.BMP,MT75,MT75_OD,OD,1,Young Male,Controls,0,90.0,90.0,0.0,Male,BScanThumb,Right Eye,baseline,14.0,Baseline,day_0,90.0,0
data/Cohort_1/Day 14/Controls/MT 75/Bioptigen/Baseline/OD/75_OD_L_3_0_BScanThumb_0000025.BMP,MT75,MT75_OD,OD,1,Young Male,Controls,0,90.0,90.0,0.0,Male,BScanThumb,Right Eye,baseline,14.0,Baseline,day_0,90.0,0
data/Cohort_1/Day 14/Controls/MT 75/Bioptigen/Baseline/OD/75_OD_R_3_0_BScanThumb_0000009.BMP,MT75,MT75_OD,OD,1,Young Male,Controls,0,90.0,90.0,0.0,Male,BScanThumb,Right Eye,baseline,14.0,Baseline,day_0,90.0,0
data/Cohort_1/Day 14/Controls/MT 75/Bioptigen/Baseline/OD/75_OD_V_1x1_0_BScanThumb_0000017.BMP,MT75,MT75_OD,OD,1,Young Male,Controls,0,90.0,90.0,0.0,Male,BScanThumb,Right Eye,baseline,14.0,Baseline,day_0,90.0,0
data/Cohort_1/Day 14/Controls/MT 75/Bioptigen/Baseline/OD/75_OD_V_3x3_0_BScanThumb_0000001.BMP,MT75,MT75_OD,OD,1,Young Male,Controls,0,90.0,90.0,0.0,Male,BScanThumb,Right Eye,baseline,14.0,Baseline,day_0,90.0,0
data/Cohort_1/Day 14/Controls/MT 75/Bioptigen/Baseline/OD/75_OD_V_3x3_0_BScanThumb_0000005.BMP,MT75,MT75_OD,OD,1,Young Male,Controls,0,90.0,90.0,0.0,Male,BScanThumb,Right Eye,baseline,14.0,Baseline,day_0,90.0,0
data/Cohort_1/Day 14/Controls/MT 75/Bioptigen/Baseline/OD/75_OD_V_3x3_0_BScanThumb_0000013.BMP,MT75,MT75_OD,OD,1,Young Male,Controls,0,90.0,90.0,0.0,Male,BScanThumb,Right Eye,baseline,14.0,Baseline,day_0,90.0,0
data/Cohort_1/Day 14/Controls/MT 75/Bioptigen/Baseline/OS/75_OS_A_0x3_0_BScanThumb_0000036.BMP,MT75,MT75_OS,OS,1,Young Male,Controls,0,90.0,90.0,0.0,Male,BScanThumb,Right Eye,baseline,14.0,Baseline,day_0,90.0,0
data/Cohort_1/Day 14/Controls/MT 75/Bioptigen/Baseline/OS/75_OS_L_3_0_BScanThumb_0000040.BMP,MT75,MT75_OS,OS,1,Young Male,Controls,0,90.0,90.0,0.0,Male,BScanThumb,Right Eye,baseline,14.0,Baseline,day_0,90.0,0
data/Cohort_1/Day 14/Controls/MT 75/Bioptigen/Baseline/OS/75_OS_R_3_0_BScanThumb_0000043.BMP,MT75,MT75_OS,OS,1,Young Male,Controls,0,90.0,90.0,0.0,Male,BScanThumb,Right Eye,baseline,14.0,Baseline,day_0,90.0,0
data/Cohort_1/Day 14/Controls/MT 75/Bioptigen/Baseline/OS/75_OS_V_1x1_0_BScanThumb_0000032.BMP,MT75,MT75_OS,OS,1,Young Male,Controls,0,90.0,90.0,0.0,Male,BScanThumb,Right Eye,baseline,14.0,Baseline,day_0,90.0,0
data/Cohort_1/Day 14/Controls/MT 75/Bioptigen/Baseline/OS/75_OS_V_3x3_0_BScanThumb_0000028.BMP,MT75,MT75_OS,OS,1,Young Male,Controls,0,90.0,90.0,0.0,Male,BScanThumb,Right Eye,baseline,14.0,Baseline,day_0,90.0,0
data/Cohort_1/Day 14/Controls/MT 75/Bioptigen/Baseline/OS/75_OS_V_3x3_0_BScanThumb_0000047.BMP,MT75,MT75_OS,OS,1,Young Male,Controls,0,90.0,90.0,0.0,Male,BScanThumb,Right Eye,baseline,14.0,Baseline,day_0,90.0,0
data/Cohort_1/Day 14/Controls/MT 75/Bioptigen/Baseline/OS/75_OS_V_3x3_0_BScanThumb_0000051.BMP,MT75,MT75_OS,OS,1,Young Male,Controls,0,90.0,90.0,0.0,Male,BScanThumb,Right Eye,baseline,14.0,Baseline,day_0,90.0,0
data/Cohort_1/Day 14/Controls/MT 75/Bioptigen/Baseline/OS/75_OS_V_3x3_0_BScanThumb_0000055.BMP,MT75,MT75_OS,OS,1,Young Male,Controls,0,90.0,90.0,0.0,Male,BScanThumb,Right Eye,baseline,14.0,Baseline,day_0,90.0,0
data/Cohort_1/Day 14/Controls/MT 79/Bioptigen/Baseline/OD/79_OD_A_0x3_0_BScanThumb_0000021.BMP,MT79,MT79_OD,OD,1,Young Male,Controls,0,90.0,90.0,0.0,Male,BScanThumb,Right Eye,baseline,14.0,Baseline,day_0,90.0,1
data/Cohort_1/Day 14/Controls/MT 79/Bioptigen/Baseline/OD/79_OD_L_3_0_BScanThumb_0000025.BMP,MT79,MT79_OD,OD,1,Young Male,Controls,0,90.0,90.0,0.0,Male,BScanThumb,Right Eye,baseline,14.0,Baseline,day_0,90.0,1
data/Cohort_1/Day 14/Controls/MT 79/Bioptigen/Baseline/OD/79_OD_R_3_0_BScanThumb_0000009.BMP,MT79,MT79_OD,OD,1,Young Male,Controls,0,90.0,90.0,0.0,Male,BScanThumb,Right Eye,baseline,14.0,Baseline,day_0,90.0,1
data/Cohort_1/Day 14/Controls/MT 79/Bioptigen/Baseline/OD/79_OD_V_1x1_0_BScanThumb_0000017.BMP,MT79,MT79_OD,OD,1,Young Male,Controls,0,90.0,90.0,0.0,Male,BScanThumb,Right Eye,baseline,14.0,Baseline,day_0,90.0,1
data/Cohort_1/Day 14/Controls/MT 79/Bioptigen/Baseline/OD/79_OD_V_3x3_0_BScanThumb_0000001.BMP,MT79,MT79_OD,OD,1,Young Male,Controls,0,90.0,90.0,0.0,Male,BScanThumb,Right Eye,baseline,14.0,Baseline,day_0,90.0,1
data/Cohort_1/Day 14/Controls/MT 79/Bioptigen/Baseline/OD/79_OD_V_3x3_0_BScanThumb_0000005.BMP,MT79,MT79_OD,OD,1,Young Male,Controls,0,90.0,90.0,0.0,Male,BScanThumb,Right Eye,baseline,14.0,Baseline,day_0,90.0,1
data/Cohort_1/Day 14/Controls/MT 79/Bioptigen/Baseline/OD/79_OD_V_3x3_0_BScanThumb_0000013.BMP,MT79,MT79_OD,OD,1,Young Male,Controls,0,90.0,90.0,0.0,Male,BScanThumb,Right Eye,baseline,14.0,Baseline,day_0,90.0,1
data/Cohort_1/Day 14/Controls/MT 79/Bioptigen/Baseline/OS/79_OS_A_0x3_0_BScanThumb_0000032.BMP,MT79,MT79_OS,OS,1,Young Male,Controls,0,90.0,90.0,0.0,Male,BScanThumb,Right Eye,baseline,14.0,Baseline,day_0,90.0,1
data/Cohort_1/Day 14/Controls/MT 79/Bioptigen/Baseline/OS/79_OS_L_3_0_BScanThumb_0000036.BMP,MT79,MT79_OS,OS,1,Young Male,Controls,0,90.0,90.0,0.0,Male,BScanThumb,Right Eye,baseline,14.0,Baseline,day_0,90.0,1
data/Cohort_1/Day 14/Controls/MT 79/Bioptigen/Baseline/OS/79_OS_R_3_0_BScanThumb_0000039.BMP,MT79,MT79_OS,OS,1,Young Male,Controls,0,90.0,90.0,0.0,Male,BScanThumb,Right Eye,baseline,14.0,Baseline,day_0,90.0,1
data/Cohort_1/Day 14/Controls/MT 79/Bioptigen/Baseline/OS/79_OS_V_3x3_0_BScanThumb_0000028.BMP,MT79,MT79_OS,OS,1,Young Male,Controls,0,90.0,90.0,0.0,Male,BScanThumb,Right Eye,baseline,14.0,Baseline,day_0,90.0,1
data/Cohort_1/Day 14/Controls/MT 79/Bioptigen/Baseline/OS/79_OS_V_3x3_0_BScanThumb_0000043.BMP,MT79,MT79_OS,OS,1,Young Male,Controls,0,90.0,90.0,0.0,Male,BScanThumb,Right Eye,baseline,14.0,Baseline,day_0,90.0,1
data/Cohort_1/Day 14/Controls/MT 79/Bioptigen/Baseline/OS/79_OS_V_3x3_0_BScanThumb_0000047.BMP,MT79,MT79_OS,OS,1,Young Male,Controls,0,90.0,90.0,0.0,Male,BScanThumb,Right Eye,baseline,14.0,Baseline,day_0,90.0,1
data/Cohort_1/Day 14/Controls/MT 79/Bioptigen/Baseline/OS/79_OS_V_3x3_0_BScanThumb_0000051.BMP,MT79,MT79_OS,OS,1,Young Male,Controls,0,90.0,90.0,0.0,Male,BScanThumb,Right Eye,baseline,14.0,Baseline,day_0,90.0,1
data/Cohort_1/Day 14/Controls/MT 79/Bioptigen/Baseline/OS/79_OS_V_3x3_0_BScanThumb_0000055.BMP,MT79,MT79_OS,OS,1,Young Male,Controls,0,90.0,90.0,0.0,Male,BScanThumb,Right Eye,baseline,14.0,Baseline,day_0,90.0,1
data/Cohort_1/Day 28/Controls/MT 8/Bioptigen/Baseline/OD/8_OD_A_0x3_0_BScanThumb_0000021.BMP,MT8,MT8_OD,OD,1,Young Male,Controls,0,90.0,90.0,0.0,Male,BScanThumb,Right Eye,baseline,28.0,Baseline,day_0,90.0,2
data/Cohort_1/Day 28/Controls/MT 8/Bioptigen/Baseline/OD/8_OD_L_3_0_BScanThumb_0000025.BMP,MT8,MT8_OD,OD,1,Young Male,Controls,0,90.0,90.0,0.0,Male,BScanThumb,Right Eye,baseline,28.0,Baseline,day_0,90.0,2
data/Cohort_1/Day 28/Controls/MT 8/Bioptigen/Baseline/OD/8_OD_V_1x1_0_BScanThumb_0000017.BMP,MT8,MT8_OD,OD,1,Young Male,Controls,0,90.0,90.0,0.0,Male,BScanThumb,Right Eye,baseline,28.0,Baseline,day_0,90.0,2
data/Cohort_1/Day 28/Controls/MT 8/Bioptigen/Baseline/OD/8_OD_V_3x3_0_BScanThumb_0000001.BMP,MT8,MT8_OD,OD,1,Young Male,Controls,0,90.0,90.0,0.0,Male,BScanThumb,Right Eye,baseline,28.0,Baseline,day_0,90.0,2
data/Cohort_1/Day 28/Controls/MT 8/Bioptigen/Baseline/OD/8_OD_V_3x3_0_BScanThumb_0000005.BMP,MT8,MT8_OD,OD,1,Young Male,Controls,0,90.0,90.0,0.0,Male,BScanThumb,Right Eye,baseline,28.0,Baseline,day_0,90.0,2
data/Cohort_1/Day 28/Controls/MT 8/Bioptigen/Baseline/OD/8_OD_V_3x3_0_BScanThumb_0000009.BMP,MT8,MT8_OD,OD,1,Young Male,Controls,0,90.0,90.0,0.0,Male,BScanThumb,Right Eye,baseline,28.0,Baseline,day_0,90.0,2
data/Cohort_1/Day 28/Controls/MT 8/Bioptigen/Baseline/OD/8_OD_V_3x3_0_BScanThumb_0000013.BMP,MT8,MT8_OD,OD,1,Young Male,Controls,0,90.0,90.0,0.0,Male,BScanThumb,Right Eye,baseline,28.0,Baseline,day_0,90.0,2
data/Cohort_1/Day 28/Controls/MT 8/Bioptigen/Baseline/OS/8_OS_A_0x3_0_BScanThumb_0000036.BMP,MT8,MT8_OS,OS,1,Young Male,Controls,0,90.0,90.0,0.0,Male,BScanThumb,Right Eye,baseline,28.0,Baseline,day_0,90.0,2
data/Cohort_1/Day 28/Controls/MT 8/Bioptigen/Baseline/OS/8_OS_L_3_0_BScanThumb_0000040.BMP,MT8,MT8_OS,OS,1,Young Male,Controls,0,90.0,90.0,0.0,Male,BScanThumb,Right Eye,baseline,28.0,Baseline,day_0,90.0,2
data/Cohort_1/Day 28/Controls/MT 8/Bioptigen/Baseline/OS/8_OS_R_3_0_BScanThumb_0000043.BMP,MT8,MT8_OS,OS,1,Young Male,Controls,0,90.0,90.0,0.0,Male,BScanThumb,Right Eye,baseline,28.0,Baseline,day_0,90.0,2
data/Cohort_1/Day 28/Controls/MT 8/Bioptigen/Baseline/OS/8_OS_R_3_0_BScanThumb_0000055.BMP,MT8,MT8_OS,OS,1,Young Male,Controls,0,90.0,90.0,0.0,Male,BScanThumb,Right Eye,baseline,28.0,Baseline,day_0,90.0,2
data/Cohort_1/Day 28/Controls/MT 8/Bioptigen/Baseline/OS/8_OS_V_1x1_0_BScanThumb_0000032.BMP,MT8,MT8_OS,OS,1,Young Male,Controls,0,90.0,90.0,0.0,Male,BScanThumb,Right Eye,baseline,28.0,Baseline,day_0,90.0,2
data/Cohort_1/Day 28/Controls/MT 8/Bioptigen/Baseline/OS/8_OS_V_3x3_0_BScanThumb_0000028.BMP,MT8,MT8_OS,OS,1,Young Male,Controls,0,90.0,90.0,0.0,Male,BScanThumb,Right Eye,baseline,28.0,Baseline,day_0,90.0,2
data/Cohort_1/Day 28/Controls/MT 8/Bioptigen/Baseline/OS/8_OS_V_3x3_0_BScanThumb_0000047.BMP,MT8,MT8_OS,OS,1,Young Male,Controls,0,90.0,90.0,0.0,Male,BScanThumb,Right Eye,baseline,28.0,Baseline,day_0,90.0,2
data/Cohort_1/Day 28/Controls/MT 8/Bioptigen/Baseline/OS/8_OS_V_3x3_0_BScanThumb_0000051.BMP,MT8,MT8_OS,OS,1,Young Male,Controls,0,90.0,90.0,0.0,Male,BScanThumb,Right Eye,baseline,28.0,Baseline,day_0,90.0,2
data/Cohort_1/Day 14/Controls/MT 82/Bioptigen/Baseline/OD/82_OD_A_0x3_0_BScanThumb_0000021.BMP,MT82,MT82_OD,OD,1,Young Male,Controls,0,90.0,90.0,0.0,Male,BScanThumb,Right Eye,baseline,14.0,Baseline,day_0,90.0,0
data/Cohort_1/Day 14/Controls/MT 82/Bioptigen/Baseline/OD/82_OD_L_3_0_BScanThumb_0000025.BMP,MT82,MT82_OD,OD,1,Young Male,Controls,0,90.0,90.0,0.0,Male,BScanThumb,Right Eye,baseline,14.0,Baseline,day_0,90.0,0
data/Cohort_1/Day 14/Controls/MT 82/Bioptigen/Baseline/OD/82_OD_R_3_0_BScanThumb_0000009.BMP,MT82,MT82_OD,OD,1,Young Male,Controls,0,90.0,90.0,0.0,Male,BScanThumb,Right Eye,baseline,14.0,Baseline,day_0,90.0,0
data/Cohort_1/Day 14/Controls/MT 82/Bioptigen/Baseline/OD/82_OD_V_1x1_0_BScanThumb_0000017.BMP,MT82,MT82_OD,OD,1,Young Male,Controls,0,90.0,90.0,0.0,Male,BScanThumb,Right Eye,baseline,14.0,Baseline,day_0,90.0,0
data/Cohort_1/Day 14/Controls/MT 82/Bioptigen/Baseline/OD/82_OD_V_3x3_0_BScanThumb_0000001.BMP,MT82,MT82_OD,OD,1,Young Male,Controls,0,90.0,90.0,0.0,Male,BScanThumb,Right Eye,baseline,14.0,Baseline,day_0,90.0,0
data/Cohort_1/Day 14/Controls/MT 82/Bioptigen/Baseline/OD/82_OD_V_3x3_0_BScanThumb_0000005.BMP,MT82,MT82_OD,OD,1,Young Male,Controls,0,90.0,90.0,0.0,Male,BScanThumb,Right Eye,baseline,14.0,Baseline,day_0,90.0,0
data/Cohort_1/Day 14/Controls/MT 82/Bioptigen/Baseline/OD/82_OD_V_3x3_0_BScanThumb_0000013.BMP,MT82,MT82_OD,OD,1,Young Male,Controls,0,90.0,90.0,0.0,Male,BScanThumb,Right Eye,baseline,14.0,Baseline,day_0,90.0,0
data/Cohort_1/Day 14/Controls/MT 82/Bioptigen/Baseline/OS/82_OS_A_0x3_0_BScanThumb_0000055.BMP,MT82,MT82_OS,OS,1,Young Male,Controls,0,90.0,90.0,0.0,Male,BScanThumb,Right Eye,baseline,14.0,Baseline,day_0,90.0,0
data/Cohort_1/Day 14/Controls/MT 82/Bioptigen/Baseline/OS/82_OS_L_3_0_BScanThumb_0000040.BMP,MT82,MT82_OS,OS,1,Young Male,Controls,0,90.0,90.0,0.0,Male,BScanThumb,Right Eye,baseline,14.0,Baseline,day_0,90.0,0
data/Cohort_1/Day 14/Controls/MT 82/Bioptigen/Baseline/OS/82_OS_R_3_0_BScanThumb_0000043.BMP,MT82,MT82_OS,OS,1,Young Male,Controls,0,90.0,90.0,0.0,Male,BScanThumb,Right Eye,baseline,14.0,Baseline,day_0,90.0,0
data/Cohort_1/Day 14/Controls/MT 82/Bioptigen/Baseline/OS/82_OS_V_1x1_0_BScanThumb_0000036.BMP,MT82,MT82_OS,OS,1,Young Male,Controls,0,90.0,90.0,0.0,Male,BScanThumb,Right Eye,baseline,14.0,Baseline,day_0,90.0,0
data/Cohort_1/Day 14/Controls/MT 82/Bioptigen/Baseline/OS/82_OS_V_3x3_0_BScanThumb_0000028.BMP,MT82,MT82_OS,OS,1,Young Male,Controls,0,90.0,90.0,0.0,Male,BScanThumb,Right Eye,baseline,14.0,Baseline,day_0,90.0,0
data/Cohort_1/Day 14/Controls/MT 82/Bioptigen/Baseline/OS/82_OS_V_3x3_0_BScanThumb_0000032.BMP,MT82,MT82_OS,OS,1,Young Male,Controls,0,90.0,90.0,0.0,Male,BScanThumb,Right Eye,baseline,14.0,Baseline,day_0,90.0,0
data/Cohort_1/Day 14/Controls/MT 82/Bioptigen/Baseline/OS/82_OS_V_3x3_0_BScanThumb_0000047.BMP,MT82,MT82_OS,OS,1,Young Male,Controls,0,90.0,90.0,0.0,Male,BScanThumb,Right Eye,baseline,14.0,Baseline,day_0,90.0,0
data/Cohort_1/Day 14/Controls/MT 82/Bioptigen/Baseline/OS/82_OS_V_3x3_0_BScanThumb_0000051.BMP,MT82,MT82_OS,OS,1,Young Male,Controls,0,90.0,90.0,0.0,Male,BScanThumb,Right Eye,baseline,14.0,Baseline,day_0,90.0,0
data/Cohort_2/Day 28/Controls/FT 1/Bioptigen/Baseline/OD/1-FT_OD_L_3_0_BScanThumb_0000021.BMP,FT1,FT1_OD,OD,2,Young Female,Controls,0,90.0,90.0,0.0,Female,BScanThumb,Right Eye,baseline,28.0,Baseline,day_0,90.0,0
data/Cohort_2/Day 28/Controls/FT 1/Bioptigen/Baseline/OD/1-FT_OD_L_3_0_BScanThumb_0000024.BMP,FT1,FT1_OD,OD,2,Young Female,Controls,0,90.0,90.0,0.0,Female,BScanThumb,Right Eye,baseline,28.0,Baseline,day_0,90.0,0
data/Cohort_2/Day 28/Controls/FT 1/Bioptigen/Baseline/OD/1-FT_OD_R_3_0_BScanThumb_0000009.BMP,FT1,FT1_OD,OD,2,Young Female,Controls,0,90.0,90.0,0.0,Female,BScanThumb,Right Eye,baseline,28.0,Baseline,day_0,90.0,0
data/Cohort_2/Day 28/Controls/FT 1/Bioptigen/Baseline/OD/1-FT_OD_V_1x1_0_BScanThumb_0000017.BMP,FT1,FT1_OD,OD,2,Young Female,Controls,0,90.0,90.0,0.0,Female,BScanThumb,Right Eye,baseline,28.0,Baseline,day_0,90.0,0
data/Cohort_2/Day 28/Controls/FT 1/Bioptigen/Baseline/OD/1-FT_OD_V_3x3_0_BScanThumb_0000001.BMP,FT1,FT1_OD,OD,2,Young Female,Controls,0,90.0,90.0,0.0,Female,BScanThumb,Right Eye,baseline,28.0,Baseline,day_0,90.0,0
data/Cohort_2/Day 28/Controls/FT 1/Bioptigen/Baseline/OD/1-FT_OD_V_3x3_0_BScanThumb_0000005.BMP,FT1,FT1_OD,OD,2,Young Female,Controls,0,90.0,90.0,0.0,Female,BScanThumb,Right Eye,baseline,28.0,Baseline,day_0,90.0,0
data/Cohort_2/Day 28/Controls/FT 1/Bioptigen/Baseline/OD/1-FT_OD_V_3x3_0_BScanThumb_0000013.BMP,FT1,FT1_OD,OD,2,Young Female,Controls,0,90.0,90.0,0.0,Female,BScanThumb,Right Eye,baseline,28.0,Baseline,day_0,90.0,0
data/Cohort_2/Day 28/Controls/FT 1/Bioptigen/Baseline/OD/1-FT_OD_V_3x3_0_BScanThumb_0000027.BMP,FT1,FT1_OD,OD,2,Young Female,Controls,0,90.0,90.0,0.0,Female,BScanThumb,Right Eye,baseline,28.0,Baseline,day_0,90.0,0
data/Cohort_2/Day 28/Controls/FT 1/Bioptigen/Baseline/OD/1-FT_OD_L_3_0_REGAVG0000022.BMP,FT1,FT1_OD,OD,2,Young Female,Controls,0,90.0,90.0,0.0,Female,REGAVG,Right Eye,baseline,28.0,Baseline,day_0,90.0,0
data/Cohort_2/Day 28/Controls/FT 1/Bioptigen/Baseline/OD/1-FT_OD_L_3_0_REGAVG0000025.BMP,FT1,FT1_OD,OD,2,Young Female,Controls,0,90.0,90.0,0.0,Female,REGAVG,Right Eye,baseline,28.0,Baseline,day_0,90.0,0
data/Cohort_2/Day 28/Controls/FT 1/Bioptigen/Baseline/OD/1-FT_OD_V_1X1_0_REGAVG0000018.BMP,FT1,FT1_OD,OD,2,Young Female,Controls,0,90.0,90.0,0.0,Female,REGAVG,Right Eye,baseline,28.0,Baseline,day_0,90.0,0
data/Cohort_2/Day 28/Controls/FT 1/Bioptigen/Baseline/OD/1-FT_OD_V_3X3_0_REGAVG0000028.BMP,FT1,FT1_OD,OD,2,Young Female,Controls,0,90.0,90.0,0.0,Female,REGAVG,Right Eye,baseline,28.0,Baseline,day_0,90.0,0
data/Cohort_2/Day 28/Controls/FT 1/Bioptigen/Baseline/OS/1-FT_OS_L_3_0_BScanThumb_0000055.BMP,FT1,FT1_OS,OS,2,Young Female,Controls,0,90.0,90.0,0.0,Female,BScanThumb,Right Eye,baseline,28.0,Baseline,day_0,90.0,0
data/Cohort_2/Day 28/Controls/FT 1/Bioptigen/Baseline/OS/1-FT_OS_L_3_0_BScanThumb_0000062.BMP,FT1,FT1_OS,OS,2,Young Female,Controls,0,90.0,90.0,0.0,Female,BScanThumb,Right Eye,baseline,28.0,Baseline,day_0,90.0,0
data/Cohort_2/Day 28/Controls/FT 1/Bioptigen/Baseline/OS/1-FT_OS_R_3_0_BScanThumb_0000047.BMP,FT1,FT1_OS,OS,2,Young Female,Controls,0,90.0,90.0,0.0,Female,BScanThumb,Right Eye,baseline,28.0,Baseline,day_0,90.0,0
data/Cohort_2/Day 28/Controls/FT 1/Bioptigen/Baseline/OS/1-FT_OS_V_1x1_0_BScanThumb_0000065.BMP,FT1,FT1_OS,OS,2,Young Female,Controls,0,90.0,90.0,0.0,Female,BScanThumb,Right Eye,baseline,28.0,Baseline,day_0,90.0,0
data/Cohort_2/Day 28/Controls/FT 1/Bioptigen/Baseline/OS/1-FT_OS_V_3x3_0_BScanThumb_0000043.BMP,FT1,FT1_OS,OS,2,Young Female,Controls,0,90.0,90.0,0.0,Female,BScanThumb,Right Eye,baseline,28.0,Baseline,day_0,90.0,0
data/Cohort_2/Day 28/Controls/FT 1/Bioptigen/Baseline/OS/1-FT_OS_V_3x3_0_BScanThumb_0000051.BMP,FT1,FT1_OS,OS,2,Young Female,Controls,0,90.0,90.0,0.0,Female,BScanThumb,Right Eye,baseline,28.0,Baseline,day_0,90.0,0
data/Cohort_2/Day 28/Controls/FT 1/Bioptigen/Baseline/OS/1-FT_OS_V_3x3_0_BScanThumb_0000058.BMP,FT1,FT1_OS,OS,2,Young Female,Controls,0,90.0,90.0,0.0,Female,BScanThumb,Right Eye,baseline,28.0,Baseline,day_0,90.0,0
data/Cohort_2/Day 28/Controls/FT 1/Bioptigen/Baseline/OS/1-FT_OS_V_3x3_0_BScanThumb_0000069.BMP,FT1,FT1_OS,OS,2,Young Female,Controls,0,90.0,90.0,0.0,Female,BScanThumb,Right Eye,baseline,28.0,Baseline,day_0,90.0,0
data/Cohort_2/Day 28/Controls/FT 1/Bioptigen/Baseline/OS/1-FT_OS_L_3_0_REGAVG0000056.BMP,FT1,FT1_OS,OS,2,Young Female,Controls,0,90.0,90.0,0.0,Female,REGAVG,Right Eye,baseline,28.0,Baseline,day_0,90.0,0
data/Cohort_2/Day 28/Controls/FT 1/Bioptigen/Baseline/OS/1-FT_OS_L_3_0_REGAVG0000063.BMP,FT1,FT1_OS,OS,2,Young Female,Controls,0,90.0,90.0,0.0,Female,REGAVG,Right Eye,baseline,28.0,Baseline,day_0,90.0,0
data/Cohort_2/Day 28/Controls/FT 1/Bioptigen/Baseline/OS/1-FT_OS_V_1X1_0_REGAVG0000066.BMP,FT1,FT1_OS,OS,2,Young Female,Controls,0,90.0,90.0,0.0,Female,REGAVG,Right Eye,baseline,28.0,Baseline,day_0,90.0,0
data/Cohort_2/Day 97/Controls/FT 102/Bioptigen/Baseline/OD/FT102_OD_L_2_0_BScanThumb_0000006.BMP,FT102,FT102_OD,OD,2,Young Female,Controls,0,90.0,90.0,0.0,Female,BScanThumb,Right Eye,baseline,97.0,Baseline,day_0,90.0,1
data/Cohort_2/Day 97/Controls/FT 102/Bioptigen/Baseline/OD/FT102_OD_L_2_0_BScanThumb_0000010.BMP,FT102,FT102_OD,OD,2,Young Female,Controls,0,90.0,90.0,0.0,Female,BScanThumb,Right Eye,baseline,97.0,Baseline,day_0,90.0,1
data/Cohort_2/Day 97/Controls/FT 102/Bioptigen/Baseline/OD/FT102_OD_V_3x3_0_BScanThumb_0000001.BMP,FT102,FT102_OD,OD,2,Young Female,Controls,0,90.0,90.0,0.0,Female,BScanThumb,Right Eye,baseline,97.0,Baseline,day_0,90.0,1
data/Cohort_2/Day 97/Controls/FT 102/Bioptigen/Baseline/OD/FT102_OD_L_2_0_REGAVG0000007.BMP,FT102,FT102_OD,OD,2,Young Female,Controls,0,90.0,90.0,0.0,Female,REGAVG,Right Eye,baseline,97.0,Baseline,day_0,90.0,1
data/Cohort_2/Day 97/Controls/FT 102/Bioptigen/Baseline/OD/FT102_OD_L_2_0_REGAVG0000011.BMP,FT102,FT102_OD,OD,2,Young Female,Controls,0,90.0,90.0,0.0,Female,REGAVG,Right Eye,baseline,97.0,Baseline,day_0,90.0,1
data/Cohort_2/Day 97/Controls/FT 102/Bioptigen/Baseline/OS/FT102_OS_L_2_0_BScanThumb_0000019.BMP,FT102,FT102_OS,OS,2,Young Female,Controls,0,90.0,90.0,0.0,Female,BScanThumb,Right Eye,baseline,97.0,Baseline,day_0,90.0,1
data/Cohort_2/Day 97/Controls/FT 102/Bioptigen/Baseline/OS/FT102_OS_V_3x3_0_BScanThumb_0000014.BMP,FT102,FT102_OS,OS,2,Young Female,Controls,0,90.0,90.0,0.0,Female,BScanThumb,Right Eye,baseline,97.0,Baseline,day_0,90.0,1
data/Cohort_2/Day 97/Controls/FT 102/Bioptigen/Baseline/OS/FT102_OS_L_2_0_REGAVG0000020.BMP,FT102,FT102_OS,OS,2,Young Female,Controls,0,90.0,90.0,0.0,Female,REGAVG,Right Eye,baseline,97.0,Baseline,day_0,90.0,1
data/Cohort_2/Day 97/Controls/FT 102/Bioptigen/End HLS/OD/FT102_OD_L_2_0_BScanThumb_0000037.BMP,FT102,FT102_OD,OD,2,Young Female,Controls,90,187.0,90.0,97.0,Female,BScanThumb,Right Eye,end_hls,97.0,End HLS,day_90,180.0,1
data/Cohort_2/Day 97/Controls/FT 102/Bioptigen/End HLS/OD/FT102_OD_L_2_0_BScanThumb_0000041.BMP,FT102,FT102_OD,OD,2,Young Female,Controls,90,187.0,90.0,97.0,Female,BScanThumb,Right Eye,end_hls,97.0,End HLS,day_90,180.0,1
data/Cohort_2/Day 97/Controls/FT 102/Bioptigen/End HLS/OD/FT102_OD_V_3x3_0_BScanThumb_0000032.BMP,FT102,FT102_OD,OD,2,Young Female,Controls,90,187.0,90.0,97.0,Female,BScanThumb,Right Eye,end_hls,97.0,End HLS,day_90,180.0,1
data/Cohort_2/Day 97/Controls/FT 102/Bioptigen/End HLS/OD/FT102_OD_L_2_0_REGAVG0000038.BMP,FT102,FT102_OD,OD,2,Young Female,Controls,90,187.0,90.0,97.0,Female,REGAVG,Right Eye,end_hls,97.0,End HLS,day_90,180.0,1
data/Cohort_2/Day 97/Controls/FT 102/Bioptigen/End HLS/OD/FT102_OD_L_2_0_REGAVG0000042.BMP,FT102,FT102_OD,OD,2,Young Female,Controls,90,187.0,90.0,97.0,Female,REGAVG,Right Eye,end_hls,97.0,End HLS,day_90,180.0,1
data/Cohort_2/Day 97/Controls/FT 102/Bioptigen/End HLS/OS/FT102_OS_L_2_0_BScanThumb_0000050.BMP,FT102,FT102_OS,OS,2,Young Female,Controls,90,187.0,90.0,97.0,Female,BScanThumb,Right Eye,end_hls,97.0,End HLS,day_90,180.0,1
data/Cohort_2/Day 97/Controls/FT 102/Bioptigen/End HLS/OS/FT102_OS_L_2_0_BScanThumb_0000054.BMP,FT102,FT102_OS,OS,2,Young Female,Controls,90,187.0,90.0,97.0,Female,BScanThumb,Right Eye,end_hls,97.0,End HLS,day_90,180.0,1
data/Cohort_2/Day 97/Controls/FT 102/Bioptigen/End HLS/OS/FT102_OS_V_3x3_0_BScanThumb_0000045.BMP,FT102,FT102_OS,OS,2,Young Female,Controls,90,187.0,90.0,97.0,Female,BScanThumb,Right Eye,end_hls,97.0,End HLS,day_90,180.0,1
data/Cohort_2/Day 97/Controls/FT 102/Bioptigen/End HLS/OS/FT102_OS_L_2_0_REGAVG0000055.BMP,FT102,FT102_OS,OS,2,Young Female,Controls,90,187.0,90.0,97.0,Female,REGAVG,Right Eye,end_hls,97.0,End HLS,day_90,180.0,1
data/Cohort_2/Day 118/Controls/FT 106/Bioptigen/8-22-16 Baseline/OD/FT106_OD_L_2_0_BScanThumb_0000006.BMP,FT106,FT106_OD,OD,2,Young Female,Controls,0,90.0,90.0,0.0,Female,BScanThumb,Right Eye,baseline,118.0,8-22-16 Baseline,day_0,90.0,2
data/Cohort_2/Day 118/Controls/FT 106/Bioptigen/8-22-16 Baseline/OD/FT106_OD_L_2_0_BScanThumb_0000010.BMP,FT106,FT106_OD,OD,2,Young Female,Controls,0,90.0,90.0,0.0,Female,BScanThumb,Right Eye,baseline,118.0,8-22-16 Baseline,day_0,90.0,2
data/Cohort_2/Day 118/Controls/FT 106/Bioptigen/8-22-16 Baseline/OD/FT106_OD_V_3x3_0_BScanThumb_0000001.BMP,FT106,FT106_OD,OD,2,Young Female,Controls,0,90.0,90.0,0.0,Female,BScanThumb,Right Eye,baseline,118.0,8-22-16 Baseline,day_0,90.0,2
data/Cohort_2/Day 118/Controls/FT 106/Bioptigen/8-22-16 Baseline/OD/FT106_OD_L_2_0_REGAVG0000007.BMP,FT106,FT106_OD,OD,2,Young Female,Controls,0,90.0,90.0,0.0,Female,REGAVG,Right Eye,baseline,118.0,8-22-16 Baseline,day_0,90.0,2
data/Cohort_2/Day 118/Controls/FT 106/Bioptigen/8-22-16 Baseline/OD/FT106_OD_L_2_0_REGAVG0000011.BMP,FT106,FT106_OD,OD,2,Young Female,Controls,0,90.0,90.0,0.0,Female,REGAVG,Right Eye,baseline,118.0,8-22-16 Baseline,day_0,90.0,2
data/Cohort_2/Day 118/Controls/FT 106/Bioptigen/8-22-16 Baseline/OS/FT106_OS_L_2_0_BScanThumb_0000019.BMP,FT106,FT106_OS,OS,2,Young Female,Controls,0,90.0,90.0,0.0,Female,BScanThumb,Right Eye,baseline,118.0,8-22-16 Baseline,day_0,90.0,2
data/Cohort_2/Day 118/Controls/FT 106/Bioptigen/8-22-16 Baseline/OS/FT106_OS_L_2_0_BScanThumb_0000023.BMP,FT106,FT106_OS,OS,2,Young Female,Controls,0,90.0,90.0,0.0,Female,BScanThumb,Right Eye,baseline,118.0,8-22-16 Baseline,day_0,90.0,2
data/Cohort_2/Day 118/Controls/FT 106/Bioptigen/8-22-16 Baseline/OS/FT106_OS_V_3x3_0_BScanThumb_0000014.BMP,FT106,FT106_OS,OS,2,Young Female,Controls,0,90.0,90.0,0.0,Female,BScanThumb,Right Eye,baseline,118.0,8-22-16 Baseline,day_0,90.0,2
data/Cohort_2/Day 118/Controls/FT 106/Bioptigen/8-22-16 Baseline/OS/FT106_OS_L_2_0_REGAVG0000020.BMP,FT106,FT106_OS,OS,2,Young Female,Controls,0,90.0,90.0,0.0,Female,REGAVG,Right Eye,baseline,118.0,8-22-16 Baseline,day_0,90.0,2
data/Cohort_2/Day 118/Controls/FT 106/Bioptigen/8-22-16 Baseline/OS/FT106_OS_L_2_0_REGAVG0000024.BMP,FT106,FT106_OS,OS,2,Young Female,Controls,0,90.0,90.0,0.0,Female,REGAVG,Right Eye,baseline,118.0,8-22-16 Baseline,day_0,90.0,2
data/Cohort_2/Day 180/Controls/FT 107/Bioptigen/8-22-16 Baseline/OD/FT107_OD_L_2_0_BScanThumb_0000006.BMP,FT107,FT107_OD,OD,2,Young Female,Controls,0,90.0,90.0,0.0,Female,BScanThumb,Right Eye,baseline,180.0,8-22-16 Baseline,day_0,90.0,0
data/Cohort_2/Day 180/Controls/FT 107/Bioptigen/8-22-16 Baseline/OD/FT107_OD_L_2_0_BScanThumb_0000010.BMP,FT107,FT107_OD,OD,2,Young Female,Controls,0,90.0,90.0,0.0,Female,BScanThumb,Right Eye,baseline,180.0,8-22-16 Baseline,day_0,90.0,0
data/Cohort_2/Day 180/Controls/FT 107/Bioptigen/8-22-16 Baseline/OD/FT107_OD_V_3x3_0_BScanThumb_0000001.BMP,FT107,FT107_OD,OD,2,Young Female,Controls,0,90.0,90.0,0.0,Female,BScanThumb,Right Eye,baseline,180.0,8-22-16 Baseline,day_0,90.0,0
data/Cohort_2/Day 180/Controls/FT 107/Bioptigen/8-22-16 Baseline/OD/FT107_OD_L_2_0_REGAVG0000007.BMP,FT107,FT107_OD,OD,2,Young Female,Controls,0,90.0,90.0,0.0,Female,REGAVG,Right Eye,baseline,180.0,8-22-16 Baseline,day_0,90.0,0
data/Cohort_2/Day 180/Controls/FT 107/Bioptigen/8-22-16 Baseline/OD/FT107_OD_L_2_0_REGAVG0000011.BMP,FT107,FT107_OD,OD,2,Young Female,Controls,0,90.0,90.0,0.0,Female,REGAVG,Right Eye,baseline,180.0,8-22-16 Baseline,day_0,90.0,0
data/Cohort_2/Day 180/Controls/FT 107/Bioptigen/8-22-16 Baseline/OS/FT107_OS_L_2_0_BScanThumb_0000019.BMP,FT107,FT107_OS,OS,2,Young Female,Controls,0,90.0,90.0,0.0,Female,BScanThumb,Right Eye,baseline,180.0,8-22-16 Baseline,day_0,90.0,0
data/Cohort_2/Day 180/Controls/FT 107/Bioptigen/8-22-16 Baseline/OS/FT107_OS_L_2_0_BScanThumb_0000023.BMP,FT107,FT107_OS,OS,2,Young Female,Controls,0,90.0,90.0,0.0,Female,BScanThumb,Right Eye,baseline,180.0,8-22-16 Baseline,day_0,90.0,0
data/Cohort_2/Day 180/Controls/FT 107/Bioptigen/8-22-16 Baseline/OS/FT107_OS_V_3x3_0_BScanThumb_0000014.BMP,FT107,FT107_OS,OS,2,Young Female,Controls,0,90.0,90.0,0.0,Female,BScanThumb,Right Eye,baseline,180.0,8-22-16 Baseline,day_0,90.0,0
data/Cohort_2/Day 180/Controls/FT 107/Bioptigen/8-22-16 Baseline/OS/FT107_OS_L_2_0_REGAVG0000020.BMP,FT107,FT107_OS,OS,2,Young Female,Controls,0,90.0,90.0,0.0,Female,REGAVG,Right Eye,baseline,180.0,8-22-16 Baseline,day_0,90.0,0
data/Cohort_2/Day 180/Controls/FT 107/Bioptigen/8-22-16 Baseline/OS/FT107_OS_L_2_0_REGAVG0000024.BMP,FT107,FT107_OS,OS,2,Young Female,Controls,0,90.0,90.0,0.0,Female,REGAVG,Right Eye,baseline,180.0,8-22-16 Baseline,day_0,90.0,0
data/Cohort_2/Day 180/Controls/FT 107/Bioptigen/End HLS/OD/FT107_OD_L_2_0_BScanThumb_0000044.BMP,FT107,FT107_OD,OD,2,Young Female,Controls,90,270.0,90.0,180.0,Female,BScanThumb,Right Eye,end_hls,180.0,End HLS,day_90,180.0,0
data/Cohort_2/Day 180/Controls/FT 107/Bioptigen/End HLS/OD/FT107_OD_L_2_0_BScanThumb_0000048.BMP,FT107,FT107_OD,OD,2,Young Female,Controls,90,270.0,90.0,180.0,Female,BScanThumb,Right Eye,end_hls,180.0,End HLS,day_90,180.0,0
data/Cohort_2/Day 180/Controls/FT 107/Bioptigen/End HLS/OD/FT107_OD_V_3x3_0_BScanThumb_0000039.BMP,FT107,FT107_OD,OD,2,Young Female,Controls,90,270.0,90.0,180.0,Female,BScanThumb,Right Eye,end_hls,180.0,End HLS,day_90,180.0,0
data/Cohort_2/Day 180/Controls/FT 107/Bioptigen/End HLS/OD/FT107_OD_L_2_0_REGAVG0000045.BMP,FT107,FT107_OD,OD,2,Young Female,Controls,90,270.0,90.0,180.0,Female,REGAVG,Right Eye,end_hls,180.0,End HLS,day_90,180.0,0
data/Cohort_2/Day 180/Controls/FT 107/Bioptigen/End HLS/OD/FT107_OD_L_2_0_REGAVG0000049.BMP,FT107,FT107_OD,OD,2,Young Female,Controls,90,270.0,90.0,180.0,Female,REGAVG,Right Eye,end_hls,180.0,End HLS,day_90,180.0,0
data/Cohort_2/Day 180/Controls/FT 107/Bioptigen/End HLS/OS/FT107_OS_L_2_0_BScanThumb_0000057.BMP,FT107,FT107_OS,OS,2,Young Female,Controls,90,270.0,90.0,180.0,Female,BScanThumb,Right Eye,end_hls,180.0,End HLS,day_90,180.0,0
data/Cohort_2/Day 180/Controls/FT 107/Bioptigen/End HLS/OS/FT107_OS_L_2_0_BScanThumb_0000061.BMP,FT107,FT107_OS,OS,2,Young Female,Controls,90,270.0,90.0,180.0,Female,BScanThumb,Right Eye,end_hls,180.0,End HLS,day_90,180.0,0
data/Cohort_2/Day 180/Controls/FT 107/Bioptigen/End HLS/OS/FT107_OS_V_3x3_0_BScanThumb_0000052.BMP,FT107,FT107_OS,OS,2,Young Female,Controls,90,270.0,90.0,180.0,Female,BScanThumb,Right Eye,end_hls,180.0,End HLS,day_90,180.0,0
data/Cohort_2/Day 180/Controls/FT 107/Bioptigen/End HLS/OS/FT107_OS_L_2_0_REGAVG0000058.BMP,FT107,FT107_OS,OS,2,Young Female,Controls,90,270.0,90.0,180.0,Female,REGAVG,Right Eye,end_hls,180.0,End HLS,day_90,180.0,0
data/Cohort_2/Day 180/Controls/FT 107/Bioptigen/End HLS/OS/FT107_OS_L_2_0_REGAVG0000062.BMP,FT107,FT107_OS,OS,2,Young Female,Controls,90,270.0,90.0,180.0,Female,REGAVG,Right Eye,end_hls,180.0,End HLS,day_90,180.0,0
data/Cohort_2/Day 180/Controls/FT 110/Bioptigen/8-22-16 Baseline/OD/FT110_OD_L_2_0_BScanThumb_0000006.BMP,FT110,FT110_OD,OD,2,Young Female,Controls,0,90.0,90.0,0.0,Female,BScanThumb,Right Eye,baseline,180.0,8-22-16 Baseline,day_0,90.0,1
data/Cohort_2/Day 180/Controls/FT 110/Bioptigen/8-22-16 Baseline/OD/FT110_OD_L_2_0_BScanThumb_0000010.BMP,FT110,FT110_OD,OD,2,Young Female,Controls,0,90.0,90.0,0.0,Female,BScanThumb,Right Eye,baseline,180.0,8-22-16 Baseline,day_0,90.0,1
data/Cohort_2/Day 180/Controls/FT 110/Bioptigen/8-22-16 Baseline/OD/FT110_OD_V_3x3_0_BScanThumb_0000001.BMP,FT110,FT110_OD,OD,2,Young Female,Controls,0,90.0,90.0,0.0,Female,BScanThumb,Right Eye,baseline,180.0,8-22-16 Baseline,day_0,90.0,1
data/Cohort_2/Day 180/Controls/FT 110/Bioptigen/8-22-16 Baseline/OD/FT110_OD_L_2_0_REGAVG0000007.BMP,FT110,FT110_OD,OD,2,Young Female,Controls,0,90.0,90.0,0.0,Female,REGAVG,Right Eye,baseline,180.0,8-22-16 Baseline,day_0,90.0,1
data/Cohort_2/Day 180/Controls/FT 110/Bioptigen/8-22-16 Baseline/OD/FT110_OD_L_2_0_REGAVG0000011.BMP,FT110,FT110_OD,OD,2,Young Female,Controls,0,90.0,90.0,0.0,Female,REGAVG,Right Eye,baseline,180.0,8-22-16 Baseline,day_0,90.0,1
data/Cohort_2/Day 180/Controls/FT 110/Bioptigen/8-22-16 Baseline/OS/FT110_OS_L_2_0_BScanThumb_0000019.BMP,FT110,FT110_OS,OS,2,Young Female,Controls,0,90.0,90.0,0.0,Female,BScanThumb,Right Eye,baseline,180.0,8-22-16 Baseline,day_0,90.0,1
data/Cohort_2/Day 180/Controls/FT 110/Bioptigen/8-22-16 Baseline/OS/FT110_OS_L_2_0_BScanThumb_0000023.BMP,FT110,FT110_OS,OS,2,Young Female,Controls,0,90.0,90.0,0.0,Female,BScanThumb,Right Eye,baseline,180.0,8-22-16 Baseline,day_0,90.0,1
data/Cohort_2/Day 180/Controls/FT 110/Bioptigen/8-22-16 Baseline/OS/FT110_OS_V_3x3_0_BScanThumb_0000014.BMP,FT110,FT110_OS,OS,2,Young Female,Controls,0,90.0,90.0,0.0,Female,BScanThumb,Right Eye,baseline,180.0,8-22-16 Baseline,day_0,90.0,1
data/Cohort_2/Day 180/Controls/FT 110/Bioptigen/8-22-16 Baseline/OS/FT110_OS_L_2_0_REGAVG0000020.BMP,FT110,FT110_OS,OS,2,Young Female,Controls,0,90.0,90.0,0.0,Female,REGAVG,Right Eye,baseline,180.0,8-22-16 Baseline,day_0,90.0,1
data/Cohort_2/Day 180/Controls/FT 110/Bioptigen/8-22-16 Baseline/OS/FT110_OS_L_2_0_REGAVG0000024.BMP,FT110,FT110_OS,OS,2,Young Female,Controls,0,90.0,90.0,0.0,Female,REGAVG,Right Eye,baseline,180.0,8-22-16 Baseline,day_0,90.0,1
data/Cohort_2/Day 180/Controls/FT 110/Bioptigen/End HLS/OD/FT110_OD_L_2_0_BScanThumb_0000044.BMP,FT110,FT110_OD,OD,2,Young Female,Controls,90,270.0,90.0,180.0,Female,BScanThumb,Right Eye,end_hls,180.0,End HLS,day_90,180.0,1
data/Cohort_2/Day 180/Controls/FT 110/Bioptigen/End HLS/OD/FT110_OD_L_2_0_BScanThumb_0000048.BMP,FT110,FT110_OD,OD,2,Young Female,Controls,90,270.0,90.0,180.0,Female,BScanThumb,Right Eye,end_hls,180.0,End HLS,day_90,180.0,1
data/Cohort_2/Day 180/Controls/FT 110/Bioptigen/End HLS/OD/FT110_OD_V_3x3_0_BScanThumb_0000039.BMP,FT110,FT110_OD,OD,2,Young Female,Controls,90,270.0,90.0,180.0,Female,BScanThumb,Right Eye,end_hls,180.0,End HLS,day_90,180.0,1
data/Cohort_2/Day 180/Controls/FT 110/Bioptigen/End HLS/OD/FT110_OD_L_2_0_REGAVG0000045.BMP,FT110,FT110_OD,OD,2,Young Female,Controls,90,270.0,90.0,180.0,Female,REGAVG,Right Eye,end_hls,180.0,End HLS,day_90,180.0,1
data/Cohort_2/Day 180/Controls/FT 110/Bioptigen/End HLS/OD/FT110_OD_L_2_0_REGAVG0000049.BMP,FT110,FT110_OD,OD,2,Young Female,Controls,90,270.0,90.0,180.0,Female,REGAVG,Right Eye,end_hls,180.0,End HLS,day_90,180.0,1
data/Cohort_2/Day 180/Controls/FT 110/Bioptigen/End HLS/OS/FT110_OS_L_2_0_BScanThumb_0000060.BMP,FT110,FT110_OS,OS,2,Young Female,Controls,90,270.0,90.0,180.0,Female,BScanThumb,Right Eye,end_hls,180.0,End HLS,day_90,180.0,1
data/Cohort_2/Day 180/Controls/FT 110/Bioptigen/End HLS/OS/FT110_OS_L_2_0_BScanThumb_0000064.BMP,FT110,FT110_OS,OS,2,Young Female,Controls,90,270.0,90.0,180.0,Female,BScanThumb,Right Eye,end_hls,180.0,End HLS,day_90,180.0,1
data/Cohort_2/Day 180/Controls/FT 110/Bioptigen/End HLS/OS/FT110_OS_V_3x3_0_BScanThumb_0000055.BMP,FT110,FT110_OS,OS,2,Young Female,Controls,90,270.0,90.0,180.0,Female,BScanThumb,Right Eye,end_hls,180.0,End HLS,day_90,180.0,1
data/Cohort_2/Day 180/Controls/FT 110/Bioptigen/End HLS/OS/FT110_OS_L_2_0_REGAVG0000061.BMP,FT110,FT110_OS,OS,2,Young Female,Controls,90,270.0,90.0,180.0,Female,REGAVG,Right Eye,end_hls,180.0,End HLS,day_90,180.0,1
data/Cohort_2/Day 180/Controls/FT 110/Bioptigen/End HLS/OS/FT110_OS_L_2_0_REGAVG0000065.BMP,FT110,FT110_OS,OS,2,Young Female,Controls,90,270.0,90.0,180.0,Female,REGAVG,Right Eye,end_hls,180.0,End HLS,day_90,180.0,1
data/Cohort_2/Day 118/Controls/FT 111/Bioptigen/8-22-16 Baseline/OD/FT111_OD_L_2_0_BScanThumb_0000006.BMP,FT111,FT111_OD,OD,2,Young Female,Controls,0,90.0,90.0,0.0,Female,BScanThumb,Right Eye,baseline,118.0,8-22-16 Baseline,day_0,90.0,2
data/Cohort_2/Day 118/Controls/FT 111/Bioptigen/8-22-16 Baseline/OD/FT111_OD_L_2_0_BScanThumb_0000010.BMP,FT111,FT111_OD,OD,2,Young Female,Controls,0,90.0,90.0,0.0,Female,BScanThumb,Right Eye,baseline,118.0,8-22-16 Baseline,day_0,90.0,2
data/Cohort_2/Day 118/Controls/FT 111/Bioptigen/8-22-16 Baseline/OD/FT111_OD_V_3x3_0_BScanThumb_0000001.BMP,FT111,FT111_OD,OD,2,Young Female,Controls,0,90.0,90.0,0.0,Female,BScanThumb,Right Eye,baseline,118.0,8-22-16 Baseline,day_0,90.0,2
data/Cohort_2/Day 118/Controls/FT 111/Bioptigen/8-22-16 Baseline/OD/FT111_OD_L_2_0_REGAVG0000007.BMP,FT111,FT111_OD,OD,2,Young Female,Controls,0,90.0,90.0,0.0,Female,REGAVG,Right Eye,baseline,118.0,8-22-16 Baseline,day_0,90.0,2
data/Cohort_2/Day 118/Controls/FT 111/Bioptigen/8-22-16 Baseline/OD/FT111_OD_L_2_0_REGAVG0000011.BMP,FT111,FT111_OD,OD,2,Young Female,Controls,0,90.0,90.0,0.0,Female,REGAVG,Right Eye,baseline,118.0,8-22-16 Baseline,day_0,90.0,2
data/Cohort_2/Day 118/Controls/FT 111/Bioptigen/8-22-16 Baseline/OS/FT111_OS_L_2_0_BScanThumb_0000019.BMP,FT111,FT111_OS,OS,2,Young Female,Controls,0,90.0,90.0,0.0,Female,BScanThumb,Right Eye,baseline,118.0,8-22-16 Baseline,day_0,90.0,2
data/Cohort_2/Day 118/Controls/FT 111/Bioptigen/8-22-16 Baseline/OS/FT111_OS_L_2_0_BScanThumb_0000023.BMP,FT111,FT111_OS,OS,2,Young Female,Controls,0,90.0,90.0,0.0,Female,BScanThumb,Right Eye,baseline,118.0,8-22-16 Baseline,day_0,90.0,2
data/Cohort_2/Day 118/Controls/FT 111/Bioptigen/8-22-16 Baseline/OS/FT111_OS_V_3x3_0_BScanThumb_0000014.BMP,FT111,FT111_OS,OS,2,Young Female,Controls,0,90.0,90.0,0.0,Female,BScanThumb,Right Eye,baseline,118.0,8-22-16 Baseline,day_0,90.0,2
data/Cohort_2/Day 118/Controls/FT 111/Bioptigen/8-22-16 Baseline/OS/FT111_OS_L_2_0_REGAVG0000020.BMP,FT111,FT111_OS,OS,2,Young Female,Controls,0,90.0,90.0,0.0,Female,REGAVG,Right Eye,baseline,118.0,8-22-16 Baseline,day_0,90.0,2
data/Cohort_2/Day 118/Controls/FT 111/Bioptigen/8-22-16 Baseline/OS/FT111_OS_L_2_0_REGAVG0000024.BMP,FT111,FT111_OS,OS,2,Young Female,Controls,0,90.0,90.0,0.0,Female,REGAVG,Right Eye,baseline,118.0,8-22-16 Baseline,day_0,90.0,2
data/Cohort_2/Day 14/Controls/FT 12/Bioptigen/Baseline/OD/12-FT_OD_L_3_0_BScanThumb_0000021.BMP,FT12,FT12_OD,OD,2,Young Female,Controls,0,90.0,90.0,0.0,Female,BScanThumb,Right Eye,baseline,14.0,Baseline,day_0,90.0,0
data/Cohort_2/Day 14/Controls/FT 12/Bioptigen/Baseline/OD/12-FT_OD_L_3_0_BScanThumb_0000024.BMP,FT12,FT12_OD,OD,2,Young Female,Controls,0,90.0,90.0,0.0,Female,BScanThumb,Right Eye,baseline,14.0,Baseline,day_0,90.0,0
data/Cohort_2/Day 14/Controls/FT 12/Bioptigen/Baseline/OD/12-FT_OD_R_3_0_BScanThumb_0000009.BMP,FT12,FT12_OD,OD,2,Young Female,Controls,0,90.0,90.0,0.0,Female,BScanThumb,Right Eye,baseline,14.0,Baseline,day_0,90.0,0
data/Cohort_2/Day 14/Controls/FT 12/Bioptigen/Baseline/OD/12-FT_OD_V_1x1_0_BScanThumb_0000017.BMP,FT12,FT12_OD,OD,2,Young Female,Controls,0,90.0,90.0,0.0,Female,BScanThumb,Right Eye,baseline,14.0,Baseline,day_0,90.0,0
data/Cohort_2/Day 14/Controls/FT 12/Bioptigen/Baseline/OD/12-FT_OD_V_3x3_0_BScanThumb_0000001.BMP,FT12,FT12_OD,OD,2,Young Female,Controls,0,90.0,90.0,0.0,Female,BScanThumb,Right Eye,baseline,14.0,Baseline,day_0,90.0,0
data/Cohort_2/Day 14/Controls/FT 12/Bioptigen/Baseline/OD/12-FT_OD_V_3x3_0_BScanThumb_0000005.BMP,FT12,FT12_OD,OD,2,Young Female,Controls,0,90.0,90.0,0.0,Female,BScanThumb,Right Eye,baseline,14.0,Baseline,day_0,90.0,0
data/Cohort_2/Day 14/Controls/FT 12/Bioptigen/Baseline/OD/12-FT_OD_V_3x3_0_BScanThumb_0000013.BMP,FT12,FT12_OD,OD,2,Young Female,Controls,0,90.0,90.0,0.0,Female,BScanThumb,Right Eye,baseline,14.0,Baseline,day_0,90.0,0
data/Cohort_2/Day 14/Controls/FT 12/Bioptigen/Baseline/OD/12-FT_OD_V_3x3_0_BScanThumb_0000027.BMP,FT12,FT12_OD,OD,2,Young Female,Controls,0,90.0,90.0,0.0,Female,BScanThumb,Right Eye,baseline,14.0,Baseline,day_0,90.0,0
data/Cohort_2/Day 14/Controls/FT 12/Bioptigen/Baseline/OD/12-FT_OD_V_3x3_0_BScanThumb_0000031.BMP,FT12,FT12_OD,OD,2,Young Female,Controls,0,90.0,90.0,0.0,Female,BScanThumb,Right Eye,baseline,14.0,Baseline,day_0,90.0,0
data/Cohort_2/Day 14/Controls/FT 12/Bioptigen/Baseline/OS/12-FT_OS_L_3_0_BScanThumb_0000047.BMP,FT12,FT12_OS,OS,2,Young Female,Controls,0,90.0,90.0,0.0,Female,BScanThumb,Right Eye,baseline,14.0,Baseline,day_0,90.0,0
data/Cohort_2/Day 14/Controls/FT 12/Bioptigen/Baseline/OS/12-FT_OS_L_3_0_BScanThumb_0000054.BMP,FT12,FT12_OS,OS,2,Young Female,Controls,0,90.0,90.0,0.0,Female,BScanThumb,Right Eye,baseline,14.0,Baseline,day_0,90.0,0
data/Cohort_2/Day 14/Controls/FT 12/Bioptigen/Baseline/OS/12-FT_OS_R_3_0_BScanThumb_0000039.BMP,FT12,FT12_OS,OS,2,Young Female,Controls,0,90.0,90.0,0.0,Female,BScanThumb,Right Eye,baseline,14.0,Baseline,day_0,90.0,0
data/Cohort_2/Day 14/Controls/FT 12/Bioptigen/Baseline/OS/12-FT_OS_V_1x1_0_BScanThumb_0000065.BMP,FT12,FT12_OS,OS,2,Young Female,Controls,0,90.0,90.0,0.0,Female,BScanThumb,Right Eye,baseline,14.0,Baseline,day_0,90.0,0
data/Cohort_2/Day 14/Controls/FT 12/Bioptigen/Baseline/OS/12-FT_OS_V_3x3_0_BScanThumb_0000035.BMP,FT12,FT12_OS,OS,2,Young Female,Controls,0,90.0,90.0,0.0,Female,BScanThumb,Right Eye,baseline,14.0,Baseline,day_0,90.0,0
data/Cohort_2/Day 14/Controls/FT 12/Bioptigen/Baseline/OS/12-FT_OS_V_3x3_0_BScanThumb_0000043.BMP,FT12,FT12_OS,OS,2,Young Female,Controls,0,90.0,90.0,0.0,Female,BScanThumb,Right Eye,baseline,14.0,Baseline,day_0,90.0,0
data/Cohort_2/Day 14/Controls/FT 12/Bioptigen/Baseline/OS/12-FT_OS_V_3x3_0_BScanThumb_0000050.BMP,FT12,FT12_OS,OS,2,Young Female,Controls,0,90.0,90.0,0.0,Female,BScanThumb,Right Eye,baseline,14.0,Baseline,day_0,90.0,0
data/Cohort_2/Day 14/Controls/FT 12/Bioptigen/Baseline/OS/12-FT_OS_V_3x3_0_BScanThumb_0000057.BMP,FT12,FT12_OS,OS,2,Young Female,Controls,0,90.0,90.0,0.0,Female,BScanThumb,Right Eye,baseline,14.0,Baseline,day_0,90.0,0
data/Cohort_2/Day 14/Controls/FT 12/Bioptigen/Baseline/OS/12-FT_OS_V_3x3_0_BScanThumb_0000061.BMP,FT12,FT12_OS,OS,2,Young Female,Controls,0,90.0,90.0,0.0,Female,BScanThumb,Right Eye,baseline,14.0,Baseline,day_0,90.0,0
data/Cohort_2/Day 14/Controls/FT 12/Bioptigen/Baseline/OS/12-FT_OS_L_3_0_REGAVG0000048.BMP,FT12,FT12_OS,OS,2,Young Female,Controls,0,90.0,90.0,0.0,Female,REGAVG,Right Eye,baseline,14.0,Baseline,day_0,90.0,0
data/Cohort_2/Day 14/Controls/FT 12/Bioptigen/Baseline/OS/12-FT_OS_L_3_0_REGAVG0000055.BMP,FT12,FT12_OS,OS,2,Young Female,Controls,0,90.0,90.0,0.0,Female,REGAVG,Right Eye,baseline,14.0,Baseline,day_0,90.0,0
data/Cohort_2/Day 14/Controls/FT 12/Bioptigen/Baseline/OS/12-FT_OS_V_1X1_0_REGAVG0000066.BMP,FT12,FT12_OS,OS,2,Young Female,Controls,0,90.0,90.0,0.0,Female,REGAVG,Right Eye,baseline,14.0,Baseline,day_0,90.0,0
data/Cohort_2/Day 14/Controls/FT 12/Bioptigen/Baseline/OS/12-FT_OS_V_3X3_0_REGAVG0000062.BMP,FT12,FT12_OS,OS,2,Young Female,Controls,0,90.0,90.0,0.0,Female,REGAVG,Right Eye,baseline,14.0,Baseline,day_0,90.0,0
data/Cohort_2/Day 180/Controls/FT 122/Bioptigen/8-23-16 Baseline/OD/FT122_OD_L_2_0_BScanThumb_0000006.BMP,FT122,FT122_OD,OD,2,Young Female,Controls,0,90.0,90.0,0.0,Female,BScanThumb,Right Eye,baseline,180.0,8-23-16 Baseline,day_0,90.0,1
data/Cohort_2/Day 180/Controls/FT 122/Bioptigen/8-23-16 Baseline/OD/FT122_OD_L_2_0_BScanThumb_0000010.BMP,FT122,FT122_OD,OD,2,Young Female,Controls,0,90.0,90.0,0.0,Female,BScanThumb,Right Eye,baseline,180.0,8-23-16 Baseline,day_0,90.0,1
data/Cohort_2/Day 180/Controls/FT 122/Bioptigen/8-23-16 Baseline/OD/FT122_OD_V_3x3_0_BScanThumb_0000001.BMP,FT122,FT122_OD,OD,2,Young Female,Controls,0,90.0,90.0,0.0,Female,BScanThumb,Right Eye,baseline,180.0,8-23-16 Baseline,day_0,90.0,1
data/Cohort_2/Day 180/Controls/FT 122/Bioptigen/8-23-16 Baseline/OD/FT122_OD_L_2_0_REGAVG0000007.BMP,FT122,FT122_OD,OD,2,Young Female,Controls,0,90.0,90.0,0.0,Female,REGAVG,Right Eye,baseline,180.0,8-23-16 Baseline,day_0,90.0,1
data/Cohort_2/Day 180/Controls/FT 122/Bioptigen/8-23-16 Baseline/OD/FT122_OD_L_2_0_REGAVG0000011.BMP,FT122,FT122_OD,OD,2,Young Female,Controls,0,90.0,90.0,0.0,Female,REGAVG,Right Eye,baseline,180.0,8-23-16 Baseline,day_0,90.0,1
data/Cohort_2/Day 180/Controls/FT 122/Bioptigen/8-23-16 Baseline/OS/FT122_OS_L_2_0_BScanThumb_0000019.BMP,FT122,FT122_OS,OS,2,Young Female,Controls,0,90.0,90.0,0.0,Female,BScanThumb,Right Eye,baseline,180.0,8-23-16 Baseline,day_0,90.0,1
data/Cohort_2/Day 180/Controls/FT 122/Bioptigen/8-23-16 Baseline/OS/FT122_OS_L_2_0_BScanThumb_0000023.BMP,FT122,FT122_OS,OS,2,Young Female,Controls,0,90.0,90.0,0.0,Female,BScanThumb,Right Eye,baseline,180.0,8-23-16 Baseline,day_0,90.0,1
data/Cohort_2/Day 180/Controls/FT 122/Bioptigen/8-23-16 Baseline/OS/FT122_OS_V_3x3_0_BScanThumb_0000014.BMP,FT122,FT122_OS,OS,2,Young Female,Controls,0,90.0,90.0,0.0,Female,BScanThumb,Right Eye,baseline,180.0,8-23-16 Baseline,day_0,90.0,1
data/Cohort_2/Day 180/Controls/FT 122/Bioptigen/8-23-16 Baseline/OS/FT122_OS_L_2_0_REGAVG0000020.BMP,FT122,FT122_OS,OS,2,Young Female,Controls,0,90.0,90.0,0.0,Female,REGAVG,Right Eye,baseline,180.0,8-23-16 Baseline,day_0,90.0,1
data/Cohort_2/Day 180/Controls/FT 122/Bioptigen/8-23-16 Baseline/OS/FT122_OS_L_2_0_REGAVG0000024.BMP,FT122,FT122_OS,OS,2,Young Female,Controls,0,90.0,90.0,0.0,Female,REGAVG,Right Eye,baseline,180.0,8-23-16 Baseline,day_0,90.0,1
data/Cohort_2/Day 180/Controls/FT 122/Bioptigen/End HLS/OD/FT122_OD_L_2_0_BScanThumb_0000044.BMP,FT122,FT122_OD,OD,2,Young Female,Controls,90,270.0,90.0,180.0,Female,BScanThumb,Right Eye,end_hls,180.0,End HLS,day_90,180.0,1
data/Cohort_2/Day 180/Controls/FT 122/Bioptigen/End HLS/OD/FT122_OD_L_2_0_BScanThumb_0000048.BMP,FT122,FT122_OD,OD,2,Young Female,Controls,90,270.0,90.0,180.0,Female,BScanThumb,Right Eye,end_hls,180.0,End HLS,day_90,180.0,1
data/Cohort_2/Day 180/Controls/FT 122/Bioptigen/End HLS/OD/FT122_OD_V_3x3_0_BScanThumb_0000039.BMP,FT122,FT122_OD,OD,2,Young Female,Controls,90,270.0,90.0,180.0,Female,BScanThumb,Right Eye,end_hls,180.0,End HLS,day_90,180.0,1
data/Cohort_2/Day 180/Controls/FT 122/Bioptigen/End HLS/OD/FT122_OD_L_2_0_REGAVG0000045.BMP,FT122,FT122_OD,OD,2,Young Female,Controls,90,270.0,90.0,180.0,Female,REGAVG,Right Eye,end_hls,180.0,End HLS,day_90,180.0,1
data/Cohort_2/Day 180/Controls/FT 122/Bioptigen/End HLS/OD/FT122_OD_L_2_0_REGAVG0000049.BMP,FT122,FT122_OD,OD,2,Young Female,Controls,90,270.0,90.0,180.0,Female,REGAVG,Right Eye,end_hls,180.0,End HLS,day_90,180.0,1
data/Cohort_2/Day 180/Controls/FT 122/Bioptigen/End HLS/OS/FT122_OS_L_2_0_BScanThumb_0000057.BMP,FT122,FT122_OS,OS,2,Young Female,Controls,90,270.0,90.0,180.0,Female,BScanThumb,Right Eye,end_hls,180.0,End HLS,day_90,180.0,1
data/Cohort_2/Day 180/Controls/FT 122/Bioptigen/End HLS/OS/FT122_OS_L_2_0_BScanThumb_0000061.BMP,FT122,FT122_OS,OS,2,Young Female,Controls,90,270.0,90.0,180.0,Female,BScanThumb,Right Eye,end_hls,180.0,End HLS,day_90,180.0,1
data/Cohort_2/Day 180/Controls/FT 122/Bioptigen/End HLS/OS/FT122_OS_V_3x3_0_BScanThumb_0000052.BMP,FT122,FT122_OS,OS,2,Young Female,Controls,90,270.0,90.0,180.0,Female,BScanThumb,Right Eye,end_hls,180.0,End HLS,day_90,180.0,1
data/Cohort_2/Day 180/Controls/FT 122/Bioptigen/End HLS/OS/FT122_OS_L_2_0_REGAVG0000058.BMP,FT122,FT122_OS,OS,2,Young Female,Controls,90,270.0,90.0,180.0,Female,REGAVG,Right Eye,end_hls,180.0,End HLS,day_90,180.0,1
data/Cohort_2/Day 180/Controls/FT 122/Bioptigen/End HLS/OS/FT122_OS_L_2_0_REGAVG0000062.BMP,FT122,FT122_OS,OS,2,Young Female,Controls,90,270.0,90.0,180.0,Female,REGAVG,Right Eye,end_hls,180.0,End HLS,day_90,180.0,1
data/Cohort_2/Day 180/Controls/FT 128/Bioptigen/8-23-16 Baseline/OD/FT128_OD_L_2_0_BScanThumb_0000006.BMP,FT128,FT128_OD,OD,2,Young Female,Controls,0,90.0,90.0,0.0,Female,BScanThumb,Right Eye,baseline,180.0,8-23-16 Baseline,day_0,90.0,2
data/Cohort_2/Day 180/Controls/FT 128/Bioptigen/8-23-16 Baseline/OD/FT128_OD_L_2_0_BScanThumb_0000010.BMP,FT128,FT128_OD,OD,2,Young Female,Controls,0,90.0,90.0,0.0,Female,BScanThumb,Right Eye,baseline,180.0,8-23-16 Baseline,day_0,90.0,2
data/Cohort_2/Day 180/Controls/FT 128/Bioptigen/8-23-16 Baseline/OD/FT128_OD_V_3x3_0_BScanThumb_0000001.BMP,FT128,FT128_OD,OD,2,Young Female,Controls,0,90.0,90.0,0.0,Female,BScanThumb,Right Eye,baseline,180.0,8-23-16 Baseline,day_0,90.0,2
data/Cohort_2/Day 180/Controls/FT 128/Bioptigen/8-23-16 Baseline/OD/FT128_OD_L_2_0_REGAVG0000007.BMP,FT128,FT128_OD,OD,2,Young Female,Controls,0,90.0,90.0,0.0,Female,REGAVG,Right Eye,baseline,180.0,8-23-16 Baseline,day_0,90.0,2
data/Cohort_2/Day 180/Controls/FT 128/Bioptigen/8-23-16 Baseline/OD/FT128_OD_L_2_0_REGAVG0000011.BMP,FT128,FT128_OD,OD,2,Young Female,Controls,0,90.0,90.0,0.0,Female,REGAVG,Right Eye,baseline,180.0,8-23-16 Baseline,day_0,90.0,2
data/Cohort_2/Day 180/Controls/FT 128/Bioptigen/8-23-16 Baseline/OS/FT128_OS_L_2_0_BScanThumb_0000019.BMP,FT128,FT128_OS,OS,2,Young Female,Controls,0,90.0,90.0,0.0,Female,BScanThumb,Right Eye,baseline,180.0,8-23-16 Baseline,day_0,90.0,2
data/Cohort_2/Day 180/Controls/FT 128/Bioptigen/8-23-16 Baseline/OS/FT128_OS_L_2_0_BScanThumb_0000023.BMP,FT128,FT128_OS,OS,2,Young Female,Controls,0,90.0,90.0,0.0,Female,BScanThumb,Right Eye,baseline,180.0,8-23-16 Baseline,day_0,90.0,2
data/Cohort_2/Day 180/Controls/FT 128/Bioptigen/8-23-16 Baseline/OS/FT128_OS_V_3x3_0_BScanThumb_0000014.BMP,FT128,FT128_OS,OS,2,Young Female,Controls,0,90.0,90.0,0.0,Female,BScanThumb,Right Eye,baseline,180.0,8-23-16 Baseline,day_0,90.0,2
data/Cohort_2/Day 180/Controls/FT 128/Bioptigen/8-23-16 Baseline/OS/FT128_OS_L_2_0_REGAVG0000020.BMP,FT128,FT128_OS,OS,2,Young Female,Controls,0,90.0,90.0,0.0,Female,REGAVG,Right Eye,baseline,180.0,8-23-16 Baseline,day_0,90.0,2
data/Cohort_2/Day 180/Controls/FT 128/Bioptigen/8-23-16 Baseline/OS/FT128_OS_L_2_0_REGAVG0000024.BMP,FT128,FT128_OS,OS,2,Young Female,Controls,0,90.0,90.0,0.0,Female,REGAVG,Right Eye,baseline,180.0,8-23-16 Baseline,day_0,90.0,2
data/Cohort_2/Day 180/Controls/FT 128/Bioptigen/End HLS/OD/FT128_OD_L_2_0_BScanThumb_0000044.BMP,FT128,FT128_OD,OD,2,Young Female,Controls,90,270.0,90.0,180.0,Female,BScanThumb,Right Eye,end_hls,180.0,End HLS,day_90,180.0,2
data/Cohort_2/Day 180/Controls/FT 128/Bioptigen/End HLS/OD/FT128_OD_L_2_0_BScanThumb_0000048.BMP,FT128,FT128_OD,OD,2,Young Female,Controls,90,270.0,90.0,180.0,Female,BScanThumb,Right Eye,end_hls,180.0,End HLS,day_90,180.0,2
data/Cohort_2/Day 180/Controls/FT 128/Bioptigen/End HLS/OD/FT128_OD_V_3x3_0_BScanThumb_0000039.BMP,FT128,FT128_OD,OD,2,Young Female,Controls,90,270.0,90.0,180.0,Female,BScanThumb,Right Eye,end_hls,180.0,End HLS,day_90,180.0,2
data/Cohort_2/Day 180/Controls/FT 128/Bioptigen/End HLS/OD/FT128_OD_L_2_0_REGAVG0000045.BMP,FT128,FT128_OD,OD,2,Young Female,Controls,90,270.0,90.0,180.0,Female,REGAVG,Right Eye,end_hls,180.0,End HLS,day_90,180.0,2
data/Cohort_2/Day 180/Controls/FT 128/Bioptigen/End HLS/OD/FT128_OD_L_2_0_REGAVG0000049.BMP,FT128,FT128_OD,OD,2,Young Female,Controls,90,270.0,90.0,180.0,Female,REGAVG,Right Eye,end_hls,180.0,End HLS,day_90,180.0,2
data/Cohort_2/Day 180/Controls/FT 128/Bioptigen/End HLS/OS/FT128_OS_L_2_0_BScanThumb_0000057.BMP,FT128,FT128_OS,OS,2,Young Female,Controls,90,270.0,90.0,180.0,Female,BScanThumb,Right Eye,end_hls,180.0,End HLS,day_90,180.0,2
data/Cohort_2/Day 180/Controls/FT 128/Bioptigen/End HLS/OS/FT128_OS_L_2_0_BScanThumb_0000061.BMP,FT128,FT128_OS,OS,2,Young Female,Controls,90,270.0,90.0,180.0,Female,BScanThumb,Right Eye,end_hls,180.0,End HLS,day_90,180.0,2
data/Cohort_2/Day 180/Controls/FT 128/Bioptigen/End HLS/OS/FT128_OS_V_3x3_0_BScanThumb_0000052.BMP,FT128,FT128_OS,OS,2,Young Female,Controls,90,270.0,90.0,180.0,Female,BScanThumb,Right Eye,end_hls,180.0,End HLS,day_90,180.0,2
data/Cohort_2/Day 180/Controls/FT 128/Bioptigen/End HLS/OS/FT128_OS_L_2_0_REGAVG0000058.BMP,FT128,FT128_OS,OS,2,Young Female,Controls,90,270.0,90.0,180.0,Female,REGAVG,Right Eye,end_hls,180.0,End HLS,day_90,180.0,2
data/Cohort_2/Day 180/Controls/FT 128/Bioptigen/End HLS/OS/FT128_OS_L_2_0_REGAVG0000062.BMP,FT128,FT128_OS,OS,2,Young Female,Controls,90,270.0,90.0,180.0,Female,REGAVG,Right Eye,end_hls,180.0,End HLS,day_90,180.0,2
data/Cohort_2/Day 104/Controls/FT 133/Bioptigen/Baseline 2-7-2017/OD/FT133_OD_L_2_0_BScanThumb_0000006.BMP,FT133,FT133_OD,OD,2,Young Female,Controls,0,90.0,90.0,0.0,Female,BScanThumb,Right Eye,baseline,104.0,Baseline 2-7-2017,day_0,90.0,0
data/Cohort_2/Day 104/Controls/FT 133/Bioptigen/Baseline 2-7-2017/OD/FT133_OD_L_2_0_BScanThumb_0000010.BMP,FT133,FT133_OD,OD,2,Young Female,Controls,0,90.0,90.0,0.0,Female,BScanThumb,Right Eye,baseline,104.0,Baseline 2-7-2017,day_0,90.0,0
data/Cohort_2/Day 104/Controls/FT 133/Bioptigen/Baseline 2-7-2017/OD/FT133_OD_V_3x3_0_BScanThumb_0000001.BMP,FT133,FT133_OD,OD,2,Young Female,Controls,0,90.0,90.0,0.0,Female,BScanThumb,Right Eye,baseline,104.0,Baseline 2-7-2017,day_0,90.0,0
data/Cohort_2/Day 104/Controls/FT 133/Bioptigen/Baseline 2-7-2017/OD/FT133_OD_L_2_0_REGAVG0000007.BMP,FT133,FT133_OD,OD,2,Young Female,Controls,0,90.0,90.0,0.0,Female,REGAVG,Right Eye,baseline,104.0,Baseline 2-7-2017,day_0,90.0,0
data/Cohort_2/Day 104/Controls/FT 133/Bioptigen/Baseline 2-7-2017/OD/FT133_OD_L_2_0_REGAVG0000011.BMP,FT133,FT133_OD,OD,2,Young Female,Controls,0,90.0,90.0,0.0,Female,REGAVG,Right Eye,baseline,104.0,Baseline 2-7-2017,day_0,90.0,0
data/Cohort_2/Day 104/Controls/FT 133/Bioptigen/Baseline 2-7-2017/OS/FT133_OS_L_2_0_BScanThumb_0000019.BMP,FT133,FT133_OS,OS,2,Young Female,Controls,0,90.0,90.0,0.0,Female,BScanThumb,Right Eye,baseline,104.0,Baseline 2-7-2017,day_0,90.0,0
data/Cohort_2/Day 104/Controls/FT 133/Bioptigen/Baseline 2-7-2017/OS/FT133_OS_L_2_0_BScanThumb_0000023.BMP,FT133,FT133_OS,OS,2,Young Female,Controls,0,90.0,90.0,0.0,Female,BScanThumb,Right Eye,baseline,104.0,Baseline 2-7-2017,day_0,90.0,0
data/Cohort_2/Day 104/Controls/FT 133/Bioptigen/Baseline 2-7-2017/OS/FT133_OS_V_3x3_0_BScanThumb_0000014.BMP,FT133,FT133_OS,OS,2,Young Female,Controls,0,90.0,90.0,0.0,Female,BScanThumb,Right Eye,baseline,104.0,Baseline 2-7-2017,day_0,90.0,0
data/Cohort_2/Day 104/Controls/FT 133/Bioptigen/Baseline 2-7-2017/OS/FT133_OS_L_2_0_REGAVG0000020.BMP,FT133,FT133_OS,OS,2,Young Female,Controls,0,90.0,90.0,0.0,Female,REGAVG,Right Eye,baseline,104.0,Baseline 2-7-2017,day_0,90.0,0
data/Cohort_2/Day 104/Controls/FT 133/Bioptigen/Baseline 2-7-2017/OS/FT133_OS_L_2_0_REGAVG0000024.BMP,FT133,FT133_OS,OS,2,Young Female,Controls,0,90.0,90.0,0.0,Female,REGAVG,Right Eye,baseline,104.0,Baseline 2-7-2017,day_0,90.0,0
data/Cohort_2/Day 104/Controls/FT 133/Bioptigen/End HLS/OD/FT133_OD_L_2_0_BScanThumb_0000049.BMP,FT133,FT133_OD,OD,2,Young Female,Controls,90,194.0,90.0,104.0,Female,BScanThumb,Right Eye,end_hls,104.0,End HLS,day_90,180.0,0
data/Cohort_2/Day 104/Controls/FT 133/Bioptigen/End HLS/OD/FT133_OD_L_2_0_BScanThumb_0000053.BMP,FT133,FT133_OD,OD,2,Young Female,Controls,90,194.0,90.0,104.0,Female,BScanThumb,Right Eye,end_hls,104.0,End HLS,day_90,180.0,0
data/Cohort_2/Day 104/Controls/FT 133/Bioptigen/End HLS/OD/FT133_OD_V_3x3_0_BScanThumb_0000039.BMP,FT133,FT133_OD,OD,2,Young Female,Controls,90,194.0,90.0,104.0,Female,BScanThumb,Right Eye,end_hls,104.0,End HLS,day_90,180.0,0
data/Cohort_2/Day 104/Controls/FT 133/Bioptigen/End HLS/OD/FT133_OD_V_3x3_0_BScanThumb_0000044.BMP,FT133,FT133_OD,OD,2,Young Female,Controls,90,194.0,90.0,104.0,Female,BScanThumb,Right Eye,end_hls,104.0,End HLS,day_90,180.0,0
data/Cohort_2/Day 104/Controls/FT 133/Bioptigen/End HLS/OD/FT133_OD_L_2_0_REGAVG0000050.BMP,FT133,FT133_OD,OD,2,Young Female,Controls,90,194.0,90.0,104.0,Female,REGAVG,Right Eye,end_hls,104.0,End HLS,day_90,180.0,0
data/Cohort_2/Day 104/Controls/FT 133/Bioptigen/End HLS/OD/FT133_OD_L_2_0_REGAVG0000054.BMP,FT133,FT133_OD,OD,2,Young Female,Controls,90,194.0,90.0,104.0,Female,REGAVG,Right Eye,end_hls,104.0,End HLS,day_90,180.0,0
data/Cohort_2/Day 104/Controls/FT 133/Bioptigen/End HLS/OS/FT133_OS_L_2_0_BScanThumb_0000062.BMP,FT133,FT133_OS,OS,2,Young Female,Controls,90,194.0,90.0,104.0,Female,BScanThumb,Right Eye,end_hls,104.0,End HLS,day_90,180.0,0
data/Cohort_2/Day 104/Controls/FT 133/Bioptigen/End HLS/OS/FT133_OS_L_2_0_BScanThumb_0000066.BMP,FT133,FT133_OS,OS,2,Young Female,Controls,90,194.0,90.0,104.0,Female,BScanThumb,Right Eye,end_hls,104.0,End HLS,day_90,180.0,0
data/Cohort_2/Day 104/Controls/FT 133/Bioptigen/End HLS/OS/FT133_OS_V_3x3_0_BScanThumb_0000057.BMP,FT133,FT133_OS,OS,2,Young Female,Controls,90,194.0,90.0,104.0,Female,BScanThumb,Right Eye,end_hls,104.0,End HLS,day_90,180.0,0
data/Cohort_2/Day 104/Controls/FT 133/Bioptigen/End HLS/OS/FT133_OS_L_2_0_REGAVG0000067.BMP,FT133,FT133_OS,OS,2,Young Female,Controls,90,194.0,90.0,104.0,Female,REGAVG,Right Eye,end_hls,104.0,End HLS,day_90,180.0,0
data/Cohort_2/Day 104/Controls/FT 135/Bioptigen/Baseline 2-7-2017/OD/FT135_OD_L_2_0_BScanThumb_0000006.BMP,FT135,FT135_OD,OD,2,Young Female,Controls,0,90.0,90.0,0.0,Female,BScanThumb,Right Eye,baseline,104.0,Baseline 2-7-2017,day_0,90.0,1
data/Cohort_2/Day 104/Controls/FT 135/Bioptigen/Baseline 2-7-2017/OD/FT135_OD_L_2_0_BScanThumb_0000010.BMP,FT135,FT135_OD,OD,2,Young Female,Controls,0,90.0,90.0,0.0,Female,BScanThumb,Right Eye,baseline,104.0,Baseline 2-7-2017,day_0,90.0,1
data/Cohort_2/Day 104/Controls/FT 135/Bioptigen/Baseline 2-7-2017/OD/FT135_OD_V_3x3_0_BScanThumb_0000001.BMP,FT135,FT135_OD,OD,2,Young Female,Controls,0,90.0,90.0,0.0,Female,BScanThumb,Right Eye,baseline,104.0,Baseline 2-7-2017,day_0,90.0,1
data/Cohort_2/Day 104/Controls/FT 135/Bioptigen/Baseline 2-7-2017/OD/FT135_OD_L_2_0_REGAVG0000007.BMP,FT135,FT135_OD,OD,2,Young Female,Controls,0,90.0,90.0,0.0,Female,REGAVG,Right Eye,baseline,104.0,Baseline 2-7-2017,day_0,90.0,1
data/Cohort_2/Day 104/Controls/FT 135/Bioptigen/Baseline 2-7-2017/OD/FT135_OD_L_2_0_REGAVG0000011.BMP,FT135,FT135_OD,OD,2,Young Female,Controls,0,90.0,90.0,0.0,Female,REGAVG,Right Eye,baseline,104.0,Baseline 2-7-2017,day_0,90.0,1
data/Cohort_2/Day 104/Controls/FT 135/Bioptigen/Baseline 2-7-2017/OS/FT135_OS_L_2_0_BScanThumb_0000019.BMP,FT135,FT135_OS,OS,2,Young Female,Controls,0,90.0,90.0,0.0,Female,BScanThumb,Right Eye,baseline,104.0,Baseline 2-7-2017,day_0,90.0,1
data/Cohort_2/Day 104/Controls/FT 135/Bioptigen/Baseline 2-7-2017/OS/FT135_OS_L_2_0_BScanThumb_0000023.BMP,FT135,FT135_OS,OS,2,Young Female,Controls,0,90.0,90.0,0.0,Female,BScanThumb,Right Eye,baseline,104.0,Baseline 2-7-2017,day_0,90.0,1
data/Cohort_2/Day 104/Controls/FT 135/Bioptigen/Baseline 2-7-2017/OS/FT135_OS_V_3x3_0_BScanThumb_0000014.BMP,FT135,FT135_OS,OS,2,Young Female,Controls,0,90.0,90.0,0.0,Female,BScanThumb,Right Eye,baseline,104.0,Baseline 2-7-2017,day_0,90.0,1
data/Cohort_2/Day 104/Controls/FT 135/Bioptigen/Baseline 2-7-2017/OS/FT135_OS_L_2_0_REGAVG0000020.BMP,FT135,FT135_OS,OS,2,Young Female,Controls,0,90.0,90.0,0.0,Female,REGAVG,Right Eye,baseline,104.0,Baseline 2-7-2017,day_0,90.0,1
data/Cohort_2/Day 104/Controls/FT 135/Bioptigen/Baseline 2-7-2017/OS/FT135_OS_L_2_0_REGAVG0000024.BMP,FT135,FT135_OS,OS,2,Young Female,Controls,0,90.0,90.0,0.0,Female,REGAVG,Right Eye,baseline,104.0,Baseline 2-7-2017,day_0,90.0,1
data/Cohort_2/Day 104/Controls/FT 135/Bioptigen/End HLS/OD/FT135_OD_L_2_0_BScanThumb_0000044.BMP,FT135,FT135_OD,OD,2,Young Female,Controls,90,194.0,90.0,104.0,Female,BScanThumb,Right Eye,end_hls,104.0,End HLS,day_90,180.0,1
data/Cohort_2/Day 104/Controls/FT 135/Bioptigen/End HLS/OD/FT135_OD_L_2_0_BScanThumb_0000048.BMP,FT135,FT135_OD,OD,2,Young Female,Controls,90,194.0,90.0,104.0,Female,BScanThumb,Right Eye,end_hls,104.0,End HLS,day_90,180.0,1
data/Cohort_2/Day 104/Controls/FT 135/Bioptigen/End HLS/OD/FT135_OD_V_3x3_0_BScanThumb_0000039.BMP,FT135,FT135_OD,OD,2,Young Female,Controls,90,194.0,90.0,104.0,Female,BScanThumb,Right Eye,end_hls,104.0,End HLS,day_90,180.0,1
data/Cohort_2/Day 104/Controls/FT 135/Bioptigen/End HLS/OD/FT135_OD_L_2_0_REGAVG0000045.BMP,FT135,FT135_OD,OD,2,Young Female,Controls,90,194.0,90.0,104.0,Female,REGAVG,Right Eye,end_hls,104.0,End HLS,day_90,180.0,1
data/Cohort_2/Day 104/Controls/FT 135/Bioptigen/End HLS/OD/FT135_OD_L_2_0_REGAVG0000049.BMP,FT135,FT135_OD,OD,2,Young Female,Controls,90,194.0,90.0,104.0,Female,REGAVG,Right Eye,end_hls,104.0,End HLS,day_90,180.0,1
data/Cohort_2/Day 104/Controls/FT 135/Bioptigen/End HLS/OS/FT135_OS_L_2_0_BScanThumb_0000057.BMP,FT135,FT135_OS,OS,2,Young Female,Controls,90,194.0,90.0,104.0,Female,BScanThumb,Right Eye,end_hls,104.0,End HLS,day_90,180.0,1
data/Cohort_2/Day 104/Controls/FT 135/Bioptigen/End HLS/OS/FT135_OS_L_2_0_BScanThumb_0000061.BMP,FT135,FT135_OS,OS,2,Young Female,Controls,90,194.0,90.0,104.0,Female,BScanThumb,Right Eye,end_hls,104.0,End HLS,day_90,180.0,1
data/Cohort_2/Day 104/Controls/FT 135/Bioptigen/End HLS/OS/FT135_OS_V_3x3_0_BScanThumb_0000052.BMP,FT135,FT135_OS,OS,2,Young Female,Controls,90,194.0,90.0,104.0,Female,BScanThumb,Right Eye,end_hls,104.0,End HLS,day_90,180.0,1
data/Cohort_2/Day 104/Controls/FT 135/Bioptigen/End HLS/OS/FT135_OS_L_2_0_REGAVG0000058.BMP,FT135,FT135_OS,OS,2,Young Female,Controls,90,194.0,90.0,104.0,Female,REGAVG,Right Eye,end_hls,104.0,End HLS,day_90,180.0,1
data/Cohort_2/Day 104/Controls/FT 135/Bioptigen/End HLS/OS/FT135_OS_L_2_0_REGAVG0000062.BMP,FT135,FT135_OS,OS,2,Young Female,Controls,90,194.0,90.0,104.0,Female,REGAVG,Right Eye,end_hls,104.0,End HLS,day_90,180.0,1
data/Cohort_2/Day 104/Controls/FT 137/Bioptigen/Baseline 2-7-2017/OD/FT137_OD_L_2_0_BScanThumb_0000006.BMP,FT137,FT137_OD,OD,2,Young Female,Controls,0,90.0,90.0,0.0,Female,BScanThumb,Right Eye,baseline,104.0,Baseline 2-7-2017,day_0,90.0,2
data/Cohort_2/Day 104/Controls/FT 137/Bioptigen/Baseline 2-7-2017/OD/FT137_OD_L_2_0_BScanThumb_0000010.BMP,FT137,FT137_OD,OD,2,Young Female,Controls,0,90.0,90.0,0.0,Female,BScanThumb,Right Eye,baseline,104.0,Baseline 2-7-2017,day_0,90.0,2
data/Cohort_2/Day 104/Controls/FT 137/Bioptigen/Baseline 2-7-2017/OD/FT137_OD_V_3x3_0_BScanThumb_0000001.BMP,FT137,FT137_OD,OD,2,Young Female,Controls,0,90.0,90.0,0.0,Female,BScanThumb,Right Eye,baseline,104.0,Baseline 2-7-2017,day_0,90.0,2
data/Cohort_2/Day 104/Controls/FT 137/Bioptigen/Baseline 2-7-2017/OD/FT137_OD_L_2_0_REGAVG0000007.BMP,FT137,FT137_OD,OD,2,Young Female,Controls,0,90.0,90.0,0.0,Female,REGAVG,Right Eye,baseline,104.0,Baseline 2-7-2017,day_0,90.0,2
data/Cohort_2/Day 104/Controls/FT 137/Bioptigen/Baseline 2-7-2017/OD/FT137_OD_L_2_0_REGAVG0000011.BMP,FT137,FT137_OD,OD,2,Young Female,Controls,0,90.0,90.0,0.0,Female,REGAVG,Right Eye,baseline,104.0,Baseline 2-7-2017,day_0,90.0,2
data/Cohort_2/Day 104/Controls/FT 137/Bioptigen/Baseline 2-7-2017/OS/FT137_OS_L_2_0_BScanThumb_0000019.BMP,FT137,FT137_OS,OS,2,Young Female,Controls,0,90.0,90.0,0.0,Female,BScanThumb,Right Eye,baseline,104.0,Baseline 2-7-2017,day_0,90.0,2
data/Cohort_2/Day 104/Controls/FT 137/Bioptigen/Baseline 2-7-2017/OS/FT137_OS_L_2_0_BScanThumb_0000023.BMP,FT137,FT137_OS,OS,2,Young Female,Controls,0,90.0,90.0,0.0,Female,BScanThumb,Right Eye,baseline,104.0,Baseline 2-7-2017,day_0,90.0,2
data/Cohort_2/Day 104/Controls/FT 137/Bioptigen/Baseline 2-7-2017/OS/FT137_OS_V_3x3_0_BScanThumb_0000014.BMP,FT137,FT137_OS,OS,2,Young Female,Controls,0,90.0,90.0,0.0,Female,BScanThumb,Right Eye,baseline,104.0,Baseline 2-7-2017,day_0,90.0,2
data/Cohort_2/Day 104/Controls/FT 137/Bioptigen/Baseline 2-7-2017/OS/FT137_OS_L_2_0_REGAVG0000020.BMP,FT137,FT137_OS,OS,2,Young Female,Controls,0,90.0,90.0,0.0,Female,REGAVG,Right Eye,baseline,104.0,Baseline 2-7-2017,day_0,90.0,2
data/Cohort_2/Day 104/Controls/FT 137/Bioptigen/Baseline 2-7-2017/OS/FT137_OS_L_2_0_REGAVG0000024.BMP,FT137,FT137_OS,OS,2,Young Female,Controls,0,90.0,90.0,0.0,Female,REGAVG,Right Eye,baseline,104.0,Baseline 2-7-2017,day_0,90.0,2
data/Cohort_2/Day 104/Controls/FT 137/Bioptigen/End HLS/OD/FT137_OD_L_2_0_BScanThumb_0000044.BMP,FT137,FT137_OD,OD,2,Young Female,Controls,90,194.0,90.0,104.0,Female,BScanThumb,Right Eye,end_hls,104.0,End HLS,day_90,180.0,2
data/Cohort_2/Day 104/Controls/FT 137/Bioptigen/End HLS/OD/FT137_OD_L_2_0_BScanThumb_0000048.BMP,FT137,FT137_OD,OD,2,Young Female,Controls,90,194.0,90.0,104.0,Female,BScanThumb,Right Eye,end_hls,104.0,End HLS,day_90,180.0,2
data/Cohort_2/Day 104/Controls/FT 137/Bioptigen/End HLS/OD/FT137_OD_V_3x3_0_BScanThumb_0000039.BMP,FT137,FT137_OD,OD,2,Young Female,Controls,90,194.0,90.0,104.0,Female,BScanThumb,Right Eye,end_hls,104.0,End HLS,day_90,180.0,2
data/Cohort_2/Day 104/Controls/FT 137/Bioptigen/End HLS/OD/FT137_OD_L_2_0_REGAVG0000045.BMP,FT137,FT137_OD,OD,2,Young Female,Controls,90,194.0,90.0,104.0,Female,REGAVG,Right Eye,end_hls,104.0,End HLS,day_90,180.0,2
data/Cohort_2/Day 104/Controls/FT 137/Bioptigen/End HLS/OD/FT137_OD_L_2_0_REGAVG0000049.BMP,FT137,FT137_OD,OD,2,Young Female,Controls,90,194.0,90.0,104.0,Female,REGAVG,Right Eye,end_hls,104.0,End HLS,day_90,180.0,2
data/Cohort_2/Day 104/Controls/FT 137/Bioptigen/End HLS/OS/FT137_OS_L_2_0_BScanThumb_0000057.BMP,FT137,FT137_OS,OS,2,Young Female,Controls,90,194.0,90.0,104.0,Female,BScanThumb,Right Eye,end_hls,104.0,End HLS,day_90,180.0,2
data/Cohort_2/Day 104/Controls/FT 137/Bioptigen/End HLS/OS/FT137_OS_L_2_0_BScanThumb_0000061.BMP,FT137,FT137_OS,OS,2,Young Female,Controls,90,194.0,90.0,104.0,Female,BScanThumb,Right Eye,end_hls,104.0,End HLS,day_90,180.0,2
data/Cohort_2/Day 104/Controls/FT 137/Bioptigen/End HLS/OS/FT137_OS_V_3x3_0_BScanThumb_0000052.BMP,FT137,FT137_OS,OS,2,Young Female,Controls,90,194.0,90.0,104.0,Female,BScanThumb,Right Eye,end_hls,104.0,End HLS,day_90,180.0,2
data/Cohort_2/Day 104/Controls/FT 137/Bioptigen/End HLS/OS/FT137_OS_L_2_0_REGAVG0000058.BMP,FT137,FT137_OS,OS,2,Young Female,Controls,90,194.0,90.0,104.0,Female,REGAVG,Right Eye,end_hls,104.0,End HLS,day_90,180.0,2
data/Cohort_2/Day 104/Controls/FT 137/Bioptigen/End HLS/OS/FT137_OS_L_2_0_REGAVG0000062.BMP,FT137,FT137_OS,OS,2,Young Female,Controls,90,194.0,90.0,104.0,Female,REGAVG,Right Eye,end_hls,104.0,End HLS,day_90,180.0,2
data/Cohort_2/Day 104/Controls/FT 141/Bioptigen/Baseline 2-7-2017/OD/FT141_OD_L_2_0_BScanThumb_0000006.BMP,FT141,FT141_OD,OD,2,Young Female,Controls,0,90.0,90.0,0.0,Female,BScanThumb,Right Eye,baseline,104.0,Baseline 2-7-2017,day_0,90.0,0
data/Cohort_2/Day 104/Controls/FT 141/Bioptigen/Baseline 2-7-2017/OD/FT141_OD_L_2_0_BScanThumb_0000010.BMP,FT141,FT141_OD,OD,2,Young Female,Controls,0,90.0,90.0,0.0,Female,BScanThumb,Right Eye,baseline,104.0,Baseline 2-7-2017,day_0,90.0,0
data/Cohort_2/Day 104/Controls/FT 141/Bioptigen/Baseline 2-7-2017/OD/FT141_OD_V_3x3_0_BScanThumb_0000001.BMP,FT141,FT141_OD,OD,2,Young Female,Controls,0,90.0,90.0,0.0,Female,BScanThumb,Right Eye,baseline,104.0,Baseline 2-7-2017,day_0,90.0,0
data/Cohort_2/Day 104/Controls/FT 141/Bioptigen/Baseline 2-7-2017/OD/FT141_OD_L_2_0_REGAVG0000007.BMP,FT141,FT141_OD,OD,2,Young Female,Controls,0,90.0,90.0,0.0,Female,REGAVG,Right Eye,baseline,104.0,Baseline 2-7-2017,day_0,90.0,0
data/Cohort_2/Day 104/Controls/FT 141/Bioptigen/Baseline 2-7-2017/OD/FT141_OD_L_2_0_REGAVG0000011.BMP,FT141,FT141_OD,OD,2,Young Female,Controls,0,90.0,90.0,0.0,Female,REGAVG,Right Eye,baseline,104.0,Baseline 2-7-2017,day_0,90.0,0
data/Cohort_2/Day 104/Controls/FT 141/Bioptigen/Baseline 2-7-2017/OS/FT141_OS_L_2_0_BScanThumb_0000019.BMP,FT141,FT141_OS,OS,2,Young Female,Controls,0,90.0,90.0,0.0,Female,BScanThumb,Right Eye,baseline,104.0,Baseline 2-7-2017,day_0,90.0,0
data/Cohort_2/Day 104/Controls/FT 141/Bioptigen/Baseline 2-7-2017/OS/FT141_OS_L_2_0_BScanThumb_0000023.BMP,FT141,FT141_OS,OS,2,Young Female,Controls,0,90.0,90.0,0.0,Female,BScanThumb,Right Eye,baseline,104.0,Baseline 2-7-2017,day_0,90.0,0
data/Cohort_2/Day 104/Controls/FT 141/Bioptigen/Baseline 2-7-2017/OS/FT141_OS_V_3x3_0_BScanThumb_0000014.BMP,FT141,FT141_OS,OS,2,Young Female,Controls,0,90.0,90.0,0.0,Female,BScanThumb,Right Eye,baseline,104.0,Baseline 2-7-2017,day_0,90.0,0
data/Cohort_2/Day 104/Controls/FT 141/Bioptigen/Baseline 2-7-2017/OS/FT141_OS_L_2_0_REGAVG0000020.BMP,FT141,FT141_OS,OS,2,Young Female,Controls,0,90.0,90.0,0.0,Female,REGAVG,Right Eye,baseline,104.0,Baseline 2-7-2017,day_0,90.0,0
data/Cohort_2/Day 104/Controls/FT 141/Bioptigen/Baseline 2-7-2017/OS/FT141_OS_L_2_0_REGAVG0000024.BMP,FT141,FT141_OS,OS,2,Young Female,Controls,0,90.0,90.0,0.0,Female,REGAVG,Right Eye,baseline,104.0,Baseline 2-7-2017,day_0,90.0,0
data/Cohort_2/Day 104/Controls/FT 141/Bioptigen/End HLS/OD/FT141_OD_L_2_0_BScanThumb_0000044.BMP,FT141,FT141_OD,OD,2,Young Female,Controls,90,194.0,90.0,104.0,Female,BScanThumb,Right Eye,end_hls,104.0,End HLS,day_90,180.0,0
data/Cohort_2/Day 104/Controls/FT 141/Bioptigen/End HLS/OD/FT141_OD_L_2_0_BScanThumb_0000048.BMP,FT141,FT141_OD,OD,2,Young Female,Controls,90,194.0,90.0,104.0,Female,BScanThumb,Right Eye,end_hls,104.0,End HLS,day_90,180.0,0
data/Cohort_2/Day 104/Controls/FT 141/Bioptigen/End HLS/OD/FT141_OD_V_3x3_0_BScanThumb_0000039.BMP,FT141,FT141_OD,OD,2,Young Female,Controls,90,194.0,90.0,104.0,Female,BScanThumb,Right Eye,end_hls,104.0,End HLS,day_90,180.0,0
data/Cohort_2/Day 104/Controls/FT 141/Bioptigen/End HLS/OS/FT141_OS_L_2_0_BScanThumb_0000057.BMP,FT141,FT141_OS,OS,2,Young Female,Controls,90,194.0,90.0,104.0,Female,BScanThumb,Right Eye,end_hls,104.0,End HLS,day_90,180.0,0
data/Cohort_2/Day 104/Controls/FT 141/Bioptigen/End HLS/OS/FT141_OS_L_2_0_BScanThumb_0000061.BMP,FT141,FT141_OS,OS,2,Young Female,Controls,90,194.0,90.0,104.0,Female,BScanThumb,Right Eye,end_hls,104.0,End HLS,day_90,180.0,0
data/Cohort_2/Day 104/Controls/FT 141/Bioptigen/End HLS/OS/FT141_OS_V_3x3_0_BScanThumb_0000052.BMP,FT141,FT141_OS,OS,2,Young Female,Controls,90,194.0,90.0,104.0,Female,BScanThumb,Right Eye,end_hls,104.0,End HLS,day_90,180.0,0
data/Cohort_2/Day 104/Controls/FT 141/Bioptigen/End HLS/OS/FT141_OS_L_2_0_REGAVG0000058.BMP,FT141,FT141_OS,OS,2,Young Female,Controls,90,194.0,90.0,104.0,Female,REGAVG,Right Eye,end_hls,104.0,End HLS,day_90,180.0,0
data/Cohort_2/Day 104/Controls/FT 141/Bioptigen/End HLS/OS/FT141_OS_L_2_0_REGAVG0000062.BMP,FT141,FT141_OS,OS,2,Young Female,Controls,90,194.0,90.0,104.0,Female,REGAVG,Right Eye,end_hls,104.0,End HLS,day_90,180.0,0
data/Cohort_2/Day 104/Controls/FT 143/Bioptigen/Baseline 2-7-2017/OD/FT143_OD_L_2_0_BScanThumb_0000006.BMP,FT143,FT143_OD,OD,2,Young Female,Controls,0,90.0,90.0,0.0,Female,BScanThumb,Right Eye,baseline,104.0,Baseline 2-7-2017,day_0,90.0,1
data/Cohort_2/Day 104/Controls/FT 143/Bioptigen/Baseline 2-7-2017/OD/FT143_OD_L_2_0_BScanThumb_0000010.BMP,FT143,FT143_OD,OD,2,Young Female,Controls,0,90.0,90.0,0.0,Female,BScanThumb,Right Eye,baseline,104.0,Baseline 2-7-2017,day_0,90.0,1
data/Cohort_2/Day 104/Controls/FT 143/Bioptigen/Baseline 2-7-2017/OD/FT143_OD_V_3x3_0_BScanThumb_0000001.BMP,FT143,FT143_OD,OD,2,Young Female,Controls,0,90.0,90.0,0.0,Female,BScanThumb,Right Eye,baseline,104.0,Baseline 2-7-2017,day_0,90.0,1
data/Cohort_2/Day 104/Controls/FT 143/Bioptigen/Baseline 2-7-2017/OD/FT143_OD_L_2_0_REGAVG0000007.BMP,FT143,FT143_OD,OD,2,Young Female,Controls,0,90.0,90.0,0.0,Female,REGAVG,Right Eye,baseline,104.0,Baseline 2-7-2017,day_0,90.0,1
data/Cohort_2/Day 104/Controls/FT 143/Bioptigen/Baseline 2-7-2017/OD/FT143_OD_L_2_0_REGAVG0000011.BMP,FT143,FT143_OD,OD,2,Young Female,Controls,0,90.0,90.0,0.0,Female,REGAVG,Right Eye,baseline,104.0,Baseline 2-7-2017,day_0,90.0,1
data/Cohort_2/Day 104/Controls/FT 143/Bioptigen/Baseline 2-7-2017/OS/FT143_OS_L_2_0_BScanThumb_0000019.BMP,FT143,FT143_OS,OS,2,Young Female,Controls,0,90.0,90.0,0.0,Female,BScanThumb,Right Eye,baseline,104.0,Baseline 2-7-2017,day_0,90.0,1
data/Cohort_2/Day 104/Controls/FT 143/Bioptigen/Baseline 2-7-2017/OS/FT143_OS_L_2_0_BScanThumb_0000023.BMP,FT143,FT143_OS,OS,2,Young Female,Controls,0,90.0,90.0,0.0,Female,BScanThumb,Right Eye,baseline,104.0,Baseline 2-7-2017,day_0,90.0,1
data/Cohort_2/Day 104/Controls/FT 143/Bioptigen/Baseline 2-7-2017/OS/FT143_OS_V_3x3_0_BScanThumb_0000014.BMP,FT143,FT143_OS,OS,2,Young Female,Controls,0,90.0,90.0,0.0,Female,BScanThumb,Right Eye,baseline,104.0,Baseline 2-7-2017,day_0,90.0,1
data/Cohort_2/Day 104/Controls/FT 143/Bioptigen/Baseline 2-7-2017/OS/FT143_OS_L_2_0_REGAVG0000020.BMP,FT143,FT143_OS,OS,2,Young Female,Controls,0,90.0,90.0,0.0,Female,REGAVG,Right Eye,baseline,104.0,Baseline 2-7-2017,day_0,90.0,1
data/Cohort_2/Day 104/Controls/FT 143/Bioptigen/Baseline 2-7-2017/OS/FT143_OS_L_2_0_REGAVG0000024.BMP,FT143,FT143_OS,OS,2,Young Female,Controls,0,90.0,90.0,0.0,Female,REGAVG,Right Eye,baseline,104.0,Baseline 2-7-2017,day_0,90.0,1
data/Cohort_2/Day 104/Controls/FT 143/Bioptigen/End HLS/OD/FT143_OD_L_2_0_BScanThumb_0000044.BMP,FT143,FT143_OD,OD,2,Young Female,Controls,90,194.0,90.0,104.0,Female,BScanThumb,Right Eye,end_hls,104.0,End HLS,day_90,180.0,1
data/Cohort_2/Day 104/Controls/FT 143/Bioptigen/End HLS/OD/FT143_OD_L_2_0_BScanThumb_0000048.BMP,FT143,FT143_OD,OD,2,Young Female,Controls,90,194.0,90.0,104.0,Female,BScanThumb,Right Eye,end_hls,104.0,End HLS,day_90,180.0,1
data/Cohort_2/Day 104/Controls/FT 143/Bioptigen/End HLS/OD/FT143_OD_V_3x3_0_BScanThumb_0000039.BMP,FT143,FT143_OD,OD,2,Young Female,Controls,90,194.0,90.0,104.0,Female,BScanThumb,Right Eye,end_hls,104.0,End HLS,day_90,180.0,1
data/Cohort_2/Day 104/Controls/FT 143/Bioptigen/End HLS/OD/FT143_OD_L_2_0_REGAVG0000045.BMP,FT143,FT143_OD,OD,2,Young Female,Controls,90,194.0,90.0,104.0,Female,REGAVG,Right Eye,end_hls,104.0,End HLS,day_90,180.0,1
data/Cohort_2/Day 104/Controls/FT 143/Bioptigen/End HLS/OD/FT143_OD_L_2_0_REGAVG0000049.BMP,FT143,FT143_OD,OD,2,Young Female,Controls,90,194.0,90.0,104.0,Female,REGAVG,Right Eye,end_hls,104.0,End HLS,day_90,180.0,1
data/Cohort_2/Day 104/Controls/FT 143/Bioptigen/End HLS/OS/FT143_OS_L_2_0_BScanThumb_0000057.BMP,FT143,FT143_OS,OS,2,Young Female,Controls,90,194.0,90.0,104.0,Female,BScanThumb,Right Eye,end_hls,104.0,End HLS,day_90,180.0,1
data/Cohort_2/Day 104/Controls/FT 143/Bioptigen/End HLS/OS/FT143_OS_L_2_0_BScanThumb_0000061.BMP,FT143,FT143_OS,OS,2,Young Female,Controls,90,194.0,90.0,104.0,Female,BScanThumb,Right Eye,end_hls,104.0,End HLS,day_90,180.0,1
data/Cohort_2/Day 104/Controls/FT 143/Bioptigen/End HLS/OS/FT143_OS_V_3x3_0_BScanThumb_0000052.BMP,FT143,FT143_OS,OS,2,Young Female,Controls,90,194.0,90.0,104.0,Female,BScanThumb,Right Eye,end_hls,104.0,End HLS,day_90,180.0,1
data/Cohort_2/Day 104/Controls/FT 143/Bioptigen/End HLS/OS/FT143_OS_L_2_0_REGAVG0000058.BMP,FT143,FT143_OS,OS,2,Young Female,Controls,90,194.0,90.0,104.0,Female,REGAVG,Right Eye,end_hls,104.0,End HLS,day_90,180.0,1
data/Cohort_2/Day 104/Controls/FT 143/Bioptigen/End HLS/OS/FT143_OS_L_2_0_REGAVG0000062.BMP,FT143,FT143_OS,OS,2,Young Female,Controls,90,194.0,90.0,104.0,Female,REGAVG,Right Eye,end_hls,104.0,End HLS,day_90,180.0,1
data/Cohort_2/Day 104/Controls/FT 145/Bioptigen/Baseline 2-8-2017/OD/FT145_OD_L_2_0_BScanThumb_0000006.BMP,FT145,FT145_OD,OD,2,Young Female,Controls,0,90.0,90.0,0.0,Female,BScanThumb,Right Eye,baseline,104.0,Baseline 2-8-2017,day_0,90.0,2
data/Cohort_2/Day 104/Controls/FT 145/Bioptigen/Baseline 2-8-2017/OD/FT145_OD_L_2_0_BScanThumb_0000023.BMP,FT145,FT145_OD,OD,2,Young Female,Controls,0,90.0,90.0,0.0,Female,BScanThumb,Right Eye,baseline,104.0,Baseline 2-8-2017,day_0,90.0,2
data/Cohort_2/Day 104/Controls/FT 145/Bioptigen/Baseline 2-8-2017/OD/FT145_OD_V_3x3_0_BScanThumb_0000001.BMP,FT145,FT145_OD,OD,2,Young Female,Controls,0,90.0,90.0,0.0,Female,BScanThumb,Right Eye,baseline,104.0,Baseline 2-8-2017,day_0,90.0,2
data/Cohort_2/Day 104/Controls/FT 145/Bioptigen/Baseline 2-8-2017/OD/FT145_OD_L_2_0_REGAVG0000007.BMP,FT145,FT145_OD,OD,2,Young Female,Controls,0,90.0,90.0,0.0,Female,REGAVG,Right Eye,baseline,104.0,Baseline 2-8-2017,day_0,90.0,2
data/Cohort_2/Day 104/Controls/FT 145/Bioptigen/Baseline 2-8-2017/OD/FT145_OD_L_2_0_REGAVG0000024.BMP,FT145,FT145_OD,OD,2,Young Female,Controls,0,90.0,90.0,0.0,Female,REGAVG,Right Eye,baseline,104.0,Baseline 2-8-2017,day_0,90.0,2
data/Cohort_2/Day 104/Controls/FT 145/Bioptigen/Baseline 2-8-2017/OS/FT145_OS_L_2_0_BScanThumb_0000015.BMP,FT145,FT145_OS,OS,2,Young Female,Controls,0,90.0,90.0,0.0,Female,BScanThumb,Right Eye,baseline,104.0,Baseline 2-8-2017,day_0,90.0,2
data/Cohort_2/Day 104/Controls/FT 145/Bioptigen/Baseline 2-8-2017/OS/FT145_OS_L_2_0_BScanThumb_0000019.BMP,FT145,FT145_OS,OS,2,Young Female,Controls,0,90.0,90.0,0.0,Female,BScanThumb,Right Eye,baseline,104.0,Baseline 2-8-2017,day_0,90.0,2
data/Cohort_2/Day 104/Controls/FT 145/Bioptigen/Baseline 2-8-2017/OS/FT145_OS_V_3x3_0_BScanThumb_0000010.BMP,FT145,FT145_OS,OS,2,Young Female,Controls,0,90.0,90.0,0.0,Female,BScanThumb,Right Eye,baseline,104.0,Baseline 2-8-2017,day_0,90.0,2
data/Cohort_2/Day 104/Controls/FT 145/Bioptigen/Baseline 2-8-2017/OS/FT145_OS_L_2_0_REGAVG0000016.BMP,FT145,FT145_OS,OS,2,Young Female,Controls,0,90.0,90.0,0.0,Female,REGAVG,Right Eye,baseline,104.0,Baseline 2-8-2017,day_0,90.0,2
data/Cohort_2/Day 104/Controls/FT 145/Bioptigen/Baseline 2-8-2017/OS/FT145_OS_L_2_0_REGAVG0000020.BMP,FT145,FT145_OS,OS,2,Young Female,Controls,0,90.0,90.0,0.0,Female,REGAVG,Right Eye,baseline,104.0,Baseline 2-8-2017,day_0,90.0,2
data/Cohort_2/Day 104/Controls/FT 145/Bioptigen/End HLS/OD/FT145_OD_L_2_0_BScanThumb_0000044.BMP,FT145,FT145_OD,OD,2,Young Female,Controls,90,194.0,90.0,104.0,Female,BScanThumb,Right Eye,end_hls,104.0,End HLS,day_90,180.0,2
data/Cohort_2/Day 104/Controls/FT 145/Bioptigen/End HLS/OD/FT145_OD_L_2_0_BScanThumb_0000048.BMP,FT145,FT145_OD,OD,2,Young Female,Controls,90,194.0,90.0,104.0,Female,BScanThumb,Right Eye,end_hls,104.0,End HLS,day_90,180.0,2
data/Cohort_2/Day 104/Controls/FT 145/Bioptigen/End HLS/OD/FT145_OD_V_3x3_0_BScanThumb_0000039.BMP,FT145,FT145_OD,OD,2,Young Female,Controls,90,194.0,90.0,104.0,Female,BScanThumb,Right Eye,end_hls,104.0,End HLS,day_90,180.0,2
data/Cohort_2/Day 104/Controls/FT 145/Bioptigen/End HLS/OD/FT145_OD_L_2_0_REGAVG0000045.BMP,FT145,FT145_OD,OD,2,Young Female,Controls,90,194.0,90.0,104.0,Female,REGAVG,Right Eye,end_hls,104.0,End HLS,day_90,180.0,2
data/Cohort_2/Day 104/Controls/FT 145/Bioptigen/End HLS/OD/FT145_OD_L_2_0_REGAVG0000049.BMP,FT145,FT145_OD,OD,2,Young Female,Controls,90,194.0,90.0,104.0,Female,REGAVG,Right Eye,end_hls,104.0,End HLS,day_90,180.0,2
data/Cohort_2/Day 104/Controls/FT 145/Bioptigen/End HLS/OS/FT145_OS_L_2_0_BScanThumb_0000057.BMP,FT145,FT145_OS,OS,2,Young Female,Controls,90,194.0,90.0,104.0,Female,BScanThumb,Right Eye,end_hls,104.0,End HLS,day_90,180.0,2
data/Cohort_2/Day 104/Controls/FT 145/Bioptigen/End HLS/OS/FT145_OS_L_2_0_BScanThumb_0000061.BMP,FT145,FT145_OS,OS,2,Young Female,Controls,90,194.0,90.0,104.0,Female,BScanThumb,Right Eye,end_hls,104.0,End HLS,day_90,180.0,2
data/Cohort_2/Day 104/Controls/FT 145/Bioptigen/End HLS/OS/FT145_OS_V_3x3_0_BScanThumb_0000052.BMP,FT145,FT145_OS,OS,2,Young Female,Controls,90,194.0,90.0,104.0,Female,BScanThumb,Right Eye,end_hls,104.0,End HLS,day_90,180.0,2
data/Cohort_2/Day 104/Controls/FT 145/Bioptigen/End HLS/OS/FT145_OS_L_2_0_REGAVG0000058.BMP,FT145,FT145_OS,OS,2,Young Female,Controls,90,194.0,90.0,104.0,Female,REGAVG,Right Eye,end_hls,104.0,End HLS,day_90,180.0,2
data/Cohort_2/Day 104/Controls/FT 145/Bioptigen/End HLS/OS/FT145_OS_L_2_0_REGAVG0000062.BMP,FT145,FT145_OS,OS,2,Young Female,Controls,90,194.0,90.0,104.0,Female,REGAVG,Right Eye,end_hls,104.0,End HLS,day_90,180.0,2
data/Cohort_2/Day 104/Controls/FT 147/Bioptigen/Baseline 2-8-2017/OD/FT147_OD_L_2_0_BScanThumb_0000006.BMP,FT147,FT147_OD,OD,2,Young Female,Controls,0,90.0,90.0,0.0,Female,BScanThumb,Right Eye,baseline,104.0,Baseline 2-8-2017,day_0,90.0,0
data/Cohort_2/Day 104/Controls/FT 147/Bioptigen/Baseline 2-8-2017/OD/FT147_OD_L_2_0_BScanThumb_0000010.BMP,FT147,FT147_OD,OD,2,Young Female,Controls,0,90.0,90.0,0.0,Female,BScanThumb,Right Eye,baseline,104.0,Baseline 2-8-2017,day_0,90.0,0
data/Cohort_2/Day 104/Controls/FT 147/Bioptigen/Baseline 2-8-2017/OD/FT147_OD_V_3x3_0_BScanThumb_0000001.BMP,FT147,FT147_OD,OD,2,Young Female,Controls,0,90.0,90.0,0.0,Female,BScanThumb,Right Eye,baseline,104.0,Baseline 2-8-2017,day_0,90.0,0
data/Cohort_2/Day 104/Controls/FT 147/Bioptigen/Baseline 2-8-2017/OD/FT147_OD_L_2_0_REGAVG0000007.BMP,FT147,FT147_OD,OD,2,Young Female,Controls,0,90.0,90.0,0.0,Female,REGAVG,Right Eye,baseline,104.0,Baseline 2-8-2017,day_0,90.0,0
data/Cohort_2/Day 104/Controls/FT 147/Bioptigen/Baseline 2-8-2017/OD/FT147_OD_L_2_0_REGAVG0000011.BMP,FT147,FT147_OD,OD,2,Young Female,Controls,0,90.0,90.0,0.0,Female,REGAVG,Right Eye,baseline,104.0,Baseline 2-8-2017,day_0,90.0,0
data/Cohort_2/Day 104/Controls/FT 147/Bioptigen/Baseline 2-8-2017/OS/FT147_OS_L_2_0_BScanThumb_0000019.BMP,FT147,FT147_OS,OS,2,Young Female,Controls,0,90.0,90.0,0.0,Female,BScanThumb,Right Eye,baseline,104.0,Baseline 2-8-2017,day_0,90.0,0
data/Cohort_2/Day 104/Controls/FT 147/Bioptigen/Baseline 2-8-2017/OS/FT147_OS_L_2_0_BScanThumb_0000023.BMP,FT147,FT147_OS,OS,2,Young Female,Controls,0,90.0,90.0,0.0,Female,BScanThumb,Right Eye,baseline,104.0,Baseline 2-8-2017,day_0,90.0,0
data/Cohort_2/Day 104/Controls/FT 147/Bioptigen/Baseline 2-8-2017/OS/FT147_OS_V_3x3_0_BScanThumb_0000014.BMP,FT147,FT147_OS,OS,2,Young Female,Controls,0,90.0,90.0,0.0,Female,BScanThumb,Right Eye,baseline,104.0,Baseline 2-8-2017,day_0,90.0,0
data/Cohort_2/Day 104/Controls/FT 147/Bioptigen/Baseline 2-8-2017/OS/FT147_OS_L_2_0_REGAVG0000020.BMP,FT147,FT147_OS,OS,2,Young Female,Controls,0,90.0,90.0,0.0,Female,REGAVG,Right Eye,baseline,104.0,Baseline 2-8-2017,day_0,90.0,0
data/Cohort_2/Day 104/Controls/FT 147/Bioptigen/Baseline 2-8-2017/OS/FT147_OS_L_2_0_REGAVG0000024.BMP,FT147,FT147_OS,OS,2,Young Female,Controls,0,90.0,90.0,0.0,Female,REGAVG,Right Eye,baseline,104.0,Baseline 2-8-2017,day_0,90.0,0
data/Cohort_2/Day 104/Controls/FT 147/Bioptigen/End HLS/OD/FT147_OD_L_2_0_BScanThumb_0000044.BMP,FT147,FT147_OD,OD,2,Young Female,Controls,90,194.0,90.0,104.0,Female,BScanThumb,Right Eye,end_hls,104.0,End HLS,day_90,180.0,0
data/Cohort_2/Day 104/Controls/FT 147/Bioptigen/End HLS/OD/FT147_OD_L_2_0_BScanThumb_0000048.BMP,FT147,FT147_OD,OD,2,Young Female,Controls,90,194.0,90.0,104.0,Female,BScanThumb,Right Eye,end_hls,104.0,End HLS,day_90,180.0,0
data/Cohort_2/Day 104/Controls/FT 147/Bioptigen/End HLS/OD/FT147_OD_V_3x3_0_BScanThumb_0000039.BMP,FT147,FT147_OD,OD,2,Young Female,Controls,90,194.0,90.0,104.0,Female,BScanThumb,Right Eye,end_hls,104.0,End HLS,day_90,180.0,0
data/Cohort_2/Day 104/Controls/FT 147/Bioptigen/End HLS/OD/FT147_OD_L_2_0_REGAVG0000045.BMP,FT147,FT147_OD,OD,2,Young Female,Controls,90,194.0,90.0,104.0,Female,REGAVG,Right Eye,end_hls,104.0,End HLS,day_90,180.0,0
data/Cohort_2/Day 104/Controls/FT 147/Bioptigen/End HLS/OD/FT147_OD_L_2_0_REGAVG0000049.BMP,FT147,FT147_OD,OD,2,Young Female,Controls,90,194.0,90.0,104.0,Female,REGAVG,Right Eye,end_hls,104.0,End HLS,day_90,180.0,0
data/Cohort_2/Day 104/Controls/FT 147/Bioptigen/End HLS/OS/FT147_OS_L_2_0_BScanThumb_0000057.BMP,FT147,FT147_OS,OS,2,Young Female,Controls,90,194.0,90.0,104.0,Female,BScanThumb,Right Eye,end_hls,104.0,End HLS,day_90,180.0,0
data/Cohort_2/Day 104/Controls/FT 147/Bioptigen/End HLS/OS/FT147_OS_L_2_0_BScanThumb_0000061.BMP,FT147,FT147_OS,OS,2,Young Female,Controls,90,194.0,90.0,104.0,Female,BScanThumb,Right Eye,end_hls,104.0,End HLS,day_90,180.0,0
data/Cohort_2/Day 104/Controls/FT 147/Bioptigen/End HLS/OS/FT147_OS_V_3x3_0_BScanThumb_0000052.BMP,FT147,FT147_OS,OS,2,Young Female,Controls,90,194.0,90.0,104.0,Female,BScanThumb,Right Eye,end_hls,104.0,End HLS,day_90,180.0,0
data/Cohort_2/Day 104/Controls/FT 147/Bioptigen/End HLS/OS/FT147_OS_L_2_0_REGAVG0000058.BMP,FT147,FT147_OS,OS,2,Young Female,Controls,90,194.0,90.0,104.0,Female,REGAVG,Right Eye,end_hls,104.0,End HLS,day_90,180.0,0
data/Cohort_2/Day 104/Controls/FT 147/Bioptigen/End HLS/OS/FT147_OS_L_2_0_REGAVG0000062.BMP,FT147,FT147_OS,OS,2,Young Female,Controls,90,194.0,90.0,104.0,Female,REGAVG,Right Eye,end_hls,104.0,End HLS,day_90,180.0,0
data/Cohort_2/Day 97/Controls/FT 149/Bioptigen/Baseline 2-8-2017/OD/FT149_OD_L_2_0_BScanThumb_0000006.BMP,FT149,FT149_OD,OD,2,Young Female,Controls,0,90.0,90.0,0.0,Female,BScanThumb,Right Eye,baseline,97.0,Baseline 2-8-2017,day_0,90.0,1
data/Cohort_2/Day 97/Controls/FT 149/Bioptigen/Baseline 2-8-2017/OD/FT149_OD_L_2_0_BScanThumb_0000010.BMP,FT149,FT149_OD,OD,2,Young Female,Controls,0,90.0,90.0,0.0,Female,BScanThumb,Right Eye,baseline,97.0,Baseline 2-8-2017,day_0,90.0,1
data/Cohort_2/Day 97/Controls/FT 149/Bioptigen/Baseline 2-8-2017/OD/FT149_OD_V_3x3_0_BScanThumb_0000001.BMP,FT149,FT149_OD,OD,2,Young Female,Controls,0,90.0,90.0,0.0,Female,BScanThumb,Right Eye,baseline,97.0,Baseline 2-8-2017,day_0,90.0,1
data/Cohort_2/Day 97/Controls/FT 149/Bioptigen/Baseline 2-8-2017/OD/FT149_OD_L_2_0_REGAVG0000007.BMP,FT149,FT149_OD,OD,2,Young Female,Controls,0,90.0,90.0,0.0,Female,REGAVG,Right Eye,baseline,97.0,Baseline 2-8-2017,day_0,90.0,1
data/Cohort_2/Day 97/Controls/FT 149/Bioptigen/Baseline 2-8-2017/OS/FT149_OS_L_2_0_BScanThumb_0000019.BMP,FT149,FT149_OS,OS,2,Young Female,Controls,0,90.0,90.0,0.0,Female,BScanThumb,Right Eye,baseline,97.0,Baseline 2-8-2017,day_0,90.0,1
data/Cohort_2/Day 97/Controls/FT 149/Bioptigen/Baseline 2-8-2017/OS/FT149_OS_L_2_0_BScanThumb_0000023.BMP,FT149,FT149_OS,OS,2,Young Female,Controls,0,90.0,90.0,0.0,Female,BScanThumb,Right Eye,baseline,97.0,Baseline 2-8-2017,day_0,90.0,1
data/Cohort_2/Day 97/Controls/FT 149/Bioptigen/Baseline 2-8-2017/OS/FT149_OS_V_3x3_0_BScanThumb_0000014.BMP,FT149,FT149_OS,OS,2,Young Female,Controls,0,90.0,90.0,0.0,Female,BScanThumb,Right Eye,baseline,97.0,Baseline 2-8-2017,day_0,90.0,1
data/Cohort_2/Day 97/Controls/FT 149/Bioptigen/Baseline 2-8-2017/OS/FT149_OS_L_2_0_REGAVG0000020.BMP,FT149,FT149_OS,OS,2,Young Female,Controls,0,90.0,90.0,0.0,Female,REGAVG,Right Eye,baseline,97.0,Baseline 2-8-2017,day_0,90.0,1
data/Cohort_2/Day 97/Controls/FT 149/Bioptigen/Baseline 2-8-2017/OS/FT149_OS_L_2_0_REGAVG0000024.BMP,FT149,FT149_OS,OS,2,Young Female,Controls,0,90.0,90.0,0.0,Female,REGAVG,Right Eye,baseline,97.0,Baseline 2-8-2017,day_0,90.0,1
data/Cohort_2/Day 97/Controls/FT 149/Bioptigen/End HLS/OD/FT149_OD_L_2_0_BScanThumb_0000042.BMP,FT149,FT149_OD,OD,2,Young Female,Controls,90,187.0,90.0,97.0,Female,BScanThumb,Right Eye,end_hls,97.0,End HLS,day_90,180.0,1
data/Cohort_2/Day 97/Controls/FT 149/Bioptigen/End HLS/OD/FT149_OD_L_2_0_BScanThumb_0000046.BMP,FT149,FT149_OD,OD,2,Young Female,Controls,90,187.0,90.0,97.0,Female,BScanThumb,Right Eye,end_hls,97.0,End HLS,day_90,180.0,1
data/Cohort_2/Day 97/Controls/FT 149/Bioptigen/End HLS/OD/FT149_OD_V_3x3_0_BScanThumb_0000037.BMP,FT149,FT149_OD,OD,2,Young Female,Controls,90,187.0,90.0,97.0,Female,BScanThumb,Right Eye,end_hls,97.0,End HLS,day_90,180.0,1
data/Cohort_2/Day 97/Controls/FT 149/Bioptigen/End HLS/OD/FT149_OD_L_2_0_REGAVG0000043.BMP,FT149,FT149_OD,OD,2,Young Female,Controls,90,187.0,90.0,97.0,Female,REGAVG,Right Eye,end_hls,97.0,End HLS,day_90,180.0,1
data/Cohort_2/Day 97/Controls/FT 149/Bioptigen/End HLS/OD/FT149_OD_L_2_0_REGAVG0000047.BMP,FT149,FT149_OD,OD,2,Young Female,Controls,90,187.0,90.0,97.0,Female,REGAVG,Right Eye,end_hls,97.0,End HLS,day_90,180.0,1
data/Cohort_2/Day 97/Controls/FT 149/Bioptigen/End HLS/OS/FT149_OS_L_2_0_BScanThumb_0000055.BMP,FT149,FT149_OS,OS,2,Young Female,Controls,90,187.0,90.0,97.0,Female,BScanThumb,Right Eye,end_hls,97.0,End HLS,day_90,180.0,1
data/Cohort_2/Day 97/Controls/FT 149/Bioptigen/End HLS/OS/FT149_OS_L_2_0_BScanThumb_0000059.BMP,FT149,FT149_OS,OS,2,Young Female,Controls,90,187.0,90.0,97.0,Female,BScanThumb,Right Eye,end_hls,97.0,End HLS,day_90,180.0,1
data/Cohort_2/Day 97/Controls/FT 149/Bioptigen/End HLS/OS/FT149_OS_V_3x3_0_BScanThumb_0000050.BMP,FT149,FT149_OS,OS,2,Young Female,Controls,90,187.0,90.0,97.0,Female,BScanThumb,Right Eye,end_hls,97.0,End HLS,day_90,180.0,1
data/Cohort_2/Day 97/Controls/FT 149/Bioptigen/End HLS/OS/FT149_OS_L_2_0_REGAVG0000056.BMP,FT149,FT149_OS,OS,2,Young Female,Controls,90,187.0,90.0,97.0,Female,REGAVG,Right Eye,end_hls,97.0,End HLS,day_90,180.0,1
data/Cohort_2/Day 97/Controls/FT 149/Bioptigen/End HLS/OS/FT149_OS_L_2_0_REGAVG0000060.BMP,FT149,FT149_OS,OS,2,Young Female,Controls,90,187.0,90.0,97.0,Female,REGAVG,Right Eye,end_hls,97.0,End HLS,day_90,180.0,1
data/Cohort_2/Day 28/Controls/FT 15/Bioptigen/Baseline/OD/15-FT_OD_L_3_0_BScanThumb_0000021.BMP,FT15,FT15_OD,OD,2,Young Female,Controls,0,90.0,90.0,0.0,Female,BScanThumb,Right Eye,baseline,28.0,Baseline,day_0,90.0,2
data/Cohort_2/Day 28/Controls/FT 15/Bioptigen/Baseline/OD/15-FT_OD_L_3_0_BScanThumb_0000024.BMP,FT15,FT15_OD,OD,2,Young Female,Controls,0,90.0,90.0,0.0,Female,BScanThumb,Right Eye,baseline,28.0,Baseline,day_0,90.0,2
data/Cohort_2/Day 28/Controls/FT 15/Bioptigen/Baseline/OD/15-FT_OD_R_3_0_BScanThumb_0000009.BMP,FT15,FT15_OD,OD,2,Young Female,Controls,0,90.0,90.0,0.0,Female,BScanThumb,Right Eye,baseline,28.0,Baseline,day_0,90.0,2
data/Cohort_2/Day 28/Controls/FT 15/Bioptigen/Baseline/OD/15-FT_OD_V_1x1_0_BScanThumb_0000017.BMP,FT15,FT15_OD,OD,2,Young Female,Controls,0,90.0,90.0,0.0,Female,BScanThumb,Right Eye,baseline,28.0,Baseline,day_0,90.0,2
data/Cohort_2/Day 28/Controls/FT 15/Bioptigen/Baseline/OD/15-FT_OD_V_3x3_0_BScanThumb_0000001.BMP,FT15,FT15_OD,OD,2,Young Female,Controls,0,90.0,90.0,0.0,Female,BScanThumb,Right Eye,baseline,28.0,Baseline,day_0,90.0,2
data/Cohort_2/Day 28/Controls/FT 15/Bioptigen/Baseline/OD/15-FT_OD_V_3x3_0_BScanThumb_0000005.BMP,FT15,FT15_OD,OD,2,Young Female,Controls,0,90.0,90.0,0.0,Female,BScanThumb,Right Eye,baseline,28.0,Baseline,day_0,90.0,2
data/Cohort_2/Day 28/Controls/FT 15/Bioptigen/Baseline/OD/15-FT_OD_V_3x3_0_BScanThumb_0000013.BMP,FT15,FT15_OD,OD,2,Young Female,Controls,0,90.0,90.0,0.0,Female,BScanThumb,Right Eye,baseline,28.0,Baseline,day_0,90.0,2
data/Cohort_2/Day 28/Controls/FT 15/Bioptigen/Baseline/OD/15-FT_OD_V_3x3_0_BScanThumb_0000027.BMP,FT15,FT15_OD,OD,2,Young Female,Controls,0,90.0,90.0,0.0,Female,BScanThumb,Right Eye,baseline,28.0,Baseline,day_0,90.0,2
data/Cohort_2/Day 28/Controls/FT 15/Bioptigen/Baseline/OD/15-FT_OD_L_3_0_REGAVG0000022.BMP,FT15,FT15_OD,OD,2,Young Female,Controls,0,90.0,90.0,0.0,Female,REGAVG,Right Eye,baseline,28.0,Baseline,day_0,90.0,2
data/Cohort_2/Day 28/Controls/FT 15/Bioptigen/Baseline/OD/15-FT_OD_L_3_0_REGAVG0000025.BMP,FT15,FT15_OD,OD,2,Young Female,Controls,0,90.0,90.0,0.0,Female,REGAVG,Right Eye,baseline,28.0,Baseline,day_0,90.0,2
data/Cohort_2/Day 28/Controls/FT 15/Bioptigen/Baseline/OD/15-FT_OD_V_1X1_0_REGAVG0000018.BMP,FT15,FT15_OD,OD,2,Young Female,Controls,0,90.0,90.0,0.0,Female,REGAVG,Right Eye,baseline,28.0,Baseline,day_0,90.0,2
data/Cohort_2/Day 28/Controls/FT 15/Bioptigen/Baseline/OD/15-FT_OD_V_3X3_0_REGAVG0000028.BMP,FT15,FT15_OD,OD,2,Young Female,Controls,0,90.0,90.0,0.0,Female,REGAVG,Right Eye,baseline,28.0,Baseline,day_0,90.0,2
data/Cohort_2/Day 28/Controls/FT 15/Bioptigen/Baseline/OS/15-FT_OS_L_3_0_BScanThumb_0000055.BMP,FT15,FT15_OS,OS,2,Young Female,Controls,0,90.0,90.0,0.0,Female,BScanThumb,Right Eye,baseline,28.0,Baseline,day_0,90.0,2
data/Cohort_2/Day 28/Controls/FT 15/Bioptigen/Baseline/OS/15-FT_OS_L_3_0_BScanThumb_0000062.BMP,FT15,FT15_OS,OS,2,Young Female,Controls,0,90.0,90.0,0.0,Female,BScanThumb,Right Eye,baseline,28.0,Baseline,day_0,90.0,2
data/Cohort_2/Day 28/Controls/FT 15/Bioptigen/Baseline/OS/15-FT_OS_R_3_0_BScanThumb_0000047.BMP,FT15,FT15_OS,OS,2,Young Female,Controls,0,90.0,90.0,0.0,Female,BScanThumb,Right Eye,baseline,28.0,Baseline,day_0,90.0,2
data/Cohort_2/Day 28/Controls/FT 15/Bioptigen/Baseline/OS/15-FT_OS_V_1x1_0_BScanThumb_0000065.BMP,FT15,FT15_OS,OS,2,Young Female,Controls,0,90.0,90.0,0.0,Female,BScanThumb,Right Eye,baseline,28.0,Baseline,day_0,90.0,2
data/Cohort_2/Day 28/Controls/FT 15/Bioptigen/Baseline/OS/15-FT_OS_V_3x3_0_BScanThumb_0000043.BMP,FT15,FT15_OS,OS,2,Young Female,Controls,0,90.0,90.0,0.0,Female,BScanThumb,Right Eye,baseline,28.0,Baseline,day_0,90.0,2
data/Cohort_2/Day 28/Controls/FT 15/Bioptigen/Baseline/OS/15-FT_OS_V_3x3_0_BScanThumb_0000051.BMP,FT15,FT15_OS,OS,2,Young Female,Controls,0,90.0,90.0,0.0,Female,BScanThumb,Right Eye,baseline,28.0,Baseline,day_0,90.0,2
data/Cohort_2/Day 28/Controls/FT 15/Bioptigen/Baseline/OS/15-FT_OS_V_3x3_0_BScanThumb_0000058.BMP,FT15,FT15_OS,OS,2,Young Female,Controls,0,90.0,90.0,0.0,Female,BScanThumb,Right Eye,baseline,28.0,Baseline,day_0,90.0,2
data/Cohort_2/Day 28/Controls/FT 15/Bioptigen/Baseline/OS/15-FT_OS_V_3x3_0_BScanThumb_0000069.BMP,FT15,FT15_OS,OS,2,Young Female,Controls,0,90.0,90.0,0.0,Female,BScanThumb,Right Eye,baseline,28.0,Baseline,day_0,90.0,2
data/Cohort_2/Day 28/Controls/FT 15/Bioptigen/Baseline/OS/15-FT_OS_L_3_0_REGAVG0000056.BMP,FT15,FT15_OS,OS,2,Young Female,Controls,0,90.0,90.0,0.0,Female,REGAVG,Right Eye,baseline,28.0,Baseline,day_0,90.0,2
data/Cohort_2/Day 28/Controls/FT 15/Bioptigen/Baseline/OS/15-FT_OS_L_3_0_REGAVG0000063.BMP,FT15,FT15_OS,OS,2,Young Female,Controls,0,90.0,90.0,0.0,Female,REGAVG,Right Eye,baseline,28.0,Baseline,day_0,90.0,2
data/Cohort_2/Day 28/Controls/FT 15/Bioptigen/Baseline/OS/15-FT_OS_V_1X1_0_REGAVG0000066.BMP,FT15,FT15_OS,OS,2,Young Female,Controls,0,90.0,90.0,0.0,Female,REGAVG,Right Eye,baseline,28.0,Baseline,day_0,90.0,2
data/Cohort_2/Day 28/Controls/FT 15/Bioptigen/Baseline/OS/15-FT_OS_V_3X3_0_REGAVG0000070.BMP,FT15,FT15_OS,OS,2,Young Female,Controls,0,90.0,90.0,0.0,Female,REGAVG,Right Eye,baseline,28.0,Baseline,day_0,90.0,2
data/Cohort_2/Day 97/Controls/FT 151/Bioptigen/Baseline 2-8-2017/OD/FT151_OD_L_2_0_BScanThumb_0000006.BMP,FT151,FT151_OD,OD,2,Young Female,Controls,0,90.0,90.0,0.0,Female,BScanThumb,Right Eye,baseline,97.0,Baseline 2-8-2017,day_0,90.0,1
data/Cohort_2/Day 97/Controls/FT 151/Bioptigen/Baseline 2-8-2017/OD/FT151_OD_L_2_0_BScanThumb_0000010.BMP,FT151,FT151_OD,OD,2,Young Female,Controls,0,90.0,90.0,0.0,Female,BScanThumb,Right Eye,baseline,97.0,Baseline 2-8-2017,day_0,90.0,1
data/Cohort_2/Day 97/Controls/FT 151/Bioptigen/Baseline 2-8-2017/OD/FT151_OD_V_3x3_0_BScanThumb_0000001.BMP,FT151,FT151_OD,OD,2,Young Female,Controls,0,90.0,90.0,0.0,Female,BScanThumb,Right Eye,baseline,97.0,Baseline 2-8-2017,day_0,90.0,1
data/Cohort_2/Day 97/Controls/FT 151/Bioptigen/Baseline 2-8-2017/OD/FT151_OD_L_2_0_REGAVG0000007.BMP,FT151,FT151_OD,OD,2,Young Female,Controls,0,90.0,90.0,0.0,Female,REGAVG,Right Eye,baseline,97.0,Baseline 2-8-2017,day_0,90.0,1
data/Cohort_2/Day 97/Controls/FT 151/Bioptigen/Baseline 2-8-2017/OS/FT151_OS_L_2_0_BScanThumb_0000019.BMP,FT151,FT151_OS,OS,2,Young Female,Controls,0,90.0,90.0,0.0,Female,BScanThumb,Right Eye,baseline,97.0,Baseline 2-8-2017,day_0,90.0,1
data/Cohort_2/Day 97/Controls/FT 151/Bioptigen/Baseline 2-8-2017/OS/FT151_OS_L_2_0_BScanThumb_0000023.BMP,FT151,FT151_OS,OS,2,Young Female,Controls,0,90.0,90.0,0.0,Female,BScanThumb,Right Eye,baseline,97.0,Baseline 2-8-2017,day_0,90.0,1
data/Cohort_2/Day 97/Controls/FT 151/Bioptigen/Baseline 2-8-2017/OS/FT151_OS_V_3x3_0_BScanThumb_0000014.BMP,FT151,FT151_OS,OS,2,Young Female,Controls,0,90.0,90.0,0.0,Female,BScanThumb,Right Eye,baseline,97.0,Baseline 2-8-2017,day_0,90.0,1
data/Cohort_2/Day 97/Controls/FT 151/Bioptigen/Baseline 2-8-2017/OS/FT151_OS_L_2_0_REGAVG0000020.BMP,FT151,FT151_OS,OS,2,Young Female,Controls,0,90.0,90.0,0.0,Female,REGAVG,Right Eye,baseline,97.0,Baseline 2-8-2017,day_0,90.0,1
data/Cohort_2/Day 97/Controls/FT 151/Bioptigen/Baseline 2-8-2017/OS/FT151_OS_L_2_0_REGAVG0000024.BMP,FT151,FT151_OS,OS,2,Young Female,Controls,0,90.0,90.0,0.0,Female,REGAVG,Right Eye,baseline,97.0,Baseline 2-8-2017,day_0,90.0,1
data/Cohort_2/Day 97/Controls/FT 151/Bioptigen/End HLS/OD/FT151_OD_L_2_0_BScanThumb_0000041.BMP,FT151,FT151_OD,OD,2,Young Female,Controls,90,187.0,90.0,97.0,Female,BScanThumb,Right Eye,end_hls,97.0,End HLS,day_90,180.0,1
data/Cohort_2/Day 97/Controls/FT 151/Bioptigen/End HLS/OD/FT151_OD_L_2_0_BScanThumb_0000045.BMP,FT151,FT151_OD,OD,2,Young Female,Controls,90,187.0,90.0,97.0,Female,BScanThumb,Right Eye,end_hls,97.0,End HLS,day_90,180.0,1
data/Cohort_2/Day 97/Controls/FT 151/Bioptigen/End HLS/OD/FT151_OD_V_3x3_0_BScanThumb_0000036.BMP,FT151,FT151_OD,OD,2,Young Female,Controls,90,187.0,90.0,97.0,Female,BScanThumb,Right Eye,end_hls,97.0,End HLS,day_90,180.0,1
data/Cohort_2/Day 97/Controls/FT 151/Bioptigen/End HLS/OD/FT151_OD_L_2_0_REGAVG0000042.BMP,FT151,FT151_OD,OD,2,Young Female,Controls,90,187.0,90.0,97.0,Female,REGAVG,Right Eye,end_hls,97.0,End HLS,day_90,180.0,1
data/Cohort_2/Day 97/Controls/FT 151/Bioptigen/End HLS/OD/FT151_OD_L_2_0_REGAVG0000046.BMP,FT151,FT151_OD,OD,2,Young Female,Controls,90,187.0,90.0,97.0,Female,REGAVG,Right Eye,end_hls,97.0,End HLS,day_90,180.0,1
data/Cohort_2/Day 97/Controls/FT 151/Bioptigen/End HLS/OS/FT151_OS_L_2_0_BScanThumb_0000054.BMP,FT151,FT151_OS,OS,2,Young Female,Controls,90,187.0,90.0,97.0,Female,BScanThumb,Right Eye,end_hls,97.0,End HLS,day_90,180.0,1
data/Cohort_2/Day 97/Controls/FT 151/Bioptigen/End HLS/OS/FT151_OS_L_2_0_BScanThumb_0000058.BMP,FT151,FT151_OS,OS,2,Young Female,Controls,90,187.0,90.0,97.0,Female,BScanThumb,Right Eye,end_hls,97.0,End HLS,day_90,180.0,1
data/Cohort_2/Day 97/Controls/FT 151/Bioptigen/End HLS/OS/FT151_OS_V_3x3_0_BScanThumb_0000049.BMP,FT151,FT151_OS,OS,2,Young Female,Controls,90,187.0,90.0,97.0,Female,BScanThumb,Right Eye,end_hls,97.0,End HLS,day_90,180.0,1
data/Cohort_2/Day 97/Controls/FT 151/Bioptigen/End HLS/OS/FT151_OS_L_2_0_REGAVG0000055.BMP,FT151,FT151_OS,OS,2,Young Female,Controls,90,187.0,90.0,97.0,Female,REGAVG,Right Eye,end_hls,97.0,End HLS,day_90,180.0,1
data/Cohort_2/Day 97/Controls/FT 151/Bioptigen/End HLS/OS/FT151_OS_L_2_0_REGAVG0000059.BMP,FT151,FT151_OS,OS,2,Young Female,Controls,90,187.0,90.0,97.0,Female,REGAVG,Right Eye,end_hls,97.0,End HLS,day_90,180.0,1
data/Cohort_2/Day 90/Controls/FT 155/Bioptigen/Baseline/OD/FT155_OD_L_2_0_BScanThumb_0000006.BMP,FT155,FT155_OD,OD,2,Young Female,Controls,0,90.0,90.0,0.0,Female,BScanThumb,Right Eye,baseline,90.0,Baseline,day_0,90.0,2
data/Cohort_2/Day 90/Controls/FT 155/Bioptigen/Baseline/OD/FT155_OD_L_2_0_BScanThumb_0000010.BMP,FT155,FT155_OD,OD,2,Young Female,Controls,0,90.0,90.0,0.0,Female,BScanThumb,Right Eye,baseline,90.0,Baseline,day_0,90.0,2
data/Cohort_2/Day 90/Controls/FT 155/Bioptigen/Baseline/OD/FT155_OD_V_3x3_0_BScanThumb_0000001.BMP,FT155,FT155_OD,OD,2,Young Female,Controls,0,90.0,90.0,0.0,Female,BScanThumb,Right Eye,baseline,90.0,Baseline,day_0,90.0,2
data/Cohort_2/Day 90/Controls/FT 155/Bioptigen/Baseline/OD/FT155_OD_L_2_0_REGAVG0000007.BMP,FT155,FT155_OD,OD,2,Young Female,Controls,0,90.0,90.0,0.0,Female,REGAVG,Right Eye,baseline,90.0,Baseline,day_0,90.0,2
data/Cohort_2/Day 90/Controls/FT 155/Bioptigen/Baseline/OD/FT155_OD_L_2_0_REGAVG0000011.BMP,FT155,FT155_OD,OD,2,Young Female,Controls,0,90.0,90.0,0.0,Female,REGAVG,Right Eye,baseline,90.0,Baseline,day_0,90.0,2
data/Cohort_2/Day 90/Controls/FT 155/Bioptigen/Baseline/OS/FT155_OS_L_2_0_BScanThumb_0000019.BMP,FT155,FT155_OS,OS,2,Young Female,Controls,0,90.0,90.0,0.0,Female,BScanThumb,Right Eye,baseline,90.0,Baseline,day_0,90.0,2
data/Cohort_2/Day 90/Controls/FT 155/Bioptigen/Baseline/OS/FT155_OS_L_2_0_BScanThumb_0000023.BMP,FT155,FT155_OS,OS,2,Young Female,Controls,0,90.0,90.0,0.0,Female,BScanThumb,Right Eye,baseline,90.0,Baseline,day_0,90.0,2
data/Cohort_2/Day 90/Controls/FT 155/Bioptigen/Baseline/OS/FT155_OS_V_3x3_0_BScanThumb_0000014.BMP,FT155,FT155_OS,OS,2,Young Female,Controls,0,90.0,90.0,0.0,Female,BScanThumb,Right Eye,baseline,90.0,Baseline,day_0,90.0,2
data/Cohort_2/Day 90/Controls/FT 155/Bioptigen/Baseline/OS/FT155_OS_L_2_0_REGAVG0000020.BMP,FT155,FT155_OS,OS,2,Young Female,Controls,0,90.0,90.0,0.0,Female,REGAVG,Right Eye,baseline,90.0,Baseline,day_0,90.0,2
data/Cohort_2/Day 90/Controls/FT 155/Bioptigen/Baseline/OS/FT155_OS_L_2_0_REGAVG0000024.BMP,FT155,FT155_OS,OS,2,Young Female,Controls,0,90.0,90.0,0.0,Female,REGAVG,Right Eye,baseline,90.0,Baseline,day_0,90.0,2
data/Cohort_2/Day 90/Controls/FT 155/Bioptigen/End HLS/OD/FT155_OD_L_2_0_BScanThumb_0000044.BMP,FT155,FT155_OD,OD,2,Young Female,Controls,90,180.0,90.0,90.0,Female,BScanThumb,Right Eye,end_hls,90.0,End HLS,day_90,180.0,2
data/Cohort_2/Day 90/Controls/FT 155/Bioptigen/End HLS/OD/FT155_OD_L_2_0_BScanThumb_0000048.BMP,FT155,FT155_OD,OD,2,Young Female,Controls,90,180.0,90.0,90.0,Female,BScanThumb,Right Eye,end_hls,90.0,End HLS,day_90,180.0,2
data/Cohort_2/Day 90/Controls/FT 155/Bioptigen/End HLS/OD/FT155_OD_V_3x3_0_BScanThumb_0000039.BMP,FT155,FT155_OD,OD,2,Young Female,Controls,90,180.0,90.0,90.0,Female,BScanThumb,Right Eye,end_hls,90.0,End HLS,day_90,180.0,2
data/Cohort_2/Day 90/Controls/FT 155/Bioptigen/End HLS/OD/FT155_OD_L_2_0_REGAVG0000045.BMP,FT155,FT155_OD,OD,2,Young Female,Controls,90,180.0,90.0,90.0,Female,REGAVG,Right Eye,end_hls,90.0,End HLS,day_90,180.0,2
data/Cohort_2/Day 90/Controls/FT 155/Bioptigen/End HLS/OD/FT155_OD_L_2_0_REGAVG0000049.BMP,FT155,FT155_OD,OD,2,Young Female,Controls,90,180.0,90.0,90.0,Female,REGAVG,Right Eye,end_hls,90.0,End HLS,day_90,180.0,2
data/Cohort_2/Day 90/Controls/FT 155/Bioptigen/End HLS/OS/FT155_OS_L_2_0_BScanThumb_0000057.BMP,FT155,FT155_OS,OS,2,Young Female,Controls,90,180.0,90.0,90.0,Female,BScanThumb,Right Eye,end_hls,90.0,End HLS,day_90,180.0,2
data/Cohort_2/Day 90/Controls/FT 155/Bioptigen/End HLS/OS/FT155_OS_L_2_0_BScanThumb_0000061.BMP,FT155,FT155_OS,OS,2,Young Female,Controls,90,180.0,90.0,90.0,Female,BScanThumb,Right Eye,end_hls,90.0,End HLS,day_90,180.0,2
data/Cohort_2/Day 90/Controls/FT 155/Bioptigen/End HLS/OS/FT155_OS_V_3x3_0_BScanThumb_0000052.BMP,FT155,FT155_OS,OS,2,Young Female,Controls,90,180.0,90.0,90.0,Female,BScanThumb,Right Eye,end_hls,90.0,End HLS,day_90,180.0,2
data/Cohort_2/Day 90/Controls/FT 155/Bioptigen/End HLS/OS/FT155_OS_L_2_0_REGAVG0000058.BMP,FT155,FT155_OS,OS,2,Young Female,Controls,90,180.0,90.0,90.0,Female,REGAVG,Right Eye,end_hls,90.0,End HLS,day_90,180.0,2
data/Cohort_2/Day 90/Controls/FT 155/Bioptigen/End HLS/OS/FT155_OS_L_2_0_REGAVG0000062.BMP,FT155,FT155_OS,OS,2,Young Female,Controls,90,180.0,90.0,90.0,Female,REGAVG,Right Eye,end_hls,90.0,End HLS,day_90,180.0,2
data/Cohort_2/Day 90/Controls/FT 157/Bioptigen/Baseline/OD/FT157_OD_L_2_0_BScanThumb_0000006.BMP,FT157,FT157_OD,OD,2,Young Female,Controls,0,90.0,90.0,0.0,Female,BScanThumb,Right Eye,baseline,90.0,Baseline,day_0,90.0,0
data/Cohort_2/Day 90/Controls/FT 157/Bioptigen/Baseline/OD/FT157_OD_L_2_0_BScanThumb_0000010.BMP,FT157,FT157_OD,OD,2,Young Female,Controls,0,90.0,90.0,0.0,Female,BScanThumb,Right Eye,baseline,90.0,Baseline,day_0,90.0,0
data/Cohort_2/Day 90/Controls/FT 157/Bioptigen/Baseline/OD/FT157_OD_V_3x3_0_BScanThumb_0000001.BMP,FT157,FT157_OD,OD,2,Young Female,Controls,0,90.0,90.0,0.0,Female,BScanThumb,Right Eye,baseline,90.0,Baseline,day_0,90.0,0
data/Cohort_2/Day 90/Controls/FT 157/Bioptigen/Baseline/OD/FT157_OD_L_2_0_REGAVG0000007.BMP,FT157,FT157_OD,OD,2,Young Female,Controls,0,90.0,90.0,0.0,Female,REGAVG,Right Eye,baseline,90.0,Baseline,day_0,90.0,0
data/Cohort_2/Day 90/Controls/FT 157/Bioptigen/Baseline/OD/FT157_OD_L_2_0_REGAVG0000011.BMP,FT157,FT157_OD,OD,2,Young Female,Controls,0,90.0,90.0,0.0,Female,REGAVG,Right Eye,baseline,90.0,Baseline,day_0,90.0,0
data/Cohort_2/Day 90/Controls/FT 157/Bioptigen/Baseline/OS/FT157_OS_L_2_0_BScanThumb_0000019.BMP,FT157,FT157_OS,OS,2,Young Female,Controls,0,90.0,90.0,0.0,Female,BScanThumb,Right Eye,baseline,90.0,Baseline,day_0,90.0,0
data/Cohort_2/Day 90/Controls/FT 157/Bioptigen/Baseline/OS/FT157_OS_L_2_0_BScanThumb_0000023.BMP,FT157,FT157_OS,OS,2,Young Female,Controls,0,90.0,90.0,0.0,Female,BScanThumb,Right Eye,baseline,90.0,Baseline,day_0,90.0,0
data/Cohort_2/Day 90/Controls/FT 157/Bioptigen/Baseline/OS/FT157_OS_V_3x3_0_BScanThumb_0000014.BMP,FT157,FT157_OS,OS,2,Young Female,Controls,0,90.0,90.0,0.0,Female,BScanThumb,Right Eye,baseline,90.0,Baseline,day_0,90.0,0
data/Cohort_2/Day 90/Controls/FT 157/Bioptigen/Baseline/OS/FT157_OS_L_2_0_REGAVG0000020.BMP,FT157,FT157_OS,OS,2,Young Female,Controls,0,90.0,90.0,0.0,Female,REGAVG,Right Eye,baseline,90.0,Baseline,day_0,90.0,0
data/Cohort_2/Day 90/Controls/FT 157/Bioptigen/Baseline/OS/FT157_OS_L_2_0_REGAVG0000024.BMP,FT157,FT157_OS,OS,2,Young Female,Controls,0,90.0,90.0,0.0,Female,REGAVG,Right Eye,baseline,90.0,Baseline,day_0,90.0,0
data/Cohort_2/Day 90/Controls/FT 157/Bioptigen/End HLS/OD/FT157_OD_L_2_0_BScanThumb_0000044.BMP,FT157,FT157_OD,OD,2,Young Female,Controls,90,180.0,90.0,90.0,Female,BScanThumb,Right Eye,end_hls,90.0,End HLS,day_90,180.0,0
data/Cohort_2/Day 90/Controls/FT 157/Bioptigen/End HLS/OD/FT157_OD_L_2_0_BScanThumb_0000048.BMP,FT157,FT157_OD,OD,2,Young Female,Controls,90,180.0,90.0,90.0,Female,BScanThumb,Right Eye,end_hls,90.0,End HLS,day_90,180.0,0
data/Cohort_2/Day 90/Controls/FT 157/Bioptigen/End HLS/OD/FT157_OD_V_3x3_0_BScanThumb_0000039.BMP,FT157,FT157_OD,OD,2,Young Female,Controls,90,180.0,90.0,90.0,Female,BScanThumb,Right Eye,end_hls,90.0,End HLS,day_90,180.0,0
data/Cohort_2/Day 90/Controls/FT 157/Bioptigen/End HLS/OD/FT157_OD_L_2_0_REGAVG0000045.BMP,FT157,FT157_OD,OD,2,Young Female,Controls,90,180.0,90.0,90.0,Female,REGAVG,Right Eye,end_hls,90.0,End HLS,day_90,180.0,0
data/Cohort_2/Day 90/Controls/FT 157/Bioptigen/End HLS/OS/FT157_OS_L_2_0_BScanThumb_0000057.BMP,FT157,FT157_OS,OS,2,Young Female,Controls,90,180.0,90.0,90.0,Female,BScanThumb,Right Eye,end_hls,90.0,End HLS,day_90,180.0,0
data/Cohort_2/Day 90/Controls/FT 157/Bioptigen/End HLS/OS/FT157_OS_L_2_0_BScanThumb_0000061.BMP,FT157,FT157_OS,OS,2,Young Female,Controls,90,180.0,90.0,90.0,Female,BScanThumb,Right Eye,end_hls,90.0,End HLS,day_90,180.0,0
data/Cohort_2/Day 90/Controls/FT 157/Bioptigen/End HLS/OS/FT157_OS_V_3x3_0_BScanThumb_0000052.BMP,FT157,FT157_OS,OS,2,Young Female,Controls,90,180.0,90.0,90.0,Female,BScanThumb,Right Eye,end_hls,90.0,End HLS,day_90,180.0,0
data/Cohort_2/Day 90/Controls/FT 157/Bioptigen/End HLS/OS/FT157_OS_L_2_0_REGAVG0000058.BMP,FT157,FT157_OS,OS,2,Young Female,Controls,90,180.0,90.0,90.0,Female,REGAVG,Right Eye,end_hls,90.0,End HLS,day_90,180.0,0
data/Cohort_2/Day 90/Controls/FT 157/Bioptigen/End HLS/OS/FT157_OS_L_2_0_REGAVG0000062.BMP,FT157,FT157_OS,OS,2,Young Female,Controls,90,180.0,90.0,90.0,Female,REGAVG,Right Eye,end_hls,90.0,End HLS,day_90,180.0,0
data/Cohort_2/Day 90/Controls/FT 159/Bioptigen/Baseline/OD/FT159_OD_L_2_0_BScanThumb_0000006.BMP,FT159,FT159_OD,OD,2,Young Female,Controls,0,90.0,90.0,0.0,Female,BScanThumb,Right Eye,baseline,90.0,Baseline,day_0,90.0,1
data/Cohort_2/Day 90/Controls/FT 159/Bioptigen/Baseline/OD/FT159_OD_L_2_0_BScanThumb_0000010.BMP,FT159,FT159_OD,OD,2,Young Female,Controls,0,90.0,90.0,0.0,Female,BScanThumb,Right Eye,baseline,90.0,Baseline,day_0,90.0,1
data/Cohort_2/Day 90/Controls/FT 159/Bioptigen/Baseline/OD/FT159_OD_V_3x3_0_BScanThumb_0000001.BMP,FT159,FT159_OD,OD,2,Young Female,Controls,0,90.0,90.0,0.0,Female,BScanThumb,Right Eye,baseline,90.0,Baseline,day_0,90.0,1
data/Cohort_2/Day 90/Controls/FT 159/Bioptigen/Baseline/OD/FT159_OD_L_2_0_REGAVG0000007.BMP,FT159,FT159_OD,OD,2,Young Female,Controls,0,90.0,90.0,0.0,Female,REGAVG,Right Eye,baseline,90.0,Baseline,day_0,90.0,1
data/Cohort_2/Day 90/Controls/FT 159/Bioptigen/Baseline/OD/FT159_OD_L_2_0_REGAVG0000011.BMP,FT159,FT159_OD,OD,2,Young Female,Controls,0,90.0,90.0,0.0,Female,REGAVG,Right Eye,baseline,90.0,Baseline,day_0,90.0,1
data/Cohort_2/Day 90/Controls/FT 159/Bioptigen/Baseline/OS/FT159_OS_L_2_0_BScanThumb_0000019.BMP,FT159,FT159_OS,OS,2,Young Female,Controls,0,90.0,90.0,0.0,Female,BScanThumb,Right Eye,baseline,90.0,Baseline,day_0,90.0,1
data/Cohort_2/Day 90/Controls/FT 159/Bioptigen/Baseline/OS/FT159_OS_L_2_0_BScanThumb_0000023.BMP,FT159,FT159_OS,OS,2,Young Female,Controls,0,90.0,90.0,0.0,Female,BScanThumb,Right Eye,baseline,90.0,Baseline,day_0,90.0,1
data/Cohort_2/Day 90/Controls/FT 159/Bioptigen/Baseline/OS/FT159_OS_V_3x3_0_BScanThumb_0000014.BMP,FT159,FT159_OS,OS,2,Young Female,Controls,0,90.0,90.0,0.0,Female,BScanThumb,Right Eye,baseline,90.0,Baseline,day_0,90.0,1
data/Cohort_2/Day 90/Controls/FT 159/Bioptigen/Baseline/OS/FT159_OS_L_2_0_REGAVG0000020.BMP,FT159,FT159_OS,OS,2,Young Female,Controls,0,90.0,90.0,0.0,Female,REGAVG,Right Eye,baseline,90.0,Baseline,day_0,90.0,1
data/Cohort_2/Day 90/Controls/FT 159/Bioptigen/Baseline/OS/FT159_OS_L_2_0_REGAVG0000024.BMP,FT159,FT159_OS,OS,2,Young Female,Controls,0,90.0,90.0,0.0,Female,REGAVG,Right Eye,baseline,90.0,Baseline,day_0,90.0,1
data/Cohort_2/Day 90/Controls/FT 159/Bioptigen/End HLS/OD/FT159_OD_L_2_0_BScanThumb_0000044.BMP,FT159,FT159_OD,OD,2,Young Female,Controls,90,180.0,90.0,90.0,Female,BScanThumb,Right Eye,end_hls,90.0,End HLS,day_90,180.0,1
data/Cohort_2/Day 90/Controls/FT 159/Bioptigen/End HLS/OD/FT159_OD_L_2_0_BScanThumb_0000048.BMP,FT159,FT159_OD,OD,2,Young Female,Controls,90,180.0,90.0,90.0,Female,BScanThumb,Right Eye,end_hls,90.0,End HLS,day_90,180.0,1
data/Cohort_2/Day 90/Controls/FT 159/Bioptigen/End HLS/OD/FT159_OD_V_3x3_0_BScanThumb_0000039.BMP,FT159,FT159_OD,OD,2,Young Female,Controls,90,180.0,90.0,90.0,Female,BScanThumb,Right Eye,end_hls,90.0,End HLS,day_90,180.0,1
data/Cohort_2/Day 90/Controls/FT 159/Bioptigen/End HLS/OD/FT159_OD_L_2_0_REGAVG0000045.BMP,FT159,FT159_OD,OD,2,Young Female,Controls,90,180.0,90.0,90.0,Female,REGAVG,Right Eye,end_hls,90.0,End HLS,day_90,180.0,1
data/Cohort_2/Day 90/Controls/FT 159/Bioptigen/End HLS/OD/FT159_OD_L_2_0_REGAVG0000049.BMP,FT159,FT159_OD,OD,2,Young Female,Controls,90,180.0,90.0,90.0,Female,REGAVG,Right Eye,end_hls,90.0,End HLS,day_90,180.0,1
data/Cohort_2/Day 90/Controls/FT 159/Bioptigen/End HLS/OS/FT159_OS_L_2_0_BScanThumb_0000057.BMP,FT159,FT159_OS,OS,2,Young Female,Controls,90,180.0,90.0,90.0,Female,BScanThumb,Right Eye,end_hls,90.0,End HLS,day_90,180.0,1
data/Cohort_2/Day 90/Controls/FT 159/Bioptigen/End HLS/OS/FT159_OS_L_2_0_BScanThumb_0000061.BMP,FT159,FT159_OS,OS,2,Young Female,Controls,90,180.0,90.0,90.0,Female,BScanThumb,Right Eye,end_hls,90.0,End HLS,day_90,180.0,1
data/Cohort_2/Day 90/Controls/FT 159/Bioptigen/End HLS/OS/FT159_OS_V_3x3_0_BScanThumb_0000052.BMP,FT159,FT159_OS,OS,2,Young Female,Controls,90,180.0,90.0,90.0,Female,BScanThumb,Right Eye,end_hls,90.0,End HLS,day_90,180.0,1
data/Cohort_2/Day 90/Controls/FT 159/Bioptigen/End HLS/OS/FT159_OS_L_2_0_REGAVG0000058.BMP,FT159,FT159_OS,OS,2,Young Female,Controls,90,180.0,90.0,90.0,Female,REGAVG,Right Eye,end_hls,90.0,End HLS,day_90,180.0,1
data/Cohort_2/Day 90/Controls/FT 159/Bioptigen/End HLS/OS/FT159_OS_L_2_0_REGAVG0000062.BMP,FT159,FT159_OS,OS,2,Young Female,Controls,90,180.0,90.0,90.0,Female,REGAVG,Right Eye,end_hls,90.0,End HLS,day_90,180.0,1
data/Cohort_2/Day 90/Controls/FT 163/Bioptigen/Baseline/OD/FT163_OD_L_2_0_BScanThumb_0000006.BMP,FT163,FT163_OD,OD,2,Young Female,Controls,0,90.0,90.0,0.0,Female,BScanThumb,Right Eye,baseline,90.0,Baseline,day_0,90.0,0
data/Cohort_2/Day 90/Controls/FT 163/Bioptigen/Baseline/OD/FT163_OD_L_2_0_BScanThumb_0000010.BMP,FT163,FT163_OD,OD,2,Young Female,Controls,0,90.0,90.0,0.0,Female,BScanThumb,Right Eye,baseline,90.0,Baseline,day_0,90.0,0
data/Cohort_2/Day 90/Controls/FT 163/Bioptigen/Baseline/OD/FT163_OD_V_3x3_0_BScanThumb_0000001.BMP,FT163,FT163_OD,OD,2,Young Female,Controls,0,90.0,90.0,0.0,Female,BScanThumb,Right Eye,baseline,90.0,Baseline,day_0,90.0,0
data/Cohort_2/Day 90/Controls/FT 163/Bioptigen/Baseline/OD/FT163_OD_L_2_0_REGAVG0000007.BMP,FT163,FT163_OD,OD,2,Young Female,Controls,0,90.0,90.0,0.0,Female,REGAVG,Right Eye,baseline,90.0,Baseline,day_0,90.0,0
data/Cohort_2/Day 90/Controls/FT 163/Bioptigen/Baseline/OD/FT163_OD_L_2_0_REGAVG0000011.BMP,FT163,FT163_OD,OD,2,Young Female,Controls,0,90.0,90.0,0.0,Female,REGAVG,Right Eye,baseline,90.0,Baseline,day_0,90.0,0
data/Cohort_2/Day 90/Controls/FT 163/Bioptigen/Baseline/OS/FT163_OS_L_2_0_BScanThumb_0000019.BMP,FT163,FT163_OS,OS,2,Young Female,Controls,0,90.0,90.0,0.0,Female,BScanThumb,Right Eye,baseline,90.0,Baseline,day_0,90.0,0
data/Cohort_2/Day 90/Controls/FT 163/Bioptigen/Baseline/OS/FT163_OS_L_2_0_BScanThumb_0000023.BMP,FT163,FT163_OS,OS,2,Young Female,Controls,0,90.0,90.0,0.0,Female,BScanThumb,Right Eye,baseline,90.0,Baseline,day_0,90.0,0
data/Cohort_2/Day 90/Controls/FT 163/Bioptigen/Baseline/OS/FT163_OS_V_3x3_0_BScanThumb_0000014.BMP,FT163,FT163_OS,OS,2,Young Female,Controls,0,90.0,90.0,0.0,Female,BScanThumb,Right Eye,baseline,90.0,Baseline,day_0,90.0,0
data/Cohort_2/Day 90/Controls/FT 163/Bioptigen/Baseline/OS/FT163_OS_L_2_0_REGAVG0000020.BMP,FT163,FT163_OS,OS,2,Young Female,Controls,0,90.0,90.0,0.0,Female,REGAVG,Right Eye,baseline,90.0,Baseline,day_0,90.0,0
data/Cohort_2/Day 90/Controls/FT 163/Bioptigen/Baseline/OS/FT163_OS_L_2_0_REGAVG0000024.BMP,FT163,FT163_OS,OS,2,Young Female,Controls,0,90.0,90.0,0.0,Female,REGAVG,Right Eye,baseline,90.0,Baseline,day_0,90.0,0
data/Cohort_2/Day 90/Controls/FT 163/Bioptigen/End HLS/OD/FT163_OD_L_2_0_BScanThumb_0000044.BMP,FT163,FT163_OD,OD,2,Young Female,Controls,90,180.0,90.0,90.0,Female,BScanThumb,Right Eye,end_hls,90.0,End HLS,day_90,180.0,0
data/Cohort_2/Day 90/Controls/FT 163/Bioptigen/End HLS/OD/FT163_OD_L_2_0_BScanThumb_0000048.BMP,FT163,FT163_OD,OD,2,Young Female,Controls,90,180.0,90.0,90.0,Female,BScanThumb,Right Eye,end_hls,90.0,End HLS,day_90,180.0,0
data/Cohort_2/Day 90/Controls/FT 163/Bioptigen/End HLS/OD/FT163_OD_V_3x3_0_BScanThumb_0000039.BMP,FT163,FT163_OD,OD,2,Young Female,Controls,90,180.0,90.0,90.0,Female,BScanThumb,Right Eye,end_hls,90.0,End HLS,day_90,180.0,0
data/Cohort_2/Day 90/Controls/FT 163/Bioptigen/End HLS/OD/FT163_OD_L_2_0_REGAVG0000045.BMP,FT163,FT163_OD,OD,2,Young Female,Controls,90,180.0,90.0,90.0,Female,REGAVG,Right Eye,end_hls,90.0,End HLS,day_90,180.0,0
data/Cohort_2/Day 90/Controls/FT 163/Bioptigen/End HLS/OD/FT163_OD_L_2_0_REGAVG0000049.BMP,FT163,FT163_OD,OD,2,Young Female,Controls,90,180.0,90.0,90.0,Female,REGAVG,Right Eye,end_hls,90.0,End HLS,day_90,180.0,0
data/Cohort_2/Day 90/Controls/FT 163/Bioptigen/End HLS/OS/FT163_OS_L_2_0_BScanThumb_0000057.BMP,FT163,FT163_OS,OS,2,Young Female,Controls,90,180.0,90.0,90.0,Female,BScanThumb,Right Eye,end_hls,90.0,End HLS,day_90,180.0,0
data/Cohort_2/Day 90/Controls/FT 163/Bioptigen/End HLS/OS/FT163_OS_L_2_0_BScanThumb_0000061.BMP,FT163,FT163_OS,OS,2,Young Female,Controls,90,180.0,90.0,90.0,Female,BScanThumb,Right Eye,end_hls,90.0,End HLS,day_90,180.0,0
data/Cohort_2/Day 90/Controls/FT 163/Bioptigen/End HLS/OS/FT163_OS_V_3x3_0_BScanThumb_0000052.BMP,FT163,FT163_OS,OS,2,Young Female,Controls,90,180.0,90.0,90.0,Female,BScanThumb,Right Eye,end_hls,90.0,End HLS,day_90,180.0,0
data/Cohort_2/Day 90/Controls/FT 163/Bioptigen/End HLS/OS/FT163_OS_L_2_0_REGAVG0000058.BMP,FT163,FT163_OS,OS,2,Young Female,Controls,90,180.0,90.0,90.0,Female,REGAVG,Right Eye,end_hls,90.0,End HLS,day_90,180.0,0
data/Cohort_2/Day 90/Controls/FT 163/Bioptigen/End HLS/OS/FT163_OS_L_2_0_REGAVG0000062.BMP,FT163,FT163_OS,OS,2,Young Female,Controls,90,180.0,90.0,90.0,Female,REGAVG,Right Eye,end_hls,90.0,End HLS,day_90,180.0,0
data/Cohort_2/Day 28/Controls/FT 17/Bioptigen/Baseline/OD/17-FT_OD_L_3_0_BScanThumb_0000021.BMP,FT17,FT17_OD,OD,2,Young Female,Controls,0,90.0,90.0,0.0,Female,BScanThumb,Right Eye,baseline,28.0,Baseline,day_0,90.0,2
data/Cohort_2/Day 28/Controls/FT 17/Bioptigen/Baseline/OD/17-FT_OD_L_3_0_BScanThumb_0000024.BMP,FT17,FT17_OD,OD,2,Young Female,Controls,0,90.0,90.0,0.0,Female,BScanThumb,Right Eye,baseline,28.0,Baseline,day_0,90.0,2
data/Cohort_2/Day 28/Controls/FT 17/Bioptigen/Baseline/OD/17-FT_OD_R_3_0_BScanThumb_0000009.BMP,FT17,FT17_OD,OD,2,Young Female,Controls,0,90.0,90.0,0.0,Female,BScanThumb,Right Eye,baseline,28.0,Baseline,day_0,90.0,2
data/Cohort_2/Day 28/Controls/FT 17/Bioptigen/Baseline/OD/17-FT_OD_V_1x1_0_BScanThumb_0000017.BMP,FT17,FT17_OD,OD,2,Young Female,Controls,0,90.0,90.0,0.0,Female,BScanThumb,Right Eye,baseline,28.0,Baseline,day_0,90.0,2
data/Cohort_2/Day 28/Controls/FT 17/Bioptigen/Baseline/OD/17-FT_OD_V_3x3_0_BScanThumb_0000001.BMP,FT17,FT17_OD,OD,2,Young Female,Controls,0,90.0,90.0,0.0,Female,BScanThumb,Right Eye,baseline,28.0,Baseline,day_0,90.0,2
data/Cohort_2/Day 28/Controls/FT 17/Bioptigen/Baseline/OD/17-FT_OD_V_3x3_0_BScanThumb_0000005.BMP,FT17,FT17_OD,OD,2,Young Female,Controls,0,90.0,90.0,0.0,Female,BScanThumb,Right Eye,baseline,28.0,Baseline,day_0,90.0,2
data/Cohort_2/Day 28/Controls/FT 17/Bioptigen/Baseline/OD/17-FT_OD_V_3x3_0_BScanThumb_0000013.BMP,FT17,FT17_OD,OD,2,Young Female,Controls,0,90.0,90.0,0.0,Female,BScanThumb,Right Eye,baseline,28.0,Baseline,day_0,90.0,2
data/Cohort_2/Day 28/Controls/FT 17/Bioptigen/Baseline/OD/17-FT_OD_V_3x3_0_BScanThumb_0000027.BMP,FT17,FT17_OD,OD,2,Young Female,Controls,0,90.0,90.0,0.0,Female,BScanThumb,Right Eye,baseline,28.0,Baseline,day_0,90.0,2
data/Cohort_2/Day 28/Controls/FT 17/Bioptigen/Baseline/OD/17-FT_OD_L_3_0_REGAVG0000022.BMP,FT17,FT17_OD,OD,2,Young Female,Controls,0,90.0,90.0,0.0,Female,REGAVG,Right Eye,baseline,28.0,Baseline,day_0,90.0,2
data/Cohort_2/Day 28/Controls/FT 17/Bioptigen/Baseline/OD/17-FT_OD_L_3_0_REGAVG0000025.BMP,FT17,FT17_OD,OD,2,Young Female,Controls,0,90.0,90.0,0.0,Female,REGAVG,Right Eye,baseline,28.0,Baseline,day_0,90.0,2
data/Cohort_2/Day 28/Controls/FT 17/Bioptigen/Baseline/OD/17-FT_OD_V_1X1_0_REGAVG0000018.BMP,FT17,FT17_OD,OD,2,Young Female,Controls,0,90.0,90.0,0.0,Female,REGAVG,Right Eye,baseline,28.0,Baseline,day_0,90.0,2
data/Cohort_2/Day 28/Controls/FT 17/Bioptigen/Baseline/OD/17-FT_OD_V_3X3_0_REGAVG0000028.BMP,FT17,FT17_OD,OD,2,Young Female,Controls,0,90.0,90.0,0.0,Female,REGAVG,Right Eye,baseline,28.0,Baseline,day_0,90.0,2
data/Cohort_2/Day 28/Controls/FT 17/Bioptigen/Baseline/OS/17-FT_OS_L_3_0_BScanThumb_0000055.BMP,FT17,FT17_OS,OS,2,Young Female,Controls,0,90.0,90.0,0.0,Female,BScanThumb,Right Eye,baseline,28.0,Baseline,day_0,90.0,2
data/Cohort_2/Day 28/Controls/FT 17/Bioptigen/Baseline/OS/17-FT_OS_L_3_0_BScanThumb_0000062.BMP,FT17,FT17_OS,OS,2,Young Female,Controls,0,90.0,90.0,0.0,Female,BScanThumb,Right Eye,baseline,28.0,Baseline,day_0,90.0,2
data/Cohort_2/Day 28/Controls/FT 17/Bioptigen/Baseline/OS/17-FT_OS_R_3_0_BScanThumb_0000047.BMP,FT17,FT17_OS,OS,2,Young Female,Controls,0,90.0,90.0,0.0,Female,BScanThumb,Right Eye,baseline,28.0,Baseline,day_0,90.0,2
data/Cohort_2/Day 28/Controls/FT 17/Bioptigen/Baseline/OS/17-FT_OS_V_1x1_0_BScanThumb_0000065.BMP,FT17,FT17_OS,OS,2,Young Female,Controls,0,90.0,90.0,0.0,Female,BScanThumb,Right Eye,baseline,28.0,Baseline,day_0,90.0,2
data/Cohort_2/Day 28/Controls/FT 17/Bioptigen/Baseline/OS/17-FT_OS_V_3x3_0_BScanThumb_0000043.BMP,FT17,FT17_OS,OS,2,Young Female,Controls,0,90.0,90.0,0.0,Female,BScanThumb,Right Eye,baseline,28.0,Baseline,day_0,90.0,2
data/Cohort_2/Day 28/Controls/FT 17/Bioptigen/Baseline/OS/17-FT_OS_V_3x3_0_BScanThumb_0000051.BMP,FT17,FT17_OS,OS,2,Young Female,Controls,0,90.0,90.0,0.0,Female,BScanThumb,Right Eye,baseline,28.0,Baseline,day_0,90.0,2
data/Cohort_2/Day 28/Controls/FT 17/Bioptigen/Baseline/OS/17-FT_OS_V_3x3_0_BScanThumb_0000058.BMP,FT17,FT17_OS,OS,2,Young Female,Controls,0,90.0,90.0,0.0,Female,BScanThumb,Right Eye,baseline,28.0,Baseline,day_0,90.0,2
data/Cohort_2/Day 28/Controls/FT 17/Bioptigen/Baseline/OS/17-FT_OS_V_3x3_0_BScanThumb_0000069.BMP,FT17,FT17_OS,OS,2,Young Female,Controls,0,90.0,90.0,0.0,Female,BScanThumb,Right Eye,baseline,28.0,Baseline,day_0,90.0,2
data/Cohort_2/Day 28/Controls/FT 17/Bioptigen/Baseline/OS/17-FT_OS_L_3_0_REGAVG0000056.BMP,FT17,FT17_OS,OS,2,Young Female,Controls,0,90.0,90.0,0.0,Female,REGAVG,Right Eye,baseline,28.0,Baseline,day_0,90.0,2
data/Cohort_2/Day 28/Controls/FT 17/Bioptigen/Baseline/OS/17-FT_OS_L_3_0_REGAVG0000063.BMP,FT17,FT17_OS,OS,2,Young Female,Controls,0,90.0,90.0,0.0,Female,REGAVG,Right Eye,baseline,28.0,Baseline,day_0,90.0,2
data/Cohort_2/Day 28/Controls/FT 17/Bioptigen/Baseline/OS/17-FT_OS_V_1X1_0_REGAVG0000066.BMP,FT17,FT17_OS,OS,2,Young Female,Controls,0,90.0,90.0,0.0,Female,REGAVG,Right Eye,baseline,28.0,Baseline,day_0,90.0,2
data/Cohort_2/Day 28/Controls/FT 17/Bioptigen/Baseline/OS/17-FT_OS_V_3X3_0_REGAVG0000070.BMP,FT17,FT17_OS,OS,2,Young Female,Controls,0,90.0,90.0,0.0,Female,REGAVG,Right Eye,baseline,28.0,Baseline,day_0,90.0,2
data/Cohort_2/Day 14/Controls/FT 19/Bioptigen/Baseline/OD/19-FT_OD_L_3_0_BScanThumb_0000021.BMP,FT19,FT19_OD,OD,2,Young Female,Controls,0,90.0,90.0,0.0,Female,BScanThumb,Right Eye,baseline,14.0,Baseline,day_0,90.0,0
data/Cohort_2/Day 14/Controls/FT 19/Bioptigen/Baseline/OD/19-FT_OD_L_3_0_BScanThumb_0000024.BMP,FT19,FT19_OD,OD,2,Young Female,Controls,0,90.0,90.0,0.0,Female,BScanThumb,Right Eye,baseline,14.0,Baseline,day_0,90.0,0
data/Cohort_2/Day 14/Controls/FT 19/Bioptigen/Baseline/OD/19-FT_OD_R_3_0_BScanThumb_0000009.BMP,FT19,FT19_OD,OD,2,Young Female,Controls,0,90.0,90.0,0.0,Female,BScanThumb,Right Eye,baseline,14.0,Baseline,day_0,90.0,0
data/Cohort_2/Day 14/Controls/FT 19/Bioptigen/Baseline/OD/19-FT_OD_V_1x1_0_BScanThumb_0000017.BMP,FT19,FT19_OD,OD,2,Young Female,Controls,0,90.0,90.0,0.0,Female,BScanThumb,Right Eye,baseline,14.0,Baseline,day_0,90.0,0
data/Cohort_2/Day 14/Controls/FT 19/Bioptigen/Baseline/OD/19-FT_OD_V_3x3_0_BScanThumb_0000001.BMP,FT19,FT19_OD,OD,2,Young Female,Controls,0,90.0,90.0,0.0,Female,BScanThumb,Right Eye,baseline,14.0,Baseline,day_0,90.0,0
data/Cohort_2/Day 14/Controls/FT 19/Bioptigen/Baseline/OD/19-FT_OD_V_3x3_0_BScanThumb_0000005.BMP,FT19,FT19_OD,OD,2,Young Female,Controls,0,90.0,90.0,0.0,Female,BScanThumb,Right Eye,baseline,14.0,Baseline,day_0,90.0,0
data/Cohort_2/Day 14/Controls/FT 19/Bioptigen/Baseline/OD/19-FT_OD_V_3x3_0_BScanThumb_0000013.BMP,FT19,FT19_OD,OD,2,Young Female,Controls,0,90.0,90.0,0.0,Female,BScanThumb,Right Eye,baseline,14.0,Baseline,day_0,90.0,0
data/Cohort_2/Day 14/Controls/FT 19/Bioptigen/Baseline/OD/19-FT_OD_V_3x3_0_BScanThumb_0000027.BMP,FT19,FT19_OD,OD,2,Young Female,Controls,0,90.0,90.0,0.0,Female,BScanThumb,Right Eye,baseline,14.0,Baseline,day_0,90.0,0
data/Cohort_2/Day 14/Controls/FT 19/Bioptigen/Baseline/OD/19-FT_OD_L_3_0_REGAVG0000022.BMP,FT19,FT19_OD,OD,2,Young Female,Controls,0,90.0,90.0,0.0,Female,REGAVG,Right Eye,baseline,14.0,Baseline,day_0,90.0,0
data/Cohort_2/Day 14/Controls/FT 19/Bioptigen/Baseline/OD/19-FT_OD_L_3_0_REGAVG0000025.BMP,FT19,FT19_OD,OD,2,Young Female,Controls,0,90.0,90.0,0.0,Female,REGAVG,Right Eye,baseline,14.0,Baseline,day_0,90.0,0
data/Cohort_2/Day 14/Controls/FT 19/Bioptigen/Baseline/OD/19-FT_OD_V_1X1_0_REGAVG0000018.BMP,FT19,FT19_OD,OD,2,Young Female,Controls,0,90.0,90.0,0.0,Female,REGAVG,Right Eye,baseline,14.0,Baseline,day_0,90.0,0
data/Cohort_2/Day 14/Controls/FT 19/Bioptigen/Baseline/OD/19-FT_OD_V_3X3_0_REGAVG0000028.BMP,FT19,FT19_OD,OD,2,Young Female,Controls,0,90.0,90.0,0.0,Female,REGAVG,Right Eye,baseline,14.0,Baseline,day_0,90.0,0
data/Cohort_2/Day 14/Controls/FT 19/Bioptigen/Baseline/OS/19-FT_OS_L_3_0_BScanThumb_0000056.BMP,FT19,FT19_OS,OS,2,Young Female,Controls,0,90.0,90.0,0.0,Female,BScanThumb,Right Eye,baseline,14.0,Baseline,day_0,90.0,0
data/Cohort_2/Day 14/Controls/FT 19/Bioptigen/Baseline/OS/19-FT_OS_L_3_0_BScanThumb_0000063.BMP,FT19,FT19_OS,OS,2,Young Female,Controls,0,90.0,90.0,0.0,Female,BScanThumb,Right Eye,baseline,14.0,Baseline,day_0,90.0,0
data/Cohort_2/Day 14/Controls/FT 19/Bioptigen/Baseline/OS/19-FT_OS_R_3_0_BScanThumb_0000048.BMP,FT19,FT19_OS,OS,2,Young Female,Controls,0,90.0,90.0,0.0,Female,BScanThumb,Right Eye,baseline,14.0,Baseline,day_0,90.0,0
data/Cohort_2/Day 14/Controls/FT 19/Bioptigen/Baseline/OS/19-FT_OS_V_1x1_0_BScanThumb_0000070.BMP,FT19,FT19_OS,OS,2,Young Female,Controls,0,90.0,90.0,0.0,Female,BScanThumb,Right Eye,baseline,14.0,Baseline,day_0,90.0,0
data/Cohort_2/Day 14/Controls/FT 19/Bioptigen/Baseline/OS/19-FT_OS_V_3x3_0_BScanThumb_0000044.BMP,FT19,FT19_OS,OS,2,Young Female,Controls,0,90.0,90.0,0.0,Female,BScanThumb,Right Eye,baseline,14.0,Baseline,day_0,90.0,0
data/Cohort_2/Day 14/Controls/FT 19/Bioptigen/Baseline/OS/19-FT_OS_V_3x3_0_BScanThumb_0000052.BMP,FT19,FT19_OS,OS,2,Young Female,Controls,0,90.0,90.0,0.0,Female,BScanThumb,Right Eye,baseline,14.0,Baseline,day_0,90.0,0
data/Cohort_2/Day 14/Controls/FT 19/Bioptigen/Baseline/OS/19-FT_OS_V_3x3_0_BScanThumb_0000059.BMP,FT19,FT19_OS,OS,2,Young Female,Controls,0,90.0,90.0,0.0,Female,BScanThumb,Right Eye,baseline,14.0,Baseline,day_0,90.0,0
data/Cohort_2/Day 14/Controls/FT 19/Bioptigen/Baseline/OS/19-FT_OS_V_3x3_0_BScanThumb_0000066.BMP,FT19,FT19_OS,OS,2,Young Female,Controls,0,90.0,90.0,0.0,Female,BScanThumb,Right Eye,baseline,14.0,Baseline,day_0,90.0,0
data/Cohort_2/Day 14/Controls/FT 19/Bioptigen/Baseline/OS/19-FT_OS_L_3_0_REGAVG0000057.BMP,FT19,FT19_OS,OS,2,Young Female,Controls,0,90.0,90.0,0.0,Female,REGAVG,Right Eye,baseline,14.0,Baseline,day_0,90.0,0
data/Cohort_2/Day 14/Controls/FT 19/Bioptigen/Baseline/OS/19-FT_OS_L_3_0_REGAVG0000064.BMP,FT19,FT19_OS,OS,2,Young Female,Controls,0,90.0,90.0,0.0,Female,REGAVG,Right Eye,baseline,14.0,Baseline,day_0,90.0,0
data/Cohort_2/Day 14/Controls/FT 19/Bioptigen/Baseline/OS/19-FT_OS_V_1X1_0_REGAVG0000071.BMP,FT19,FT19_OS,OS,2,Young Female,Controls,0,90.0,90.0,0.0,Female,REGAVG,Right Eye,baseline,14.0,Baseline,day_0,90.0,0
data/Cohort_2/Day 14/Controls/FT 22/Bioptigen/Baseline/OD/22-FT_OD_L_3_0_BScanThumb_0000021.BMP,FT22,FT22_OD,OD,2,Young Female,Controls,0,90.0,90.0,0.0,Female,BScanThumb,Right Eye,baseline,14.0,Baseline,day_0,90.0,1
data/Cohort_2/Day 14/Controls/FT 22/Bioptigen/Baseline/OD/22-FT_OD_L_3_0_BScanThumb_0000024.BMP,FT22,FT22_OD,OD,2,Young Female,Controls,0,90.0,90.0,0.0,Female,BScanThumb,Right Eye,baseline,14.0,Baseline,day_0,90.0,1
data/Cohort_2/Day 14/Controls/FT 22/Bioptigen/Baseline/OD/22-FT_OD_R_3_0_BScanThumb_0000009.BMP,FT22,FT22_OD,OD,2,Young Female,Controls,0,90.0,90.0,0.0,Female,BScanThumb,Right Eye,baseline,14.0,Baseline,day_0,90.0,1
data/Cohort_2/Day 14/Controls/FT 22/Bioptigen/Baseline/OD/22-FT_OD_V_1x1_0_BScanThumb_0000017.BMP,FT22,FT22_OD,OD,2,Young Female,Controls,0,90.0,90.0,0.0,Female,BScanThumb,Right Eye,baseline,14.0,Baseline,day_0,90.0,1
data/Cohort_2/Day 14/Controls/FT 22/Bioptigen/Baseline/OD/22-FT_OD_V_3x3_0_BScanThumb_0000001.BMP,FT22,FT22_OD,OD,2,Young Female,Controls,0,90.0,90.0,0.0,Female,BScanThumb,Right Eye,baseline,14.0,Baseline,day_0,90.0,1
data/Cohort_2/Day 14/Controls/FT 22/Bioptigen/Baseline/OD/22-FT_OD_V_3x3_0_BScanThumb_0000005.BMP,FT22,FT22_OD,OD,2,Young Female,Controls,0,90.0,90.0,0.0,Female,BScanThumb,Right Eye,baseline,14.0,Baseline,day_0,90.0,1
data/Cohort_2/Day 14/Controls/FT 22/Bioptigen/Baseline/OD/22-FT_OD_V_3x3_0_BScanThumb_0000013.BMP,FT22,FT22_OD,OD,2,Young Female,Controls,0,90.0,90.0,0.0,Female,BScanThumb,Right Eye,baseline,14.0,Baseline,day_0,90.0,1
data/Cohort_2/Day 14/Controls/FT 22/Bioptigen/Baseline/OD/22-FT_OD_V_3x3_0_BScanThumb_0000027.BMP,FT22,FT22_OD,OD,2,Young Female,Controls,0,90.0,90.0,0.0,Female,BScanThumb,Right Eye,baseline,14.0,Baseline,day_0,90.0,1
data/Cohort_2/Day 14/Controls/FT 22/Bioptigen/Baseline/OD/22-FT_OD_L_3_0_REGAVG0000022.BMP,FT22,FT22_OD,OD,2,Young Female,Controls,0,90.0,90.0,0.0,Female,REGAVG,Right Eye,baseline,14.0,Baseline,day_0,90.0,1
data/Cohort_2/Day 14/Controls/FT 22/Bioptigen/Baseline/OD/22-FT_OD_L_3_0_REGAVG0000025.BMP,FT22,FT22_OD,OD,2,Young Female,Controls,0,90.0,90.0,0.0,Female,REGAVG,Right Eye,baseline,14.0,Baseline,day_0,90.0,1
data/Cohort_2/Day 14/Controls/FT 22/Bioptigen/Baseline/OD/22-FT_OD_V_1X1_0_REGAVG0000018.BMP,FT22,FT22_OD,OD,2,Young Female,Controls,0,90.0,90.0,0.0,Female,REGAVG,Right Eye,baseline,14.0,Baseline,day_0,90.0,1
data/Cohort_2/Day 14/Controls/FT 22/Bioptigen/Baseline/OD/22-FT_OD_V_3X3_0_REGAVG0000028.BMP,FT22,FT22_OD,OD,2,Young Female,Controls,0,90.0,90.0,0.0,Female,REGAVG,Right Eye,baseline,14.0,Baseline,day_0,90.0,1
data/Cohort_2/Day 14/Controls/FT 22/Bioptigen/Baseline/OS/22-FT_OS_L_3_0_BScanThumb_0000055.BMP,FT22,FT22_OS,OS,2,Young Female,Controls,0,90.0,90.0,0.0,Female,BScanThumb,Right Eye,baseline,14.0,Baseline,day_0,90.0,1
data/Cohort_2/Day 14/Controls/FT 22/Bioptigen/Baseline/OS/22-FT_OS_L_3_0_BScanThumb_0000062.BMP,FT22,FT22_OS,OS,2,Young Female,Controls,0,90.0,90.0,0.0,Female,BScanThumb,Right Eye,baseline,14.0,Baseline,day_0,90.0,1
data/Cohort_2/Day 14/Controls/FT 22/Bioptigen/Baseline/OS/22-FT_OS_R_3_0_BScanThumb_0000073.BMP,FT22,FT22_OS,OS,2,Young Female,Controls,0,90.0,90.0,0.0,Female,BScanThumb,Right Eye,baseline,14.0,Baseline,day_0,90.0,1
data/Cohort_2/Day 14/Controls/FT 22/Bioptigen/Baseline/OS/22-FT_OS_V_1x1_0_BScanThumb_0000065.BMP,FT22,FT22_OS,OS,2,Young Female,Controls,0,90.0,90.0,0.0,Female,BScanThumb,Right Eye,baseline,14.0,Baseline,day_0,90.0,1
data/Cohort_2/Day 14/Controls/FT 22/Bioptigen/Baseline/OS/22-FT_OS_V_3x3_0_BScanThumb_0000043.BMP,FT22,FT22_OS,OS,2,Young Female,Controls,0,90.0,90.0,0.0,Female,BScanThumb,Right Eye,baseline,14.0,Baseline,day_0,90.0,1
data/Cohort_2/Day 14/Controls/FT 22/Bioptigen/Baseline/OS/22-FT_OS_V_3x3_0_BScanThumb_0000047.BMP,FT22,FT22_OS,OS,2,Young Female,Controls,0,90.0,90.0,0.0,Female,BScanThumb,Right Eye,baseline,14.0,Baseline,day_0,90.0,1
data/Cohort_2/Day 14/Controls/FT 22/Bioptigen/Baseline/OS/22-FT_OS_V_3x3_0_BScanThumb_0000051.BMP,FT22,FT22_OS,OS,2,Young Female,Controls,0,90.0,90.0,0.0,Female,BScanThumb,Right Eye,baseline,14.0,Baseline,day_0,90.0,1
data/Cohort_2/Day 14/Controls/FT 22/Bioptigen/Baseline/OS/22-FT_OS_V_3x3_0_BScanThumb_0000058.BMP,FT22,FT22_OS,OS,2,Young Female,Controls,0,90.0,90.0,0.0,Female,BScanThumb,Right Eye,baseline,14.0,Baseline,day_0,90.0,1
data/Cohort_2/Day 14/Controls/FT 22/Bioptigen/Baseline/OS/22-FT_OS_V_3x3_0_BScanThumb_0000069.BMP,FT22,FT22_OS,OS,2,Young Female,Controls,0,90.0,90.0,0.0,Female,BScanThumb,Right Eye,baseline,14.0,Baseline,day_0,90.0,1
data/Cohort_2/Day 14/Controls/FT 22/Bioptigen/Baseline/OS/22-FT_OS_L_3_0_REGAVG0000056.BMP,FT22,FT22_OS,OS,2,Young Female,Controls,0,90.0,90.0,0.0,Female,REGAVG,Right Eye,baseline,14.0,Baseline,day_0,90.0,1
data/Cohort_2/Day 14/Controls/FT 22/Bioptigen/Baseline/OS/22-FT_OS_L_3_0_REGAVG0000063.BMP,FT22,FT22_OS,OS,2,Young Female,Controls,0,90.0,90.0,0.0,Female,REGAVG,Right Eye,baseline,14.0,Baseline,day_0,90.0,1
data/Cohort_2/Day 14/Controls/FT 22/Bioptigen/Baseline/OS/22-FT_OS_V_1X1_0_REGAVG0000066.BMP,FT22,FT22_OS,OS,2,Young Female,Controls,0,90.0,90.0,0.0,Female,REGAVG,Right Eye,baseline,14.0,Baseline,day_0,90.0,1
data/Cohort_2/Day 14/Controls/FT 23/Bioptigen/Baseline/OD/23-FT_OD_L_3_0_BScanThumb_0000021.BMP,FT23,FT23_OD,OD,2,Young Female,Controls,0,90.0,90.0,0.0,Female,BScanThumb,Right Eye,baseline,14.0,Baseline,day_0,90.0,2
data/Cohort_2/Day 14/Controls/FT 23/Bioptigen/Baseline/OD/23-FT_OD_L_3_0_BScanThumb_0000024.BMP,FT23,FT23_OD,OD,2,Young Female,Controls,0,90.0,90.0,0.0,Female,BScanThumb,Right Eye,baseline,14.0,Baseline,day_0,90.0,2
data/Cohort_2/Day 14/Controls/FT 23/Bioptigen/Baseline/OD/23-FT_OD_R_3_0_BScanThumb_0000009.BMP,FT23,FT23_OD,OD,2,Young Female,Controls,0,90.0,90.0,0.0,Female,BScanThumb,Right Eye,baseline,14.0,Baseline,day_0,90.0,2
data/Cohort_2/Day 14/Controls/FT 23/Bioptigen/Baseline/OD/23-FT_OD_V_1x1_0_BScanThumb_0000017.BMP,FT23,FT23_OD,OD,2,Young Female,Controls,0,90.0,90.0,0.0,Female,BScanThumb,Right Eye,baseline,14.0,Baseline,day_0,90.0,2
data/Cohort_2/Day 14/Controls/FT 23/Bioptigen/Baseline/OD/23-FT_OD_V_3x3_0_BScanThumb_0000001.BMP,FT23,FT23_OD,OD,2,Young Female,Controls,0,90.0,90.0,0.0,Female,BScanThumb,Right Eye,baseline,14.0,Baseline,day_0,90.0,2
data/Cohort_2/Day 14/Controls/FT 23/Bioptigen/Baseline/OD/23-FT_OD_V_3x3_0_BScanThumb_0000005.BMP,FT23,FT23_OD,OD,2,Young Female,Controls,0,90.0,90.0,0.0,Female,BScanThumb,Right Eye,baseline,14.0,Baseline,day_0,90.0,2
data/Cohort_2/Day 14/Controls/FT 23/Bioptigen/Baseline/OD/23-FT_OD_V_3x3_0_BScanThumb_0000013.BMP,FT23,FT23_OD,OD,2,Young Female,Controls,0,90.0,90.0,0.0,Female,BScanThumb,Right Eye,baseline,14.0,Baseline,day_0,90.0,2
data/Cohort_2/Day 14/Controls/FT 23/Bioptigen/Baseline/OD/23-FT_OD_V_3x3_0_BScanThumb_0000027.BMP,FT23,FT23_OD,OD,2,Young Female,Controls,0,90.0,90.0,0.0,Female,BScanThumb,Right Eye,baseline,14.0,Baseline,day_0,90.0,2
data/Cohort_2/Day 14/Controls/FT 23/Bioptigen/Baseline/OD/23-FT_OD_L_3_0_REGAVG0000022.BMP,FT23,FT23_OD,OD,2,Young Female,Controls,0,90.0,90.0,0.0,Female,REGAVG,Right Eye,baseline,14.0,Baseline,day_0,90.0,2
data/Cohort_2/Day 14/Controls/FT 23/Bioptigen/Baseline/OD/23-FT_OD_L_3_0_REGAVG0000025.BMP,FT23,FT23_OD,OD,2,Young Female,Controls,0,90.0,90.0,0.0,Female,REGAVG,Right Eye,baseline,14.0,Baseline,day_0,90.0,2
data/Cohort_2/Day 14/Controls/FT 23/Bioptigen/Baseline/OD/23-FT_OD_V_1X1_0_REGAVG0000018.BMP,FT23,FT23_OD,OD,2,Young Female,Controls,0,90.0,90.0,0.0,Female,REGAVG,Right Eye,baseline,14.0,Baseline,day_0,90.0,2
data/Cohort_2/Day 14/Controls/FT 23/Bioptigen/Baseline/OD/23-FT_OD_V_3X3_0_REGAVG0000028.BMP,FT23,FT23_OD,OD,2,Young Female,Controls,0,90.0,90.0,0.0,Female,REGAVG,Right Eye,baseline,14.0,Baseline,day_0,90.0,2
data/Cohort_2/Day 14/Controls/FT 23/Bioptigen/Baseline/OS/23-FT_OS_L_3_0_BScanThumb_0000055.BMP,FT23,FT23_OS,OS,2,Young Female,Controls,0,90.0,90.0,0.0,Female,BScanThumb,Right Eye,baseline,14.0,Baseline,day_0,90.0,2
data/Cohort_2/Day 14/Controls/FT 23/Bioptigen/Baseline/OS/23-FT_OS_L_3_0_BScanThumb_0000062.BMP,FT23,FT23_OS,OS,2,Young Female,Controls,0,90.0,90.0,0.0,Female,BScanThumb,Right Eye,baseline,14.0,Baseline,day_0,90.0,2
data/Cohort_2/Day 14/Controls/FT 23/Bioptigen/Baseline/OS/23-FT_OS_R_3_0_BScanThumb_0000047.BMP,FT23,FT23_OS,OS,2,Young Female,Controls,0,90.0,90.0,0.0,Female,BScanThumb,Right Eye,baseline,14.0,Baseline,day_0,90.0,2
data/Cohort_2/Day 14/Controls/FT 23/Bioptigen/Baseline/OS/23-FT_OS_V_1x1_0_BScanThumb_0000065.BMP,FT23,FT23_OS,OS,2,Young Female,Controls,0,90.0,90.0,0.0,Female,BScanThumb,Right Eye,baseline,14.0,Baseline,day_0,90.0,2
data/Cohort_2/Day 14/Controls/FT 23/Bioptigen/Baseline/OS/23-FT_OS_V_3x3_0_BScanThumb_0000043.BMP,FT23,FT23_OS,OS,2,Young Female,Controls,0,90.0,90.0,0.0,Female,BScanThumb,Right Eye,baseline,14.0,Baseline,day_0,90.0,2
data/Cohort_2/Day 14/Controls/FT 23/Bioptigen/Baseline/OS/23-FT_OS_V_3x3_0_BScanThumb_0000051.BMP,FT23,FT23_OS,OS,2,Young Female,Controls,0,90.0,90.0,0.0,Female,BScanThumb,Right Eye,baseline,14.0,Baseline,day_0,90.0,2
data/Cohort_2/Day 14/Controls/FT 23/Bioptigen/Baseline/OS/23-FT_OS_V_3x3_0_BScanThumb_0000058.BMP,FT23,FT23_OS,OS,2,Young Female,Controls,0,90.0,90.0,0.0,Female,BScanThumb,Right Eye,baseline,14.0,Baseline,day_0,90.0,2
data/Cohort_2/Day 14/Controls/FT 23/Bioptigen/Baseline/OS/23-FT_OS_V_3x3_0_BScanThumb_0000069.BMP,FT23,FT23_OS,OS,2,Young Female,Controls,0,90.0,90.0,0.0,Female,BScanThumb,Right Eye,baseline,14.0,Baseline,day_0,90.0,2
data/Cohort_2/Day 14/Controls/FT 23/Bioptigen/Baseline/OS/23-FT_OS_L_3_0_REGAVG0000056.BMP,FT23,FT23_OS,OS,2,Young Female,Controls,0,90.0,90.0,0.0,Female,REGAVG,Right Eye,baseline,14.0,Baseline,day_0,90.0,2
data/Cohort_2/Day 14/Controls/FT 23/Bioptigen/Baseline/OS/23-FT_OS_L_3_0_REGAVG0000063.BMP,FT23,FT23_OS,OS,2,Young Female,Controls,0,90.0,90.0,0.0,Female,REGAVG,Right Eye,baseline,14.0,Baseline,day_0,90.0,2
data/Cohort_2/Day 14/Controls/FT 23/Bioptigen/Baseline/OS/23-FT_OS_V_1X1_0_REGAVG0000066.BMP,FT23,FT23_OS,OS,2,Young Female,Controls,0,90.0,90.0,0.0,Female,REGAVG,Right Eye,baseline,14.0,Baseline,day_0,90.0,2
data/Cohort_2/Day 14/Controls/FT 23/Bioptigen/Baseline/OS/23-FT_OS_V_3X3_0_REGAVG0000070.BMP,FT23,FT23_OS,OS,2,Young Female,Controls,0,90.0,90.0,0.0,Female,REGAVG,Right Eye,baseline,14.0,Baseline,day_0,90.0,2
data/Cohort_2/Day 14/Controls/FT 25/Bioptigen/Baseline/OD/25-FT_OD_L_3_0_BScanThumb_0000021.BMP,FT25,FT25_OD,OD,2,Young Female,Controls,0,90.0,90.0,0.0,Female,BScanThumb,Right Eye,baseline,14.0,Baseline,day_0,90.0,0
data/Cohort_2/Day 14/Controls/FT 25/Bioptigen/Baseline/OD/25-FT_OD_L_3_0_BScanThumb_0000024.BMP,FT25,FT25_OD,OD,2,Young Female,Controls,0,90.0,90.0,0.0,Female,BScanThumb,Right Eye,baseline,14.0,Baseline,day_0,90.0,0
data/Cohort_2/Day 14/Controls/FT 25/Bioptigen/Baseline/OD/25-FT_OD_R_3_0_BScanThumb_0000009.BMP,FT25,FT25_OD,OD,2,Young Female,Controls,0,90.0,90.0,0.0,Female,BScanThumb,Right Eye,baseline,14.0,Baseline,day_0,90.0,0
data/Cohort_2/Day 14/Controls/FT 25/Bioptigen/Baseline/OD/25-FT_OD_V_1x1_0_BScanThumb_0000017.BMP,FT25,FT25_OD,OD,2,Young Female,Controls,0,90.0,90.0,0.0,Female,BScanThumb,Right Eye,baseline,14.0,Baseline,day_0,90.0,0
data/Cohort_2/Day 14/Controls/FT 25/Bioptigen/Baseline/OD/25-FT_OD_V_3x3_0_BScanThumb_0000001.BMP,FT25,FT25_OD,OD,2,Young Female,Controls,0,90.0,90.0,0.0,Female,BScanThumb,Right Eye,baseline,14.0,Baseline,day_0,90.0,0
data/Cohort_2/Day 14/Controls/FT 25/Bioptigen/Baseline/OD/25-FT_OD_V_3x3_0_BScanThumb_0000005.BMP,FT25,FT25_OD,OD,2,Young Female,Controls,0,90.0,90.0,0.0,Female,BScanThumb,Right Eye,baseline,14.0,Baseline,day_0,90.0,0
data/Cohort_2/Day 14/Controls/FT 25/Bioptigen/Baseline/OD/25-FT_OD_V_3x3_0_BScanThumb_0000013.BMP,FT25,FT25_OD,OD,2,Young Female,Controls,0,90.0,90.0,0.0,Female,BScanThumb,Right Eye,baseline,14.0,Baseline,day_0,90.0,0
data/Cohort_2/Day 14/Controls/FT 25/Bioptigen/Baseline/OD/25-FT_OD_V_3x3_0_BScanThumb_0000027.BMP,FT25,FT25_OD,OD,2,Young Female,Controls,0,90.0,90.0,0.0,Female,BScanThumb,Right Eye,baseline,14.0,Baseline,day_0,90.0,0
data/Cohort_2/Day 14/Controls/FT 25/Bioptigen/Baseline/OD/25-FT_OD_L_3_0_REGAVG0000022.BMP,FT25,FT25_OD,OD,2,Young Female,Controls,0,90.0,90.0,0.0,Female,REGAVG,Right Eye,baseline,14.0,Baseline,day_0,90.0,0
data/Cohort_2/Day 14/Controls/FT 25/Bioptigen/Baseline/OD/25-FT_OD_L_3_0_REGAVG0000025.BMP,FT25,FT25_OD,OD,2,Young Female,Controls,0,90.0,90.0,0.0,Female,REGAVG,Right Eye,baseline,14.0,Baseline,day_0,90.0,0
data/Cohort_2/Day 14/Controls/FT 25/Bioptigen/Baseline/OD/25-FT_OD_V_1X1_0_REGAVG0000018.BMP,FT25,FT25_OD,OD,2,Young Female,Controls,0,90.0,90.0,0.0,Female,REGAVG,Right Eye,baseline,14.0,Baseline,day_0,90.0,0
data/Cohort_2/Day 14/Controls/FT 25/Bioptigen/Baseline/OD/25-FT_OD_V_3X3_0_REGAVG0000028.BMP,FT25,FT25_OD,OD,2,Young Female,Controls,0,90.0,90.0,0.0,Female,REGAVG,Right Eye,baseline,14.0,Baseline,day_0,90.0,0
data/Cohort_2/Day 14/Controls/FT 25/Bioptigen/Baseline/OS/25-FT_OS_L_3_0_BScanThumb_0000055.BMP,FT25,FT25_OS,OS,2,Young Female,Controls,0,90.0,90.0,0.0,Female,BScanThumb,Right Eye,baseline,14.0,Baseline,day_0,90.0,0
data/Cohort_2/Day 14/Controls/FT 25/Bioptigen/Baseline/OS/25-FT_OS_L_3_0_BScanThumb_0000062.BMP,FT25,FT25_OS,OS,2,Young Female,Controls,0,90.0,90.0,0.0,Female,BScanThumb,Right Eye,baseline,14.0,Baseline,day_0,90.0,0
data/Cohort_2/Day 14/Controls/FT 25/Bioptigen/Baseline/OS/25-FT_OS_R_3_0_BScanThumb_0000047.BMP,FT25,FT25_OS,OS,2,Young Female,Controls,0,90.0,90.0,0.0,Female,BScanThumb,Right Eye,baseline,14.0,Baseline,day_0,90.0,0
data/Cohort_2/Day 14/Controls/FT 25/Bioptigen/Baseline/OS/25-FT_OS_V_1x1_0_BScanThumb_0000065.BMP,FT25,FT25_OS,OS,2,Young Female,Controls,0,90.0,90.0,0.0,Female,BScanThumb,Right Eye,baseline,14.0,Baseline,day_0,90.0,0
data/Cohort_2/Day 14/Controls/FT 25/Bioptigen/Baseline/OS/25-FT_OS_V_3x3_0_BScanThumb_0000043.BMP,FT25,FT25_OS,OS,2,Young Female,Controls,0,90.0,90.0,0.0,Female,BScanThumb,Right Eye,baseline,14.0,Baseline,day_0,90.0,0
data/Cohort_2/Day 14/Controls/FT 25/Bioptigen/Baseline/OS/25-FT_OS_V_3x3_0_BScanThumb_0000051.BMP,FT25,FT25_OS,OS,2,Young Female,Controls,0,90.0,90.0,0.0,Female,BScanThumb,Right Eye,baseline,14.0,Baseline,day_0,90.0,0
data/Cohort_2/Day 14/Controls/FT 25/Bioptigen/Baseline/OS/25-FT_OS_V_3x3_0_BScanThumb_0000058.BMP,FT25,FT25_OS,OS,2,Young Female,Controls,0,90.0,90.0,0.0,Female,BScanThumb,Right Eye,baseline,14.0,Baseline,day_0,90.0,0
data/Cohort_2/Day 14/Controls/FT 25/Bioptigen/Baseline/OS/25-FT_OS_V_3x3_0_BScanThumb_0000069.BMP,FT25,FT25_OS,OS,2,Young Female,Controls,0,90.0,90.0,0.0,Female,BScanThumb,Right Eye,baseline,14.0,Baseline,day_0,90.0,0
data/Cohort_2/Day 14/Controls/FT 25/Bioptigen/Baseline/OS/25-FT_OS_L_3_0_REGAVG0000056.BMP,FT25,FT25_OS,OS,2,Young Female,Controls,0,90.0,90.0,0.0,Female,REGAVG,Right Eye,baseline,14.0,Baseline,day_0,90.0,0
data/Cohort_2/Day 14/Controls/FT 25/Bioptigen/Baseline/OS/25-FT_OS_L_3_0_REGAVG0000063.BMP,FT25,FT25_OS,OS,2,Young Female,Controls,0,90.0,90.0,0.0,Female,REGAVG,Right Eye,baseline,14.0,Baseline,day_0,90.0,0
data/Cohort_2/Day 14/Controls/FT 25/Bioptigen/Baseline/OS/25-FT_OS_V_1X1_0_REGAVG0000066.BMP,FT25,FT25_OS,OS,2,Young Female,Controls,0,90.0,90.0,0.0,Female,REGAVG,Right Eye,baseline,14.0,Baseline,day_0,90.0,0
data/Cohort_2/Day 7/Controls/FT 28/Bioptigen/Baseline/OD/28-FT_OD_L_3_0_BScanThumb_0000021.BMP,FT28,FT28_OD,OD,2,Young Female,Controls,0,90.0,90.0,0.0,Female,BScanThumb,Right Eye,baseline,7.0,Baseline,day_0,90.0,1
data/Cohort_2/Day 7/Controls/FT 28/Bioptigen/Baseline/OD/28-FT_OD_L_3_0_BScanThumb_0000024.BMP,FT28,FT28_OD,OD,2,Young Female,Controls,0,90.0,90.0,0.0,Female,BScanThumb,Right Eye,baseline,7.0,Baseline,day_0,90.0,1
data/Cohort_2/Day 7/Controls/FT 28/Bioptigen/Baseline/OD/28-FT_OD_R_3_0_BScanThumb_0000009.BMP,FT28,FT28_OD,OD,2,Young Female,Controls,0,90.0,90.0,0.0,Female,BScanThumb,Right Eye,baseline,7.0,Baseline,day_0,90.0,1
data/Cohort_2/Day 7/Controls/FT 28/Bioptigen/Baseline/OD/28-FT_OD_V_1x1_0_BScanThumb_0000017.BMP,FT28,FT28_OD,OD,2,Young Female,Controls,0,90.0,90.0,0.0,Female,BScanThumb,Right Eye,baseline,7.0,Baseline,day_0,90.0,1
data/Cohort_2/Day 7/Controls/FT 28/Bioptigen/Baseline/OD/28-FT_OD_V_3x3_0_BScanThumb_0000001.BMP,FT28,FT28_OD,OD,2,Young Female,Controls,0,90.0,90.0,0.0,Female,BScanThumb,Right Eye,baseline,7.0,Baseline,day_0,90.0,1
data/Cohort_2/Day 7/Controls/FT 28/Bioptigen/Baseline/OD/28-FT_OD_V_3x3_0_BScanThumb_0000005.BMP,FT28,FT28_OD,OD,2,Young Female,Controls,0,90.0,90.0,0.0,Female,BScanThumb,Right Eye,baseline,7.0,Baseline,day_0,90.0,1
data/Cohort_2/Day 7/Controls/FT 28/Bioptigen/Baseline/OD/28-FT_OD_V_3x3_0_BScanThumb_0000013.BMP,FT28,FT28_OD,OD,2,Young Female,Controls,0,90.0,90.0,0.0,Female,BScanThumb,Right Eye,baseline,7.0,Baseline,day_0,90.0,1
data/Cohort_2/Day 7/Controls/FT 28/Bioptigen/Baseline/OD/28-FT_OD_V_3x3_0_BScanThumb_0000027.BMP,FT28,FT28_OD,OD,2,Young Female,Controls,0,90.0,90.0,0.0,Female,BScanThumb,Right Eye,baseline,7.0,Baseline,day_0,90.0,1
data/Cohort_2/Day 7/Controls/FT 28/Bioptigen/Baseline/OD/28-FT_OD_L_3_0_REGAVG0000022.BMP,FT28,FT28_OD,OD,2,Young Female,Controls,0,90.0,90.0,0.0,Female,REGAVG,Right Eye,baseline,7.0,Baseline,day_0,90.0,1
data/Cohort_2/Day 7/Controls/FT 28/Bioptigen/Baseline/OD/28-FT_OD_L_3_0_REGAVG0000025.BMP,FT28,FT28_OD,OD,2,Young Female,Controls,0,90.0,90.0,0.0,Female,REGAVG,Right Eye,baseline,7.0,Baseline,day_0,90.0,1
data/Cohort_2/Day 7/Controls/FT 28/Bioptigen/Baseline/OD/28-FT_OD_V_1X1_0_REGAVG0000018.BMP,FT28,FT28_OD,OD,2,Young Female,Controls,0,90.0,90.0,0.0,Female,REGAVG,Right Eye,baseline,7.0,Baseline,day_0,90.0,1
data/Cohort_2/Day 7/Controls/FT 28/Bioptigen/Baseline/OD/28-FT_OD_V_3X3_0_REGAVG0000028.BMP,FT28,FT28_OD,OD,2,Young Female,Controls,0,90.0,90.0,0.0,Female,REGAVG,Right Eye,baseline,7.0,Baseline,day_0,90.0,1
data/Cohort_2/Day 7/Controls/FT 28/Bioptigen/Baseline/OS/28-FT_OS_L_3_0_BScanThumb_0000055.BMP,FT28,FT28_OS,OS,2,Young Female,Controls,0,90.0,90.0,0.0,Female,BScanThumb,Right Eye,baseline,7.0,Baseline,day_0,90.0,1
data/Cohort_2/Day 7/Controls/FT 28/Bioptigen/Baseline/OS/28-FT_OS_L_3_0_BScanThumb_0000062.BMP,FT28,FT28_OS,OS,2,Young Female,Controls,0,90.0,90.0,0.0,Female,BScanThumb,Right Eye,baseline,7.0,Baseline,day_0,90.0,1
data/Cohort_2/Day 7/Controls/FT 28/Bioptigen/Baseline/OS/28-FT_OS_R_3_0_BScanThumb_0000047.BMP,FT28,FT28_OS,OS,2,Young Female,Controls,0,90.0,90.0,0.0,Female,BScanThumb,Right Eye,baseline,7.0,Baseline,day_0,90.0,1
data/Cohort_2/Day 7/Controls/FT 28/Bioptigen/Baseline/OS/28-FT_OS_V_1x1_0_BScanThumb_0000065.BMP,FT28,FT28_OS,OS,2,Young Female,Controls,0,90.0,90.0,0.0,Female,BScanThumb,Right Eye,baseline,7.0,Baseline,day_0,90.0,1
data/Cohort_2/Day 7/Controls/FT 28/Bioptigen/Baseline/OS/28-FT_OS_V_3x3_0_BScanThumb_0000043.BMP,FT28,FT28_OS,OS,2,Young Female,Controls,0,90.0,90.0,0.0,Female,BScanThumb,Right Eye,baseline,7.0,Baseline,day_0,90.0,1
data/Cohort_2/Day 7/Controls/FT 28/Bioptigen/Baseline/OS/28-FT_OS_V_3x3_0_BScanThumb_0000051.BMP,FT28,FT28_OS,OS,2,Young Female,Controls,0,90.0,90.0,0.0,Female,BScanThumb,Right Eye,baseline,7.0,Baseline,day_0,90.0,1
data/Cohort_2/Day 7/Controls/FT 28/Bioptigen/Baseline/OS/28-FT_OS_V_3x3_0_BScanThumb_0000058.BMP,FT28,FT28_OS,OS,2,Young Female,Controls,0,90.0,90.0,0.0,Female,BScanThumb,Right Eye,baseline,7.0,Baseline,day_0,90.0,1
data/Cohort_2/Day 7/Controls/FT 28/Bioptigen/Baseline/OS/28-FT_OS_V_3x3_0_BScanThumb_0000069.BMP,FT28,FT28_OS,OS,2,Young Female,Controls,0,90.0,90.0,0.0,Female,BScanThumb,Right Eye,baseline,7.0,Baseline,day_0,90.0,1
data/Cohort_2/Day 7/Controls/FT 28/Bioptigen/Baseline/OS/28-FT_OS_L_3_0_REGAVG0000056.BMP,FT28,FT28_OS,OS,2,Young Female,Controls,0,90.0,90.0,0.0,Female,REGAVG,Right Eye,baseline,7.0,Baseline,day_0,90.0,1
data/Cohort_2/Day 7/Controls/FT 28/Bioptigen/Baseline/OS/28-FT_OS_L_3_0_REGAVG0000063.BMP,FT28,FT28_OS,OS,2,Young Female,Controls,0,90.0,90.0,0.0,Female,REGAVG,Right Eye,baseline,7.0,Baseline,day_0,90.0,1
data/Cohort_2/Day 7/Controls/FT 28/Bioptigen/Baseline/OS/28-FT_OS_V_1X1_0_REGAVG0000066.BMP,FT28,FT28_OS,OS,2,Young Female,Controls,0,90.0,90.0,0.0,Female,REGAVG,Right Eye,baseline,7.0,Baseline,day_0,90.0,1
data/Cohort_2/Day 7/Controls/FT 28/Bioptigen/Baseline/OS/28-FT_OS_V_3X3_0_REGAVG0000070.BMP,FT28,FT28_OS,OS,2,Young Female,Controls,0,90.0,90.0,0.0,Female,REGAVG,Right Eye,baseline,7.0,Baseline,day_0,90.0,1
data/Cohort_2/Day 28/Controls/FT 3/Bioptigen/Baseline/OD/3-FT_OD_L_3_0_BScanThumb_0000025.BMP,FT3,FT3_OD,OD,2,Young Female,Controls,0,90.0,90.0,0.0,Female,BScanThumb,Right Eye,baseline,28.0,Baseline,day_0,90.0,2
data/Cohort_2/Day 28/Controls/FT 3/Bioptigen/Baseline/OD/3-FT_OD_L_3_0_BScanThumb_0000028.BMP,FT3,FT3_OD,OD,2,Young Female,Controls,0,90.0,90.0,0.0,Female,BScanThumb,Right Eye,baseline,28.0,Baseline,day_0,90.0,2
data/Cohort_2/Day 28/Controls/FT 3/Bioptigen/Baseline/OD/3-FT_OD_R_3_0_BScanThumb_0000013.BMP,FT3,FT3_OD,OD,2,Young Female,Controls,0,90.0,90.0,0.0,Female,BScanThumb,Right Eye,baseline,28.0,Baseline,day_0,90.0,2
data/Cohort_2/Day 28/Controls/FT 3/Bioptigen/Baseline/OD/3-FT_OD_V_1x1_0_BScanThumb_0000021.BMP,FT3,FT3_OD,OD,2,Young Female,Controls,0,90.0,90.0,0.0,Female,BScanThumb,Right Eye,baseline,28.0,Baseline,day_0,90.0,2
data/Cohort_2/Day 28/Controls/FT 3/Bioptigen/Baseline/OD/3-FT_OD_V_3x3_0_BScanThumb_0000001.BMP,FT3,FT3_OD,OD,2,Young Female,Controls,0,90.0,90.0,0.0,Female,BScanThumb,Right Eye,baseline,28.0,Baseline,day_0,90.0,2
data/Cohort_2/Day 28/Controls/FT 3/Bioptigen/Baseline/OD/3-FT_OD_V_3x3_0_BScanThumb_0000005.BMP,FT3,FT3_OD,OD,2,Young Female,Controls,0,90.0,90.0,0.0,Female,BScanThumb,Right Eye,baseline,28.0,Baseline,day_0,90.0,2
data/Cohort_2/Day 28/Controls/FT 3/Bioptigen/Baseline/OD/3-FT_OD_V_3x3_0_BScanThumb_0000009.BMP,FT3,FT3_OD,OD,2,Young Female,Controls,0,90.0,90.0,0.0,Female,BScanThumb,Right Eye,baseline,28.0,Baseline,day_0,90.0,2
data/Cohort_2/Day 28/Controls/FT 3/Bioptigen/Baseline/OD/3-FT_OD_V_3x3_0_BScanThumb_0000017.BMP,FT3,FT3_OD,OD,2,Young Female,Controls,0,90.0,90.0,0.0,Female,BScanThumb,Right Eye,baseline,28.0,Baseline,day_0,90.0,2
data/Cohort_2/Day 28/Controls/FT 3/Bioptigen/Baseline/OD/3-FT_OD_V_3x3_0_BScanThumb_0000031.BMP,FT3,FT3_OD,OD,2,Young Female,Controls,0,90.0,90.0,0.0,Female,BScanThumb,Right Eye,baseline,28.0,Baseline,day_0,90.0,2
data/Cohort_2/Day 28/Controls/FT 3/Bioptigen/Baseline/OD/3-FT_OD_L_3_0_REGAVG0000026.BMP,FT3,FT3_OD,OD,2,Young Female,Controls,0,90.0,90.0,0.0,Female,REGAVG,Right Eye,baseline,28.0,Baseline,day_0,90.0,2
data/Cohort_2/Day 28/Controls/FT 3/Bioptigen/Baseline/OD/3-FT_OD_L_3_0_REGAVG0000029.BMP,FT3,FT3_OD,OD,2,Young Female,Controls,0,90.0,90.0,0.0,Female,REGAVG,Right Eye,baseline,28.0,Baseline,day_0,90.0,2
data/Cohort_2/Day 28/Controls/FT 3/Bioptigen/Baseline/OD/3-FT_OD_V_1X1_0_REGAVG0000022.BMP,FT3,FT3_OD,OD,2,Young Female,Controls,0,90.0,90.0,0.0,Female,REGAVG,Right Eye,baseline,28.0,Baseline,day_0,90.0,2
data/Cohort_2/Day 28/Controls/FT 3/Bioptigen/Baseline/OD/3-FT_OD_V_3X3_0_REGAVG0000032.BMP,FT3,FT3_OD,OD,2,Young Female,Controls,0,90.0,90.0,0.0,Female,REGAVG,Right Eye,baseline,28.0,Baseline,day_0,90.0,2
data/Cohort_2/Day 28/Controls/FT 3/Bioptigen/Baseline/OS/3-FT_OS_L_3_0_BScanThumb_0000059.BMP,FT3,FT3_OS,OS,2,Young Female,Controls,0,90.0,90.0,0.0,Female,BScanThumb,Right Eye,baseline,28.0,Baseline,day_0,90.0,2
data/Cohort_2/Day 28/Controls/FT 3/Bioptigen/Baseline/OS/3-FT_OS_L_3_0_BScanThumb_0000066.BMP,FT3,FT3_OS,OS,2,Young Female,Controls,0,90.0,90.0,0.0,Female,BScanThumb,Right Eye,baseline,28.0,Baseline,day_0,90.0,2
data/Cohort_2/Day 28/Controls/FT 3/Bioptigen/Baseline/OS/3-FT_OS_R_3_0_BScanThumb_0000051.BMP,FT3,FT3_OS,OS,2,Young Female,Controls,0,90.0,90.0,0.0,Female,BScanThumb,Right Eye,baseline,28.0,Baseline,day_0,90.0,2
data/Cohort_2/Day 28/Controls/FT 3/Bioptigen/Baseline/OS/3-FT_OS_V_1x1_0_BScanThumb_0000069.BMP,FT3,FT3_OS,OS,2,Young Female,Controls,0,90.0,90.0,0.0,Female,BScanThumb,Right Eye,baseline,28.0,Baseline,day_0,90.0,2
data/Cohort_2/Day 28/Controls/FT 3/Bioptigen/Baseline/OS/3-FT_OS_V_3x3_0_BScanThumb_0000047.BMP,FT3,FT3_OS,OS,2,Young Female,Controls,0,90.0,90.0,0.0,Female,BScanThumb,Right Eye,baseline,28.0,Baseline,day_0,90.0,2
data/Cohort_2/Day 28/Controls/FT 3/Bioptigen/Baseline/OS/3-FT_OS_V_3x3_0_BScanThumb_0000055.BMP,FT3,FT3_OS,OS,2,Young Female,Controls,0,90.0,90.0,0.0,Female,BScanThumb,Right Eye,baseline,28.0,Baseline,day_0,90.0,2
data/Cohort_2/Day 28/Controls/FT 3/Bioptigen/Baseline/OS/3-FT_OS_V_3x3_0_BScanThumb_0000062.BMP,FT3,FT3_OS,OS,2,Young Female,Controls,0,90.0,90.0,0.0,Female,BScanThumb,Right Eye,baseline,28.0,Baseline,day_0,90.0,2
data/Cohort_2/Day 28/Controls/FT 3/Bioptigen/Baseline/OS/3-FT_OS_V_3x3_0_BScanThumb_0000073.BMP,FT3,FT3_OS,OS,2,Young Female,Controls,0,90.0,90.0,0.0,Female,BScanThumb,Right Eye,baseline,28.0,Baseline,day_0,90.0,2
data/Cohort_2/Day 28/Controls/FT 3/Bioptigen/Baseline/OS/3-FT_OS_L_3_0_REGAVG0000060.BMP,FT3,FT3_OS,OS,2,Young Female,Controls,0,90.0,90.0,0.0,Female,REGAVG,Right Eye,baseline,28.0,Baseline,day_0,90.0,2
data/Cohort_2/Day 28/Controls/FT 3/Bioptigen/Baseline/OS/3-FT_OS_L_3_0_REGAVG0000067.BMP,FT3,FT3_OS,OS,2,Young Female,Controls,0,90.0,90.0,0.0,Female,REGAVG,Right Eye,baseline,28.0,Baseline,day_0,90.0,2
data/Cohort_2/Day 28/Controls/FT 3/Bioptigen/Baseline/OS/3-FT_OS_V_1X1_0_REGAVG0000070.BMP,FT3,FT3_OS,OS,2,Young Female,Controls,0,90.0,90.0,0.0,Female,REGAVG,Right Eye,baseline,28.0,Baseline,day_0,90.0,2
data/Cohort_2/Day 28/Controls/FT 3/Bioptigen/Baseline/OS/3-FT_OS_V_3X3_0_REGAVG0000074.BMP,FT3,FT3_OS,OS,2,Young Female,Controls,0,90.0,90.0,0.0,Female,REGAVG,Right Eye,baseline,28.0,Baseline,day_0,90.0,2
data/Cohort_2/Day 14/Controls/FT 30/Bioptigen/Baseline/OD/30-FT_OD_L_3_0_BScanThumb_0000021.BMP,FT30,FT30_OD,OD,2,Young Female,Controls,0,90.0,90.0,0.0,Female,BScanThumb,Right Eye,baseline,14.0,Baseline,day_0,90.0,0
data/Cohort_2/Day 14/Controls/FT 30/Bioptigen/Baseline/OD/30-FT_OD_L_3_0_BScanThumb_0000024.BMP,FT30,FT30_OD,OD,2,Young Female,Controls,0,90.0,90.0,0.0,Female,BScanThumb,Right Eye,baseline,14.0,Baseline,day_0,90.0,0
data/Cohort_2/Day 14/Controls/FT 30/Bioptigen/Baseline/OD/30-FT_OD_R_3_0_BScanThumb_0000009.BMP,FT30,FT30_OD,OD,2,Young Female,Controls,0,90.0,90.0,0.0,Female,BScanThumb,Right Eye,baseline,14.0,Baseline,day_0,90.0,0
data/Cohort_2/Day 14/Controls/FT 30/Bioptigen/Baseline/OD/30-FT_OD_V_1x1_0_BScanThumb_0000017.BMP,FT30,FT30_OD,OD,2,Young Female,Controls,0,90.0,90.0,0.0,Female,BScanThumb,Right Eye,baseline,14.0,Baseline,day_0,90.0,0
data/Cohort_2/Day 14/Controls/FT 30/Bioptigen/Baseline/OD/30-FT_OD_V_3x3_0_BScanThumb_0000001.BMP,FT30,FT30_OD,OD,2,Young Female,Controls,0,90.0,90.0,0.0,Female,BScanThumb,Right Eye,baseline,14.0,Baseline,day_0,90.0,0
data/Cohort_2/Day 14/Controls/FT 30/Bioptigen/Baseline/OD/30-FT_OD_V_3x3_0_BScanThumb_0000005.BMP,FT30,FT30_OD,OD,2,Young Female,Controls,0,90.0,90.0,0.0,Female,BScanThumb,Right Eye,baseline,14.0,Baseline,day_0,90.0,0
data/Cohort_2/Day 14/Controls/FT 30/Bioptigen/Baseline/OD/30-FT_OD_V_3x3_0_BScanThumb_0000013.BMP,FT30,FT30_OD,OD,2,Young Female,Controls,0,90.0,90.0,0.0,Female,BScanThumb,Right Eye,baseline,14.0,Baseline,day_0,90.0,0
data/Cohort_2/Day 14/Controls/FT 30/Bioptigen/Baseline/OD/30-FT_OD_V_3x3_0_BScanThumb_0000027.BMP,FT30,FT30_OD,OD,2,Young Female,Controls,0,90.0,90.0,0.0,Female,BScanThumb,Right Eye,baseline,14.0,Baseline,day_0,90.0,0
data/Cohort_2/Day 14/Controls/FT 30/Bioptigen/Baseline/OD/30-FT_OD_V_3x3_0_BScanThumb_0000031.BMP,FT30,FT30_OD,OD,2,Young Female,Controls,0,90.0,90.0,0.0,Female,BScanThumb,Right Eye,baseline,14.0,Baseline,day_0,90.0,0
data/Cohort_2/Day 14/Controls/FT 30/Bioptigen/Baseline/OD/30-FT_OD_L_3_0_REGAVG0000022.BMP,FT30,FT30_OD,OD,2,Young Female,Controls,0,90.0,90.0,0.0,Female,REGAVG,Right Eye,baseline,14.0,Baseline,day_0,90.0,0
data/Cohort_2/Day 14/Controls/FT 30/Bioptigen/Baseline/OD/30-FT_OD_L_3_0_REGAVG0000025.BMP,FT30,FT30_OD,OD,2,Young Female,Controls,0,90.0,90.0,0.0,Female,REGAVG,Right Eye,baseline,14.0,Baseline,day_0,90.0,0
data/Cohort_2/Day 14/Controls/FT 30/Bioptigen/Baseline/OD/30-FT_OD_V_1X1_0_REGAVG0000018.BMP,FT30,FT30_OD,OD,2,Young Female,Controls,0,90.0,90.0,0.0,Female,REGAVG,Right Eye,baseline,14.0,Baseline,day_0,90.0,0
data/Cohort_2/Day 14/Controls/FT 30/Bioptigen/Baseline/OD/30-FT_OD_V_3X3_0_REGAVG0000032.BMP,FT30,FT30_OD,OD,2,Young Female,Controls,0,90.0,90.0,0.0,Female,REGAVG,Right Eye,baseline,14.0,Baseline,day_0,90.0,0
data/Cohort_2/Day 14/Controls/FT 30/Bioptigen/Baseline/OS/30-FT_OS_L_3_0_BScanThumb_0000051.BMP,FT30,FT30_OS,OS,2,Young Female,Controls,0,90.0,90.0,0.0,Female,BScanThumb,Right Eye,baseline,14.0,Baseline,day_0,90.0,0
data/Cohort_2/Day 14/Controls/FT 30/Bioptigen/Baseline/OS/30-FT_OS_L_3_0_BScanThumb_0000066.BMP,FT30,FT30_OS,OS,2,Young Female,Controls,0,90.0,90.0,0.0,Female,BScanThumb,Right Eye,baseline,14.0,Baseline,day_0,90.0,0
data/Cohort_2/Day 14/Controls/FT 30/Bioptigen/Baseline/OS/30-FT_OS_R_3_0_BScanThumb_0000054.BMP,FT30,FT30_OS,OS,2,Young Female,Controls,0,90.0,90.0,0.0,Female,BScanThumb,Right Eye,baseline,14.0,Baseline,day_0,90.0,0
data/Cohort_2/Day 14/Controls/FT 30/Bioptigen/Baseline/OS/30-FT_OS_V_1x1_0_BScanThumb_0000077.BMP,FT30,FT30_OS,OS,2,Young Female,Controls,0,90.0,90.0,0.0,Female,BScanThumb,Right Eye,baseline,14.0,Baseline,day_0,90.0,0
data/Cohort_2/Day 14/Controls/FT 30/Bioptigen/Baseline/OS/30-FT_OS_V_3x3_0_BScanThumb_0000047.BMP,FT30,FT30_OS,OS,2,Young Female,Controls,0,90.0,90.0,0.0,Female,BScanThumb,Right Eye,baseline,14.0,Baseline,day_0,90.0,0
data/Cohort_2/Day 14/Controls/FT 30/Bioptigen/Baseline/OS/30-FT_OS_V_3x3_0_BScanThumb_0000058.BMP,FT30,FT30_OS,OS,2,Young Female,Controls,0,90.0,90.0,0.0,Female,BScanThumb,Right Eye,baseline,14.0,Baseline,day_0,90.0,0
data/Cohort_2/Day 14/Controls/FT 30/Bioptigen/Baseline/OS/30-FT_OS_V_3x3_0_BScanThumb_0000062.BMP,FT30,FT30_OS,OS,2,Young Female,Controls,0,90.0,90.0,0.0,Female,BScanThumb,Right Eye,baseline,14.0,Baseline,day_0,90.0,0
data/Cohort_2/Day 14/Controls/FT 30/Bioptigen/Baseline/OS/30-FT_OS_V_3x3_0_BScanThumb_0000069.BMP,FT30,FT30_OS,OS,2,Young Female,Controls,0,90.0,90.0,0.0,Female,BScanThumb,Right Eye,baseline,14.0,Baseline,day_0,90.0,0
data/Cohort_2/Day 14/Controls/FT 30/Bioptigen/Baseline/OS/30-FT_OS_V_3x3_0_BScanThumb_0000073.BMP,FT30,FT30_OS,OS,2,Young Female,Controls,0,90.0,90.0,0.0,Female,BScanThumb,Right Eye,baseline,14.0,Baseline,day_0,90.0,0
data/Cohort_2/Day 14/Controls/FT 30/Bioptigen/Baseline/OS/30-FT_OS_L_3_0_REGAVG0000052.BMP,FT30,FT30_OS,OS,2,Young Female,Controls,0,90.0,90.0,0.0,Female,REGAVG,Right Eye,baseline,14.0,Baseline,day_0,90.0,0
data/Cohort_2/Day 14/Controls/FT 30/Bioptigen/Baseline/OS/30-FT_OS_L_3_0_REGAVG0000067.BMP,FT30,FT30_OS,OS,2,Young Female,Controls,0,90.0,90.0,0.0,Female,REGAVG,Right Eye,baseline,14.0,Baseline,day_0,90.0,0
data/Cohort_2/Day 14/Controls/FT 30/Bioptigen/Baseline/OS/30-FT_OS_V_1X1_0_REGAVG0000078.BMP,FT30,FT30_OS,OS,2,Young Female,Controls,0,90.0,90.0,0.0,Female,REGAVG,Right Eye,baseline,14.0,Baseline,day_0,90.0,0
data/Cohort_2/Day 7/Controls/FT 31/Bioptigen/Baseline/OD/31-FT_OD_L_3_0_BScanThumb_0000021.BMP,FT31,FT31_OD,OD,2,Young Female,Controls,0,90.0,90.0,0.0,Female,BScanThumb,Right Eye,baseline,7.0,Baseline,day_0,90.0,1
data/Cohort_2/Day 7/Controls/FT 31/Bioptigen/Baseline/OD/31-FT_OD_L_3_0_BScanThumb_0000024.BMP,FT31,FT31_OD,OD,2,Young Female,Controls,0,90.0,90.0,0.0,Female,BScanThumb,Right Eye,baseline,7.0,Baseline,day_0,90.0,1
data/Cohort_2/Day 7/Controls/FT 31/Bioptigen/Baseline/OD/31-FT_OD_R_3_0_BScanThumb_0000009.BMP,FT31,FT31_OD,OD,2,Young Female,Controls,0,90.0,90.0,0.0,Female,BScanThumb,Right Eye,baseline,7.0,Baseline,day_0,90.0,1
data/Cohort_2/Day 7/Controls/FT 31/Bioptigen/Baseline/OD/31-FT_OD_V_1x1_0_BScanThumb_0000017.BMP,FT31,FT31_OD,OD,2,Young Female,Controls,0,90.0,90.0,0.0,Female,BScanThumb,Right Eye,baseline,7.0,Baseline,day_0,90.0,1
data/Cohort_2/Day 7/Controls/FT 31/Bioptigen/Baseline/OD/31-FT_OD_V_3x3_0_BScanThumb_0000001.BMP,FT31,FT31_OD,OD,2,Young Female,Controls,0,90.0,90.0,0.0,Female,BScanThumb,Right Eye,baseline,7.0,Baseline,day_0,90.0,1
data/Cohort_2/Day 7/Controls/FT 31/Bioptigen/Baseline/OD/31-FT_OD_V_3x3_0_BScanThumb_0000005.BMP,FT31,FT31_OD,OD,2,Young Female,Controls,0,90.0,90.0,0.0,Female,BScanThumb,Right Eye,baseline,7.0,Baseline,day_0,90.0,1
data/Cohort_2/Day 7/Controls/FT 31/Bioptigen/Baseline/OD/31-FT_OD_V_3x3_0_BScanThumb_0000013.BMP,FT31,FT31_OD,OD,2,Young Female,Controls,0,90.0,90.0,0.0,Female,BScanThumb,Right Eye,baseline,7.0,Baseline,day_0,90.0,1
data/Cohort_2/Day 7/Controls/FT 31/Bioptigen/Baseline/OD/31-FT_OD_V_3x3_0_BScanThumb_0000027.BMP,FT31,FT31_OD,OD,2,Young Female,Controls,0,90.0,90.0,0.0,Female,BScanThumb,Right Eye,baseline,7.0,Baseline,day_0,90.0,1
data/Cohort_2/Day 7/Controls/FT 31/Bioptigen/Baseline/OD/31-FT_OD_L_3_0_REGAVG0000022.BMP,FT31,FT31_OD,OD,2,Young Female,Controls,0,90.0,90.0,0.0,Female,REGAVG,Right Eye,baseline,7.0,Baseline,day_0,90.0,1
data/Cohort_2/Day 7/Controls/FT 31/Bioptigen/Baseline/OD/31-FT_OD_L_3_0_REGAVG0000025.BMP,FT31,FT31_OD,OD,2,Young Female,Controls,0,90.0,90.0,0.0,Female,REGAVG,Right Eye,baseline,7.0,Baseline,day_0,90.0,1
data/Cohort_2/Day 7/Controls/FT 31/Bioptigen/Baseline/OD/31-FT_OD_V_1X1_0_REGAVG0000018.BMP,FT31,FT31_OD,OD,2,Young Female,Controls,0,90.0,90.0,0.0,Female,REGAVG,Right Eye,baseline,7.0,Baseline,day_0,90.0,1
data/Cohort_2/Day 7/Controls/FT 31/Bioptigen/Baseline/OD/31-FT_OD_V_3X3_0_REGAVG0000028.BMP,FT31,FT31_OD,OD,2,Young Female,Controls,0,90.0,90.0,0.0,Female,REGAVG,Right Eye,baseline,7.0,Baseline,day_0,90.0,1
data/Cohort_2/Day 7/Controls/FT 31/Bioptigen/Baseline/OS/31-FT_OS_L_3_0_BScanThumb_0000051.BMP,FT31,FT31_OS,OS,2,Young Female,Controls,0,90.0,90.0,0.0,Female,BScanThumb,Right Eye,baseline,7.0,Baseline,day_0,90.0,1
data/Cohort_2/Day 7/Controls/FT 31/Bioptigen/Baseline/OS/31-FT_OS_L_3_0_BScanThumb_0000066.BMP,FT31,FT31_OS,OS,2,Young Female,Controls,0,90.0,90.0,0.0,Female,BScanThumb,Right Eye,baseline,7.0,Baseline,day_0,90.0,1
data/Cohort_2/Day 7/Controls/FT 31/Bioptigen/Baseline/OS/31-FT_OS_R_3_0_BScanThumb_0000054.BMP,FT31,FT31_OS,OS,2,Young Female,Controls,0,90.0,90.0,0.0,Female,BScanThumb,Right Eye,baseline,7.0,Baseline,day_0,90.0,1
data/Cohort_2/Day 7/Controls/FT 31/Bioptigen/Baseline/OS/31-FT_OS_V_1x1_0_BScanThumb_0000047.BMP,FT31,FT31_OS,OS,2,Young Female,Controls,0,90.0,90.0,0.0,Female,BScanThumb,Right Eye,baseline,7.0,Baseline,day_0,90.0,1
data/Cohort_2/Day 7/Controls/FT 31/Bioptigen/Baseline/OS/31-FT_OS_V_3x3_0_BScanThumb_0000043.BMP,FT31,FT31_OS,OS,2,Young Female,Controls,0,90.0,90.0,0.0,Female,BScanThumb,Right Eye,baseline,7.0,Baseline,day_0,90.0,1
data/Cohort_2/Day 7/Controls/FT 31/Bioptigen/Baseline/OS/31-FT_OS_V_3x3_0_BScanThumb_0000058.BMP,FT31,FT31_OS,OS,2,Young Female,Controls,0,90.0,90.0,0.0,Female,BScanThumb,Right Eye,baseline,7.0,Baseline,day_0,90.0,1
data/Cohort_2/Day 7/Controls/FT 31/Bioptigen/Baseline/OS/31-FT_OS_V_3x3_0_BScanThumb_0000062.BMP,FT31,FT31_OS,OS,2,Young Female,Controls,0,90.0,90.0,0.0,Female,BScanThumb,Right Eye,baseline,7.0,Baseline,day_0,90.0,1
data/Cohort_2/Day 7/Controls/FT 31/Bioptigen/Baseline/OS/31-FT_OS_V_3x3_0_BScanThumb_0000069.BMP,FT31,FT31_OS,OS,2,Young Female,Controls,0,90.0,90.0,0.0,Female,BScanThumb,Right Eye,baseline,7.0,Baseline,day_0,90.0,1
data/Cohort_2/Day 7/Controls/FT 31/Bioptigen/Baseline/OS/31-FT_OS_V_3x3_0_BScanThumb_0000073.BMP,FT31,FT31_OS,OS,2,Young Female,Controls,0,90.0,90.0,0.0,Female,BScanThumb,Right Eye,baseline,7.0,Baseline,day_0,90.0,1
data/Cohort_2/Day 7/Controls/FT 31/Bioptigen/Baseline/OS/31-FT_OS_L_3_0_REGAVG0000052.BMP,FT31,FT31_OS,OS,2,Young Female,Controls,0,90.0,90.0,0.0,Female,REGAVG,Right Eye,baseline,7.0,Baseline,day_0,90.0,1
data/Cohort_2/Day 7/Controls/FT 31/Bioptigen/Baseline/OS/31-FT_OS_L_3_0_REGAVG0000067.BMP,FT31,FT31_OS,OS,2,Young Female,Controls,0,90.0,90.0,0.0,Female,REGAVG,Right Eye,baseline,7.0,Baseline,day_0,90.0,1
data/Cohort_2/Day 7/Controls/FT 31/Bioptigen/Baseline/OS/31-FT_OS_V_1X1_0_REGAVG0000048.BMP,FT31,FT31_OS,OS,2,Young Female,Controls,0,90.0,90.0,0.0,Female,REGAVG,Right Eye,baseline,7.0,Baseline,day_0,90.0,1
data/Cohort_2/Day 7/Controls/FT 31/Bioptigen/Baseline/OS/31-FT_OS_V_3X3_0_REGAVG0000070.BMP,FT31,FT31_OS,OS,2,Young Female,Controls,0,90.0,90.0,0.0,Female,REGAVG,Right Eye,baseline,7.0,Baseline,day_0,90.0,1
data/Cohort_2/Day 14/Controls/FT 35/Bioptigen/Baseline/OD/35-FT_OD_L_3_0_BScanThumb_0000021.BMP,FT35,FT35_OD,OD,2,Young Female,Controls,0,90.0,90.0,0.0,Female,BScanThumb,Right Eye,baseline,14.0,Baseline,day_0,90.0,2
data/Cohort_2/Day 14/Controls/FT 35/Bioptigen/Baseline/OD/35-FT_OD_L_3_0_BScanThumb_0000024.BMP,FT35,FT35_OD,OD,2,Young Female,Controls,0,90.0,90.0,0.0,Female,BScanThumb,Right Eye,baseline,14.0,Baseline,day_0,90.0,2
data/Cohort_2/Day 14/Controls/FT 35/Bioptigen/Baseline/OD/35-FT_OD_R_3_0_BScanThumb_0000009.BMP,FT35,FT35_OD,OD,2,Young Female,Controls,0,90.0,90.0,0.0,Female,BScanThumb,Right Eye,baseline,14.0,Baseline,day_0,90.0,2
data/Cohort_2/Day 14/Controls/FT 35/Bioptigen/Baseline/OD/35-FT_OD_V_1x1_0_BScanThumb_0000017.BMP,FT35,FT35_OD,OD,2,Young Female,Controls,0,90.0,90.0,0.0,Female,BScanThumb,Right Eye,baseline,14.0,Baseline,day_0,90.0,2
data/Cohort_2/Day 14/Controls/FT 35/Bioptigen/Baseline/OD/35-FT_OD_V_3x3_0_BScanThumb_0000001.BMP,FT35,FT35_OD,OD,2,Young Female,Controls,0,90.0,90.0,0.0,Female,BScanThumb,Right Eye,baseline,14.0,Baseline,day_0,90.0,2
data/Cohort_2/Day 14/Controls/FT 35/Bioptigen/Baseline/OD/35-FT_OD_V_3x3_0_BScanThumb_0000005.BMP,FT35,FT35_OD,OD,2,Young Female,Controls,0,90.0,90.0,0.0,Female,BScanThumb,Right Eye,baseline,14.0,Baseline,day_0,90.0,2
data/Cohort_2/Day 14/Controls/FT 35/Bioptigen/Baseline/OD/35-FT_OD_V_3x3_0_BScanThumb_0000013.BMP,FT35,FT35_OD,OD,2,Young Female,Controls,0,90.0,90.0,0.0,Female,BScanThumb,Right Eye,baseline,14.0,Baseline,day_0,90.0,2
data/Cohort_2/Day 14/Controls/FT 35/Bioptigen/Baseline/OD/35-FT_OD_V_3x3_0_BScanThumb_0000027.BMP,FT35,FT35_OD,OD,2,Young Female,Controls,0,90.0,90.0,0.0,Female,BScanThumb,Right Eye,baseline,14.0,Baseline,day_0,90.0,2
data/Cohort_2/Day 14/Controls/FT 35/Bioptigen/Baseline/OD/35-FT_OD_L_3_0_REGAVG0000022.BMP,FT35,FT35_OD,OD,2,Young Female,Controls,0,90.0,90.0,0.0,Female,REGAVG,Right Eye,baseline,14.0,Baseline,day_0,90.0,2
data/Cohort_2/Day 14/Controls/FT 35/Bioptigen/Baseline/OD/35-FT_OD_L_3_0_REGAVG0000025.BMP,FT35,FT35_OD,OD,2,Young Female,Controls,0,90.0,90.0,0.0,Female,REGAVG,Right Eye,baseline,14.0,Baseline,day_0,90.0,2
data/Cohort_2/Day 14/Controls/FT 35/Bioptigen/Baseline/OD/35-FT_OD_V_1X1_0_REGAVG0000018.BMP,FT35,FT35_OD,OD,2,Young Female,Controls,0,90.0,90.0,0.0,Female,REGAVG,Right Eye,baseline,14.0,Baseline,day_0,90.0,2
data/Cohort_2/Day 14/Controls/FT 35/Bioptigen/Baseline/OS/35-FT_OS_L_3_0_BScanThumb_0000056.BMP,FT35,FT35_OS,OS,2,Young Female,Controls,0,90.0,90.0,0.0,Female,BScanThumb,Right Eye,baseline,14.0,Baseline,day_0,90.0,2
data/Cohort_2/Day 14/Controls/FT 35/Bioptigen/Baseline/OS/35-FT_OS_L_3_0_BScanThumb_0000063.BMP,FT35,FT35_OS,OS,2,Young Female,Controls,0,90.0,90.0,0.0,Female,BScanThumb,Right Eye,baseline,14.0,Baseline,day_0,90.0,2
data/Cohort_2/Day 14/Controls/FT 35/Bioptigen/Baseline/OS/35-FT_OS_R_3_0_BScanThumb_0000044.BMP,FT35,FT35_OS,OS,2,Young Female,Controls,0,90.0,90.0,0.0,Female,BScanThumb,Right Eye,baseline,14.0,Baseline,day_0,90.0,2
data/Cohort_2/Day 14/Controls/FT 35/Bioptigen/Baseline/OS/35-FT_OS_V_1x1_0_BScanThumb_0000059.BMP,FT35,FT35_OS,OS,2,Young Female,Controls,0,90.0,90.0,0.0,Female,BScanThumb,Right Eye,baseline,14.0,Baseline,day_0,90.0,2
data/Cohort_2/Day 14/Controls/FT 35/Bioptigen/Baseline/OS/35-FT_OS_V_3x3_0_BScanThumb_0000040.BMP,FT35,FT35_OS,OS,2,Young Female,Controls,0,90.0,90.0,0.0,Female,BScanThumb,Right Eye,baseline,14.0,Baseline,day_0,90.0,2
data/Cohort_2/Day 14/Controls/FT 35/Bioptigen/Baseline/OS/35-FT_OS_V_3x3_0_BScanThumb_0000048.BMP,FT35,FT35_OS,OS,2,Young Female,Controls,0,90.0,90.0,0.0,Female,BScanThumb,Right Eye,baseline,14.0,Baseline,day_0,90.0,2
data/Cohort_2/Day 14/Controls/FT 35/Bioptigen/Baseline/OS/35-FT_OS_V_3x3_0_BScanThumb_0000052.BMP,FT35,FT35_OS,OS,2,Young Female,Controls,0,90.0,90.0,0.0,Female,BScanThumb,Right Eye,baseline,14.0,Baseline,day_0,90.0,2
data/Cohort_2/Day 14/Controls/FT 35/Bioptigen/Baseline/OS/35-FT_OS_L_3_0_REGAVG0000057.BMP,FT35,FT35_OS,OS,2,Young Female,Controls,0,90.0,90.0,0.0,Female,REGAVG,Right Eye,baseline,14.0,Baseline,day_0,90.0,2
data/Cohort_2/Day 14/Controls/FT 35/Bioptigen/Baseline/OS/35-FT_OS_L_3_0_REGAVG0000064.BMP,FT35,FT35_OS,OS,2,Young Female,Controls,0,90.0,90.0,0.0,Female,REGAVG,Right Eye,baseline,14.0,Baseline,day_0,90.0,2
data/Cohort_2/Day 14/Controls/FT 35/Bioptigen/Baseline/OS/35-FT_OS_V_1X1_0_REGAVG0000060.BMP,FT35,FT35_OS,OS,2,Young Female,Controls,0,90.0,90.0,0.0,Female,REGAVG,Right Eye,baseline,14.0,Baseline,day_0,90.0,2
data/Cohort_2/Day 180/Controls/FT 45/Bioptigen/BASELINE - 3-13-15/BIOPTIGEN/OD/FT-45_OD_L_2_0_BScanThumb_0000006.BMP,FT45,FT45_OD,OD,2,Young Female,Controls,0,90.0,90.0,0.0,Female,BScanThumb,Right Eye,baseline,180.0,BASELINE - 3-13-15,day_0,90.0,2
data/Cohort_2/Day 180/Controls/FT 45/Bioptigen/BASELINE - 3-13-15/BIOPTIGEN/OD/FT-45_OD_L_2_0_BScanThumb_0000010.BMP,FT45,FT45_OD,OD,2,Young Female,Controls,0,90.0,90.0,0.0,Female,BScanThumb,Right Eye,baseline,180.0,BASELINE - 3-13-15,day_0,90.0,2
data/Cohort_2/Day 180/Controls/FT 45/Bioptigen/BASELINE - 3-13-15/BIOPTIGEN/OD/FT-45_OD_V_3x3_0_BScanThumb_0000001.BMP,FT45,FT45_OD,OD,2,Young Female,Controls,0,90.0,90.0,0.0,Female,BScanThumb,Right Eye,baseline,180.0,BASELINE - 3-13-15,day_0,90.0,2
data/Cohort_2/Day 180/Controls/FT 45/Bioptigen/BASELINE - 3-13-15/BIOPTIGEN/OD/FT-45_OD_L_2_0_REGAVG0000011.BMP,FT45,FT45_OD,OD,2,Young Female,Controls,0,90.0,90.0,0.0,Female,REGAVG,Right Eye,baseline,180.0,BASELINE - 3-13-15,day_0,90.0,2
data/Cohort_2/Day 180/Controls/FT 45/Bioptigen/BASELINE - 3-13-15/BIOPTIGEN/OS/FT-45_OS_L_2_0_BScanThumb_0000022.BMP,FT45,FT45_OS,OS,2,Young Female,Controls,0,90.0,90.0,0.0,Female,BScanThumb,Right Eye,baseline,180.0,BASELINE - 3-13-15,day_0,90.0,2
data/Cohort_2/Day 180/Controls/FT 45/Bioptigen/BASELINE - 3-13-15/BIOPTIGEN/OS/FT-45_OS_L_2_0_BScanThumb_0000026.BMP,FT45,FT45_OS,OS,2,Young Female,Controls,0,90.0,90.0,0.0,Female,BScanThumb,Right Eye,baseline,180.0,BASELINE - 3-13-15,day_0,90.0,2
data/Cohort_2/Day 180/Controls/FT 45/Bioptigen/BASELINE - 3-13-15/BIOPTIGEN/OS/FT-45_OS_V_3x3_0_BScanThumb_0000017.BMP,FT45,FT45_OS,OS,2,Young Female,Controls,0,90.0,90.0,0.0,Female,BScanThumb,Right Eye,baseline,180.0,BASELINE - 3-13-15,day_0,90.0,2
data/Cohort_2/Day 180/Controls/FT 45/Bioptigen/BASELINE - 3-13-15/BIOPTIGEN/OS/FT-45_OS_L_2_0_REGAVG0000027.BMP,FT45,FT45_OS,OS,2,Young Female,Controls,0,90.0,90.0,0.0,Female,REGAVG,Right Eye,baseline,180.0,BASELINE - 3-13-15,day_0,90.0,2
data/Cohort_2/Day 180/Controls/FT 45/Bioptigen/End HLS/OD/FT-45_OD_L_2_0_BScanThumb_0000038.BMP,FT45,FT45_OD,OD,2,Young Female,Controls,90,270.0,90.0,180.0,Female,BScanThumb,Right Eye,end_hls,180.0,End HLS,day_90,180.0,2
data/Cohort_2/Day 180/Controls/FT 45/Bioptigen/End HLS/OD/FT-45_OD_L_2_0_BScanThumb_0000042.BMP,FT45,FT45_OD,OD,2,Young Female,Controls,90,270.0,90.0,180.0,Female,BScanThumb,Right Eye,end_hls,180.0,End HLS,day_90,180.0,2
data/Cohort_2/Day 180/Controls/FT 45/Bioptigen/End HLS/OD/FT-45_OD_V_3x3_0_BScanThumb_0000033.BMP,FT45,FT45_OD,OD,2,Young Female,Controls,90,270.0,90.0,180.0,Female,BScanThumb,Right Eye,end_hls,180.0,End HLS,day_90,180.0,2
data/Cohort_2/Day 180/Controls/FT 45/Bioptigen/End HLS/OD/FT-45_OD_L_2_0_REGAVG0000039.BMP,FT45,FT45_OD,OD,2,Young Female,Controls,90,270.0,90.0,180.0,Female,REGAVG,Right Eye,end_hls,180.0,End HLS,day_90,180.0,2
data/Cohort_2/Day 180/Controls/FT 45/Bioptigen/End HLS/OD/FT-45_OD_L_2_0_REGAVG0000043.BMP,FT45,FT45_OD,OD,2,Young Female,Controls,90,270.0,90.0,180.0,Female,REGAVG,Right Eye,end_hls,180.0,End HLS,day_90,180.0,2
data/Cohort_2/Day 180/Controls/FT 45/Bioptigen/End HLS/OS/FT-45_OS_L_2_0_BScanThumb_0000057.BMP,FT45,FT45_OS,OS,2,Young Female,Controls,90,270.0,90.0,180.0,Female,BScanThumb,Right Eye,end_hls,180.0,End HLS,day_90,180.0,2
data/Cohort_2/Day 180/Controls/FT 45/Bioptigen/End HLS/OS/FT-45_OS_L_2_0_BScanThumb_0000061.BMP,FT45,FT45_OS,OS,2,Young Female,Controls,90,270.0,90.0,180.0,Female,BScanThumb,Right Eye,end_hls,180.0,End HLS,day_90,180.0,2
data/Cohort_2/Day 180/Controls/FT 45/Bioptigen/End HLS/OS/FT-45_OS_V_3x3_0_BScanThumb_0000052.BMP,FT45,FT45_OS,OS,2,Young Female,Controls,90,270.0,90.0,180.0,Female,BScanThumb,Right Eye,end_hls,180.0,End HLS,day_90,180.0,2
data/Cohort_2/Day 180/Controls/FT 45/Bioptigen/End HLS/OS/FT-45_OS_L_2_0_REGAVG0000058.BMP,FT45,FT45_OS,OS,2,Young Female,Controls,90,270.0,90.0,180.0,Female,REGAVG,Right Eye,end_hls,180.0,End HLS,day_90,180.0,2
data/Cohort_2/Day 180/Controls/FT 45/Bioptigen/End HLS/OS/FT-45_OS_L_2_0_REGAVG0000062.BMP,FT45,FT45_OS,OS,2,Young Female,Controls,90,270.0,90.0,180.0,Female,REGAVG,Right Eye,end_hls,180.0,End HLS,day_90,180.0,2
data/Cohort_2/Day 180/Controls/FT 47/Bioptigen/BASELINE - 3-13-15/BIOPTIGEN/OD/FT-47_OD_L_2_0_BScanThumb_0000006.BMP,FT47,FT47_OD,OD,2,Young Female,Controls,0,90.0,90.0,0.0,Female,BScanThumb,Right Eye,baseline,180.0,BASELINE - 3-13-15,day_0,90.0,0
data/Cohort_2/Day 180/Controls/FT 47/Bioptigen/BASELINE - 3-13-15/BIOPTIGEN/OD/FT-47_OD_L_2_0_BScanThumb_0000010.BMP,FT47,FT47_OD,OD,2,Young Female,Controls,0,90.0,90.0,0.0,Female,BScanThumb,Right Eye,baseline,180.0,BASELINE - 3-13-15,day_0,90.0,0
data/Cohort_2/Day 180/Controls/FT 47/Bioptigen/BASELINE - 3-13-15/BIOPTIGEN/OD/FT-47_OD_V_3x3_0_BScanThumb_0000001.BMP,FT47,FT47_OD,OD,2,Young Female,Controls,0,90.0,90.0,0.0,Female,BScanThumb,Right Eye,baseline,180.0,BASELINE - 3-13-15,day_0,90.0,0
data/Cohort_2/Day 180/Controls/FT 47/Bioptigen/BASELINE - 3-13-15/BIOPTIGEN/OD/FT-47_OD_L_2_0_REGAVG0000011.BMP,FT47,FT47_OD,OD,2,Young Female,Controls,0,90.0,90.0,0.0,Female,REGAVG,Right Eye,baseline,180.0,BASELINE - 3-13-15,day_0,90.0,0
data/Cohort_2/Day 180/Controls/FT 47/Bioptigen/BASELINE - 3-13-15/BIOPTIGEN/OS/FT-47_OS_L_2_0_BScanThumb_0000022.BMP,FT47,FT47_OS,OS,2,Young Female,Controls,0,90.0,90.0,0.0,Female,BScanThumb,Right Eye,baseline,180.0,BASELINE - 3-13-15,day_0,90.0,0
data/Cohort_2/Day 180/Controls/FT 47/Bioptigen/BASELINE - 3-13-15/BIOPTIGEN/OS/FT-47_OS_L_2_0_BScanThumb_0000026.BMP,FT47,FT47_OS,OS,2,Young Female,Controls,0,90.0,90.0,0.0,Female,BScanThumb,Right Eye,baseline,180.0,BASELINE - 3-13-15,day_0,90.0,0
data/Cohort_2/Day 180/Controls/FT 47/Bioptigen/BASELINE - 3-13-15/BIOPTIGEN/OS/FT-47_OS_V_3x3_0_BScanThumb_0000017.BMP,FT47,FT47_OS,OS,2,Young Female,Controls,0,90.0,90.0,0.0,Female,BScanThumb,Right Eye,baseline,180.0,BASELINE - 3-13-15,day_0,90.0,0
data/Cohort_2/Day 180/Controls/FT 47/Bioptigen/BASELINE - 3-13-15/BIOPTIGEN/OS/FT-47_OS_L_2_0_REGAVG0000027.BMP,FT47,FT47_OS,OS,2,Young Female,Controls,0,90.0,90.0,0.0,Female,REGAVG,Right Eye,baseline,180.0,BASELINE - 3-13-15,day_0,90.0,0
data/Cohort_2/Day 180/Controls/FT 47/Bioptigen/End HLS/OD/FT-47_OD_L_2_0_BScanThumb_0000038.BMP,FT47,FT47_OD,OD,2,Young Female,Controls,90,270.0,90.0,180.0,Female,BScanThumb,Right Eye,end_hls,180.0,End HLS,day_90,180.0,0
data/Cohort_2/Day 180/Controls/FT 47/Bioptigen/End HLS/OD/FT-47_OD_L_2_0_BScanThumb_0000042.BMP,FT47,FT47_OD,OD,2,Young Female,Controls,90,270.0,90.0,180.0,Female,BScanThumb,Right Eye,end_hls,180.0,End HLS,day_90,180.0,0
data/Cohort_2/Day 180/Controls/FT 47/Bioptigen/End HLS/OD/FT-47_OD_V_3x3_0_BScanThumb_0000033.BMP,FT47,FT47_OD,OD,2,Young Female,Controls,90,270.0,90.0,180.0,Female,BScanThumb,Right Eye,end_hls,180.0,End HLS,day_90,180.0,0
data/Cohort_2/Day 180/Controls/FT 47/Bioptigen/End HLS/OD/FT-47_OD_L_2_0_REGAVG0000039.BMP,FT47,FT47_OD,OD,2,Young Female,Controls,90,270.0,90.0,180.0,Female,REGAVG,Right Eye,end_hls,180.0,End HLS,day_90,180.0,0
data/Cohort_2/Day 180/Controls/FT 47/Bioptigen/End HLS/OD/FT-47_OD_L_2_0_REGAVG0000043.BMP,FT47,FT47_OD,OD,2,Young Female,Controls,90,270.0,90.0,180.0,Female,REGAVG,Right Eye,end_hls,180.0,End HLS,day_90,180.0,0
data/Cohort_2/Day 180/Controls/FT 47/Bioptigen/End HLS/OS/FT-47_OS_L_2_0_BScanThumb_0000054.BMP,FT47,FT47_OS,OS,2,Young Female,Controls,90,270.0,90.0,180.0,Female,BScanThumb,Right Eye,end_hls,180.0,End HLS,day_90,180.0,0
data/Cohort_2/Day 180/Controls/FT 47/Bioptigen/End HLS/OS/FT-47_OS_L_2_0_BScanThumb_0000058.BMP,FT47,FT47_OS,OS,2,Young Female,Controls,90,270.0,90.0,180.0,Female,BScanThumb,Right Eye,end_hls,180.0,End HLS,day_90,180.0,0
data/Cohort_2/Day 180/Controls/FT 47/Bioptigen/End HLS/OS/FT-47_OS_V_3x3_0_BScanThumb_0000049.BMP,FT47,FT47_OS,OS,2,Young Female,Controls,90,270.0,90.0,180.0,Female,BScanThumb,Right Eye,end_hls,180.0,End HLS,day_90,180.0,0
data/Cohort_2/Day 180/Controls/FT 47/Bioptigen/End HLS/OS/FT-47_OS_L_2_0_REGAVG0000055.BMP,FT47,FT47_OS,OS,2,Young Female,Controls,90,270.0,90.0,180.0,Female,REGAVG,Right Eye,end_hls,180.0,End HLS,day_90,180.0,0
data/Cohort_2/Day 180/Controls/FT 47/Bioptigen/End HLS/OS/FT-47_OS_L_2_0_REGAVG0000059.BMP,FT47,FT47_OS,OS,2,Young Female,Controls,90,270.0,90.0,180.0,Female,REGAVG,Right Eye,end_hls,180.0,End HLS,day_90,180.0,0
data/Cohort_2/Day 180/Controls/FT 50/Bioptigen/Baseline/OD/FT-50_OD_L_2_0_BScanThumb_0000005.BMP,FT50,FT50_OD,OD,2,Young Female,Controls,0,90.0,90.0,0.0,Female,BScanThumb,Right Eye,baseline,180.0,Baseline,day_0,90.0,1
data/Cohort_2/Day 180/Controls/FT 50/Bioptigen/Baseline/OD/FT-50_OD_L_2_0_BScanThumb_0000009.BMP,FT50,FT50_OD,OD,2,Young Female,Controls,0,90.0,90.0,0.0,Female,BScanThumb,Right Eye,baseline,180.0,Baseline,day_0,90.0,1
data/Cohort_2/Day 180/Controls/FT 50/Bioptigen/Baseline/OD/FT-50_OD_V_3x3_0_BScanThumb_0000001.BMP,FT50,FT50_OD,OD,2,Young Female,Controls,0,90.0,90.0,0.0,Female,BScanThumb,Right Eye,baseline,180.0,Baseline,day_0,90.0,1
data/Cohort_2/Day 180/Controls/FT 50/Bioptigen/Baseline/OD/FT-50_OD_L_2_0_REGAVG0000010.BMP,FT50,FT50_OD,OD,2,Young Female,Controls,0,90.0,90.0,0.0,Female,REGAVG,Right Eye,baseline,180.0,Baseline,day_0,90.0,1
data/Cohort_2/Day 180/Controls/FT 50/Bioptigen/Baseline/OS/FT-50_OS_L_2_0_BScanThumb_0000019.BMP,FT50,FT50_OS,OS,2,Young Female,Controls,0,90.0,90.0,0.0,Female,BScanThumb,Right Eye,baseline,180.0,Baseline,day_0,90.0,1
data/Cohort_2/Day 180/Controls/FT 50/Bioptigen/Baseline/OS/FT-50_OS_L_2_0_BScanThumb_0000022.BMP,FT50,FT50_OS,OS,2,Young Female,Controls,0,90.0,90.0,0.0,Female,BScanThumb,Right Eye,baseline,180.0,Baseline,day_0,90.0,1
data/Cohort_2/Day 180/Controls/FT 50/Bioptigen/Baseline/OS/FT-50_OS_V_3x3_0_BScanThumb_0000015.BMP,FT50,FT50_OS,OS,2,Young Female,Controls,0,90.0,90.0,0.0,Female,BScanThumb,Right Eye,baseline,180.0,Baseline,day_0,90.0,1
data/Cohort_2/Day 180/Controls/FT 50/Bioptigen/Baseline/OS/FT-50_OS_L_2_0_REGAVG0000023.BMP,FT50,FT50_OS,OS,2,Young Female,Controls,0,90.0,90.0,0.0,Female,REGAVG,Right Eye,baseline,180.0,Baseline,day_0,90.0,1
data/Cohort_2/Day 180/Controls/FT 50/Bioptigen/End HLS/OD/FT-50_OD_L_2_0_BScanThumb_0000033.BMP,FT50,FT50_OD,OD,2,Young Female,Controls,90,270.0,90.0,180.0,Female,BScanThumb,Right Eye,end_hls,180.0,End HLS,day_90,180.0,1
data/Cohort_2/Day 180/Controls/FT 50/Bioptigen/End HLS/OD/FT-50_OD_L_2_0_BScanThumb_0000037.BMP,FT50,FT50_OD,OD,2,Young Female,Controls,90,270.0,90.0,180.0,Female,BScanThumb,Right Eye,end_hls,180.0,End HLS,day_90,180.0,1
data/Cohort_2/Day 180/Controls/FT 50/Bioptigen/End HLS/OD/FT-50_OD_V_3x3_0_BScanThumb_0000028.BMP,FT50,FT50_OD,OD,2,Young Female,Controls,90,270.0,90.0,180.0,Female,BScanThumb,Right Eye,end_hls,180.0,End HLS,day_90,180.0,1
data/Cohort_2/Day 180/Controls/FT 50/Bioptigen/End HLS/OD/FT-50_OD_L_2_0_REGAVG0000034.BMP,FT50,FT50_OD,OD,2,Young Female,Controls,90,270.0,90.0,180.0,Female,REGAVG,Right Eye,end_hls,180.0,End HLS,day_90,180.0,1
data/Cohort_2/Day 180/Controls/FT 50/Bioptigen/End HLS/OD/FT-50_OD_L_2_0_REGAVG0000038.BMP,FT50,FT50_OD,OD,2,Young Female,Controls,90,270.0,90.0,180.0,Female,REGAVG,Right Eye,end_hls,180.0,End HLS,day_90,180.0,1
data/Cohort_2/Day 180/Controls/FT 50/Bioptigen/End HLS/OS/FT-50_OS_L_2_0_BScanThumb_0000052.BMP,FT50,FT50_OS,OS,2,Young Female,Controls,90,270.0,90.0,180.0,Female,BScanThumb,Right Eye,end_hls,180.0,End HLS,day_90,180.0,1
data/Cohort_2/Day 180/Controls/FT 50/Bioptigen/End HLS/OS/FT-50_OS_L_2_0_BScanThumb_0000056.BMP,FT50,FT50_OS,OS,2,Young Female,Controls,90,270.0,90.0,180.0,Female,BScanThumb,Right Eye,end_hls,180.0,End HLS,day_90,180.0,1
data/Cohort_2/Day 180/Controls/FT 50/Bioptigen/End HLS/OS/FT-50_OS_V_3x3_0_BScanThumb_0000047.BMP,FT50,FT50_OS,OS,2,Young Female,Controls,90,270.0,90.0,180.0,Female,BScanThumb,Right Eye,end_hls,180.0,End HLS,day_90,180.0,1
data/Cohort_2/Day 180/Controls/FT 50/Bioptigen/End HLS/OS/FT-50_OS_L_2_0_REGAVG0000053.BMP,FT50,FT50_OS,OS,2,Young Female,Controls,90,270.0,90.0,180.0,Female,REGAVG,Right Eye,end_hls,180.0,End HLS,day_90,180.0,1
data/Cohort_2/Day 180/Controls/FT 50/Bioptigen/End HLS/OS/FT-50_OS_L_2_0_REGAVG0000057.BMP,FT50,FT50_OS,OS,2,Young Female,Controls,90,270.0,90.0,180.0,Female,REGAVG,Right Eye,end_hls,180.0,End HLS,day_90,180.0,1
data/Cohort_2/Day 180/Controls/FT 52/Bioptigen/Baseline/OD/FT-52_OD_L_2_0_BScanThumb_0000005.BMP,FT52,FT52_OD,OD,2,Young Female,Controls,0,90.0,90.0,0.0,Female,BScanThumb,Right Eye,baseline,180.0,Baseline,day_0,90.0,2
data/Cohort_2/Day 180/Controls/FT 52/Bioptigen/Baseline/OD/FT-52_OD_L_2_0_BScanThumb_0000008.BMP,FT52,FT52_OD,OD,2,Young Female,Controls,0,90.0,90.0,0.0,Female,BScanThumb,Right Eye,baseline,180.0,Baseline,day_0,90.0,2
data/Cohort_2/Day 180/Controls/FT 52/Bioptigen/Baseline/OD/FT-52_OD_V_3x3_0_BScanThumb_0000001.BMP,FT52,FT52_OD,OD,2,Young Female,Controls,0,90.0,90.0,0.0,Female,BScanThumb,Right Eye,baseline,180.0,Baseline,day_0,90.0,2
data/Cohort_2/Day 180/Controls/FT 52/Bioptigen/Baseline/OD/FT-52_OD_L_2_0_REGAVG0000009.BMP,FT52,FT52_OD,OD,2,Young Female,Controls,0,90.0,90.0,0.0,Female,REGAVG,Right Eye,baseline,180.0,Baseline,day_0,90.0,2
data/Cohort_2/Day 180/Controls/FT 52/Bioptigen/Baseline/OS/FT-52_OS_L_2_0_BScanThumb_0000018.BMP,FT52,FT52_OS,OS,2,Young Female,Controls,0,90.0,90.0,0.0,Female,BScanThumb,Right Eye,baseline,180.0,Baseline,day_0,90.0,2
data/Cohort_2/Day 180/Controls/FT 52/Bioptigen/Baseline/OS/FT-52_OS_L_2_0_BScanThumb_0000021.BMP,FT52,FT52_OS,OS,2,Young Female,Controls,0,90.0,90.0,0.0,Female,BScanThumb,Right Eye,baseline,180.0,Baseline,day_0,90.0,2
data/Cohort_2/Day 180/Controls/FT 52/Bioptigen/Baseline/OS/FT-52_OS_V_3x3_0_BScanThumb_0000014.BMP,FT52,FT52_OS,OS,2,Young Female,Controls,0,90.0,90.0,0.0,Female,BScanThumb,Right Eye,baseline,180.0,Baseline,day_0,90.0,2
data/Cohort_2/Day 180/Controls/FT 52/Bioptigen/Baseline/OS/FT-52_OS_L_2_0_REGAVG0000022.BMP,FT52,FT52_OS,OS,2,Young Female,Controls,0,90.0,90.0,0.0,Female,REGAVG,Right Eye,baseline,180.0,Baseline,day_0,90.0,2
data/Cohort_2/Day 180/Controls/FT 52/Bioptigen/End HLS/OD/FT-52_OD_L_2_0_BScanThumb_0000032.BMP,FT52,FT52_OD,OD,2,Young Female,Controls,90,270.0,90.0,180.0,Female,BScanThumb,Right Eye,end_hls,180.0,End HLS,day_90,180.0,2
data/Cohort_2/Day 180/Controls/FT 52/Bioptigen/End HLS/OD/FT-52_OD_L_2_0_BScanThumb_0000036.BMP,FT52,FT52_OD,OD,2,Young Female,Controls,90,270.0,90.0,180.0,Female,BScanThumb,Right Eye,end_hls,180.0,End HLS,day_90,180.0,2
data/Cohort_2/Day 180/Controls/FT 52/Bioptigen/End HLS/OD/FT-52_OD_V_3x3_0_BScanThumb_0000027.BMP,FT52,FT52_OD,OD,2,Young Female,Controls,90,270.0,90.0,180.0,Female,BScanThumb,Right Eye,end_hls,180.0,End HLS,day_90,180.0,2
data/Cohort_2/Day 180/Controls/FT 52/Bioptigen/End HLS/OD/FT-52_OD_L_2_0_REGAVG0000033.BMP,FT52,FT52_OD,OD,2,Young Female,Controls,90,270.0,90.0,180.0,Female,REGAVG,Right Eye,end_hls,180.0,End HLS,day_90,180.0,2
data/Cohort_2/Day 180/Controls/FT 52/Bioptigen/End HLS/OD/FT-52_OD_L_2_0_REGAVG0000037.BMP,FT52,FT52_OD,OD,2,Young Female,Controls,90,270.0,90.0,180.0,Female,REGAVG,Right Eye,end_hls,180.0,End HLS,day_90,180.0,2
data/Cohort_2/Day 180/Controls/FT 52/Bioptigen/End HLS/OS/FT-52_OS_L_2_0_BScanThumb_0000045.BMP,FT52,FT52_OS,OS,2,Young Female,Controls,90,270.0,90.0,180.0,Female,BScanThumb,Right Eye,end_hls,180.0,End HLS,day_90,180.0,2
data/Cohort_2/Day 180/Controls/FT 52/Bioptigen/End HLS/OS/FT-52_OS_L_2_0_BScanThumb_0000049.BMP,FT52,FT52_OS,OS,2,Young Female,Controls,90,270.0,90.0,180.0,Female,BScanThumb,Right Eye,end_hls,180.0,End HLS,day_90,180.0,2
data/Cohort_2/Day 180/Controls/FT 52/Bioptigen/End HLS/OS/FT-52_OS_V_3x3_0_BScanThumb_0000040.BMP,FT52,FT52_OS,OS,2,Young Female,Controls,90,270.0,90.0,180.0,Female,BScanThumb,Right Eye,end_hls,180.0,End HLS,day_90,180.0,2
data/Cohort_2/Day 180/Controls/FT 52/Bioptigen/End HLS/OS/FT-52_OS_L_2_0_REGAVG0000046.BMP,FT52,FT52_OS,OS,2,Young Female,Controls,90,270.0,90.0,180.0,Female,REGAVG,Right Eye,end_hls,180.0,End HLS,day_90,180.0,2
data/Cohort_2/Day 180/Controls/FT 52/Bioptigen/End HLS/OS/FT-52_OS_L_2_0_REGAVG0000050.BMP,FT52,FT52_OS,OS,2,Young Female,Controls,90,270.0,90.0,180.0,Female,REGAVG,Right Eye,end_hls,180.0,End HLS,day_90,180.0,2
data/Cohort_2/Day 180/Controls/FT 56/Bioptigen/End HLS/OD/FT-56_OD_L_2_0_BScanThumb_0000038.BMP,FT56,FT56_OD,OD,2,Young Female,Controls,90,270.0,90.0,180.0,Female,BScanThumb,Right Eye,end_hls,180.0,End HLS,day_90,180.0,0
data/Cohort_2/Day 180/Controls/FT 56/Bioptigen/End HLS/OD/FT-56_OD_L_2_0_BScanThumb_0000042.BMP,FT56,FT56_OD,OD,2,Young Female,Controls,90,270.0,90.0,180.0,Female,BScanThumb,Right Eye,end_hls,180.0,End HLS,day_90,180.0,0
data/Cohort_2/Day 180/Controls/FT 56/Bioptigen/End HLS/OD/FT-56_OD_V_3x3_0_BScanThumb_0000033.BMP,FT56,FT56_OD,OD,2,Young Female,Controls,90,270.0,90.0,180.0,Female,BScanThumb,Right Eye,end_hls,180.0,End HLS,day_90,180.0,0
data/Cohort_2/Day 180/Controls/FT 56/Bioptigen/End HLS/OD/FT-56_OD_L_2_0_REGAVG0000039.BMP,FT56,FT56_OD,OD,2,Young Female,Controls,90,270.0,90.0,180.0,Female,REGAVG,Right Eye,end_hls,180.0,End HLS,day_90,180.0,0
data/Cohort_2/Day 180/Controls/FT 56/Bioptigen/End HLS/OD/FT-56_OD_L_2_0_REGAVG0000043.BMP,FT56,FT56_OD,OD,2,Young Female,Controls,90,270.0,90.0,180.0,Female,REGAVG,Right Eye,end_hls,180.0,End HLS,day_90,180.0,0
data/Cohort_2/Day 180/Controls/FT 56/Bioptigen/End HLS/OS/FT-56_OS_L_2_0_BScanThumb_0000054.BMP,FT56,FT56_OS,OS,2,Young Female,Controls,90,270.0,90.0,180.0,Female,BScanThumb,Right Eye,end_hls,180.0,End HLS,day_90,180.0,0
data/Cohort_2/Day 180/Controls/FT 56/Bioptigen/End HLS/OS/FT-56_OS_L_2_0_BScanThumb_0000058.BMP,FT56,FT56_OS,OS,2,Young Female,Controls,90,270.0,90.0,180.0,Female,BScanThumb,Right Eye,end_hls,180.0,End HLS,day_90,180.0,0
data/Cohort_2/Day 180/Controls/FT 56/Bioptigen/End HLS/OS/FT-56_OS_V_3x3_0_BScanThumb_0000049.BMP,FT56,FT56_OS,OS,2,Young Female,Controls,90,270.0,90.0,180.0,Female,BScanThumb,Right Eye,end_hls,180.0,End HLS,day_90,180.0,0
data/Cohort_2/Day 180/Controls/FT 56/Bioptigen/End HLS/OS/FT-56_OS_L_2_0_REGAVG0000055.BMP,FT56,FT56_OS,OS,2,Young Female,Controls,90,270.0,90.0,180.0,Female,REGAVG,Right Eye,end_hls,180.0,End HLS,day_90,180.0,0
data/Cohort_2/Day 180/Controls/FT 56/Bioptigen/End HLS/OS/FT-56_OS_L_2_0_REGAVG0000059.BMP,FT56,FT56_OS,OS,2,Young Female,Controls,90,270.0,90.0,180.0,Female,REGAVG,Right Eye,end_hls,180.0,End HLS,day_90,180.0,0
data/Cohort_2/Day 7/Controls/FT 7/Bioptigen/Baseline/OD/7-FT_OD_L_3_0_BScanThumb_0000025.BMP,FT7,FT7_OD,OD,2,Young Female,Controls,0,90.0,90.0,0.0,Female,BScanThumb,Right Eye,baseline,7.0,Baseline,day_0,90.0,1
data/Cohort_2/Day 7/Controls/FT 7/Bioptigen/Baseline/OD/7-FT_OD_L_3_0_BScanThumb_0000028.BMP,FT7,FT7_OD,OD,2,Young Female,Controls,0,90.0,90.0,0.0,Female,BScanThumb,Right Eye,baseline,7.0,Baseline,day_0,90.0,1
data/Cohort_2/Day 7/Controls/FT 7/Bioptigen/Baseline/OD/7-FT_OD_R_3_0_BScanThumb_0000013.BMP,FT7,FT7_OD,OD,2,Young Female,Controls,0,90.0,90.0,0.0,Female,BScanThumb,Right Eye,baseline,7.0,Baseline,day_0,90.0,1
data/Cohort_2/Day 7/Controls/FT 7/Bioptigen/Baseline/OD/7-FT_OD_V_1x1_0_BScanThumb_0000021.BMP,FT7,FT7_OD,OD,2,Young Female,Controls,0,90.0,90.0,0.0,Female,BScanThumb,Right Eye,baseline,7.0,Baseline,day_0,90.0,1
data/Cohort_2/Day 7/Controls/FT 7/Bioptigen/Baseline/OD/7-FT_OD_V_3x3_0_BScanThumb_0000001.BMP,FT7,FT7_OD,OD,2,Young Female,Controls,0,90.0,90.0,0.0,Female,BScanThumb,Right Eye,baseline,7.0,Baseline,day_0,90.0,1
data/Cohort_2/Day 7/Controls/FT 7/Bioptigen/Baseline/OD/7-FT_OD_V_3x3_0_BScanThumb_0000005.BMP,FT7,FT7_OD,OD,2,Young Female,Controls,0,90.0,90.0,0.0,Female,BScanThumb,Right Eye,baseline,7.0,Baseline,day_0,90.0,1
data/Cohort_2/Day 7/Controls/FT 7/Bioptigen/Baseline/OD/7-FT_OD_V_3x3_0_BScanThumb_0000009.BMP,FT7,FT7_OD,OD,2,Young Female,Controls,0,90.0,90.0,0.0,Female,BScanThumb,Right Eye,baseline,7.0,Baseline,day_0,90.0,1
data/Cohort_2/Day 7/Controls/FT 7/Bioptigen/Baseline/OD/7-FT_OD_V_3x3_0_BScanThumb_0000017.BMP,FT7,FT7_OD,OD,2,Young Female,Controls,0,90.0,90.0,0.0,Female,BScanThumb,Right Eye,baseline,7.0,Baseline,day_0,90.0,1
data/Cohort_2/Day 7/Controls/FT 7/Bioptigen/Baseline/OD/7-FT_OD_V_3x3_0_BScanThumb_0000031.BMP,FT7,FT7_OD,OD,2,Young Female,Controls,0,90.0,90.0,0.0,Female,BScanThumb,Right Eye,baseline,7.0,Baseline,day_0,90.0,1
data/Cohort_2/Day 7/Controls/FT 7/Bioptigen/Baseline/OD/7-FT_OD_L_3_0_REGAVG0000026.BMP,FT7,FT7_OD,OD,2,Young Female,Controls,0,90.0,90.0,0.0,Female,REGAVG,Right Eye,baseline,7.0,Baseline,day_0,90.0,1
data/Cohort_2/Day 7/Controls/FT 7/Bioptigen/Baseline/OD/7-FT_OD_L_3_0_REGAVG0000029.BMP,FT7,FT7_OD,OD,2,Young Female,Controls,0,90.0,90.0,0.0,Female,REGAVG,Right Eye,baseline,7.0,Baseline,day_0,90.0,1
data/Cohort_2/Day 7/Controls/FT 7/Bioptigen/Baseline/OD/7-FT_OD_V_1X1_0_REGAVG0000022.BMP,FT7,FT7_OD,OD,2,Young Female,Controls,0,90.0,90.0,0.0,Female,REGAVG,Right Eye,baseline,7.0,Baseline,day_0,90.0,1
data/Cohort_2/Day 7/Controls/FT 7/Bioptigen/Baseline/OD/7-FT_OD_V_3X3_0_REGAVG0000032.BMP,FT7,FT7_OD,OD,2,Young Female,Controls,0,90.0,90.0,0.0,Female,REGAVG,Right Eye,baseline,7.0,Baseline,day_0,90.0,1
data/Cohort_2/Day 7/Controls/FT 7/Bioptigen/Baseline/OS/7-FT_OS_L_3_0_BScanThumb_0000059.BMP,FT7,FT7_OS,OS,2,Young Female,Controls,0,90.0,90.0,0.0,Female,BScanThumb,Right Eye,baseline,7.0,Baseline,day_0,90.0,1
data/Cohort_2/Day 7/Controls/FT 7/Bioptigen/Baseline/OS/7-FT_OS_L_3_0_BScanThumb_0000066.BMP,FT7,FT7_OS,OS,2,Young Female,Controls,0,90.0,90.0,0.0,Female,BScanThumb,Right Eye,baseline,7.0,Baseline,day_0,90.0,1
data/Cohort_2/Day 7/Controls/FT 7/Bioptigen/Baseline/OS/7-FT_OS_R_3_0_BScanThumb_0000051.BMP,FT7,FT7_OS,OS,2,Young Female,Controls,0,90.0,90.0,0.0,Female,BScanThumb,Right Eye,baseline,7.0,Baseline,day_0,90.0,1
data/Cohort_2/Day 7/Controls/FT 7/Bioptigen/Baseline/OS/7-FT_OS_V_1x1_0_BScanThumb_0000069.BMP,FT7,FT7_OS,OS,2,Young Female,Controls,0,90.0,90.0,0.0,Female,BScanThumb,Right Eye,baseline,7.0,Baseline,day_0,90.0,1
data/Cohort_2/Day 7/Controls/FT 7/Bioptigen/Baseline/OS/7-FT_OS_V_3x3_0_BScanThumb_0000047.BMP,FT7,FT7_OS,OS,2,Young Female,Controls,0,90.0,90.0,0.0,Female,BScanThumb,Right Eye,baseline,7.0,Baseline,day_0,90.0,1
data/Cohort_2/Day 7/Controls/FT 7/Bioptigen/Baseline/OS/7-FT_OS_V_3x3_0_BScanThumb_0000055.BMP,FT7,FT7_OS,OS,2,Young Female,Controls,0,90.0,90.0,0.0,Female,BScanThumb,Right Eye,baseline,7.0,Baseline,day_0,90.0,1
data/Cohort_2/Day 7/Controls/FT 7/Bioptigen/Baseline/OS/7-FT_OS_V_3x3_0_BScanThumb_0000062.BMP,FT7,FT7_OS,OS,2,Young Female,Controls,0,90.0,90.0,0.0,Female,BScanThumb,Right Eye,baseline,7.0,Baseline,day_0,90.0,1
data/Cohort_2/Day 7/Controls/FT 7/Bioptigen/Baseline/OS/7-FT_OS_V_3x3_0_BScanThumb_0000073.BMP,FT7,FT7_OS,OS,2,Young Female,Controls,0,90.0,90.0,0.0,Female,BScanThumb,Right Eye,baseline,7.0,Baseline,day_0,90.0,1
data/Cohort_2/Day 7/Controls/FT 7/Bioptigen/Baseline/OS/7-FT_OS_L_3_0_REGAVG0000060.BMP,FT7,FT7_OS,OS,2,Young Female,Controls,0,90.0,90.0,0.0,Female,REGAVG,Right Eye,baseline,7.0,Baseline,day_0,90.0,1
data/Cohort_2/Day 7/Controls/FT 7/Bioptigen/Baseline/OS/7-FT_OS_L_3_0_REGAVG0000067.BMP,FT7,FT7_OS,OS,2,Young Female,Controls,0,90.0,90.0,0.0,Female,REGAVG,Right Eye,baseline,7.0,Baseline,day_0,90.0,1
data/Cohort_2/Day 7/Controls/FT 7/Bioptigen/Baseline/OS/7-FT_OS_V_1X1_0_REGAVG0000070.BMP,FT7,FT7_OS,OS,2,Young Female,Controls,0,90.0,90.0,0.0,Female,REGAVG,Right Eye,baseline,7.0,Baseline,day_0,90.0,1
data/Cohort_2/Day 7/Controls/FT 7/Bioptigen/Baseline/OS/7-FT_OS_V_3X3_0_REGAVG0000074.BMP,FT7,FT7_OS,OS,2,Young Female,Controls,0,90.0,90.0,0.0,Female,REGAVG,Right Eye,baseline,7.0,Baseline,day_0,90.0,1
data/Cohort_2/Day 104/Controls/FT 74/Bioptigen/Baseline/OD/FT74_OD_L_2_0_BScanThumb_0000006.BMP,FT74,FT74_OD,OD,2,Young Female,Controls,0,90.0,90.0,0.0,Female,BScanThumb,Right Eye,baseline,104.0,Baseline,day_0,90.0,0
data/Cohort_2/Day 104/Controls/FT 74/Bioptigen/Baseline/OD/FT74_OD_L_2_0_BScanThumb_0000010.BMP,FT74,FT74_OD,OD,2,Young Female,Controls,0,90.0,90.0,0.0,Female,BScanThumb,Right Eye,baseline,104.0,Baseline,day_0,90.0,0
data/Cohort_2/Day 104/Controls/FT 74/Bioptigen/Baseline/OD/FT74_OD_V_3x3_0_BScanThumb_0000001.BMP,FT74,FT74_OD,OD,2,Young Female,Controls,0,90.0,90.0,0.0,Female,BScanThumb,Right Eye,baseline,104.0,Baseline,day_0,90.0,0
data/Cohort_2/Day 104/Controls/FT 74/Bioptigen/Baseline/OD/FT74_OD_L_2_0_REGAVG0000007.BMP,FT74,FT74_OD,OD,2,Young Female,Controls,0,90.0,90.0,0.0,Female,REGAVG,Right Eye,baseline,104.0,Baseline,day_0,90.0,0
data/Cohort_2/Day 104/Controls/FT 74/Bioptigen/Baseline/OD/FT74_OD_L_2_0_REGAVG0000011.BMP,FT74,FT74_OD,OD,2,Young Female,Controls,0,90.0,90.0,0.0,Female,REGAVG,Right Eye,baseline,104.0,Baseline,day_0,90.0,0
data/Cohort_2/Day 104/Controls/FT 74/Bioptigen/Baseline/OS/FT74_OS_L_2_0_BScanThumb_0000019.BMP,FT74,FT74_OS,OS,2,Young Female,Controls,0,90.0,90.0,0.0,Female,BScanThumb,Right Eye,baseline,104.0,Baseline,day_0,90.0,0
data/Cohort_2/Day 104/Controls/FT 74/Bioptigen/Baseline/OS/FT74_OS_L_2_0_BScanThumb_0000023.BMP,FT74,FT74_OS,OS,2,Young Female,Controls,0,90.0,90.0,0.0,Female,BScanThumb,Right Eye,baseline,104.0,Baseline,day_0,90.0,0
data/Cohort_2/Day 104/Controls/FT 74/Bioptigen/Baseline/OS/FT74_OS_V_3x3_0_BScanThumb_0000014.BMP,FT74,FT74_OS,OS,2,Young Female,Controls,0,90.0,90.0,0.0,Female,BScanThumb,Right Eye,baseline,104.0,Baseline,day_0,90.0,0
data/Cohort_2/Day 104/Controls/FT 74/Bioptigen/Baseline/OS/FT74_OS_L_2_0_REGAVG0000020.BMP,FT74,FT74_OS,OS,2,Young Female,Controls,0,90.0,90.0,0.0,Female,REGAVG,Right Eye,baseline,104.0,Baseline,day_0,90.0,0
data/Cohort_2/Day 104/Controls/FT 74/Bioptigen/Baseline/OS/FT74_OS_L_2_0_REGAVG0000024.BMP,FT74,FT74_OS,OS,2,Young Female,Controls,0,90.0,90.0,0.0,Female,REGAVG,Right Eye,baseline,104.0,Baseline,day_0,90.0,0
data/Cohort_2/Day 104/Controls/FT 74/Bioptigen/End HLS/OD/FT74_OD_L_2_0_BScanThumb_0000044.BMP,FT74,FT74_OD,OD,2,Young Female,Controls,90,194.0,90.0,104.0,Female,BScanThumb,Right Eye,end_hls,104.0,End HLS,day_90,180.0,0
data/Cohort_2/Day 104/Controls/FT 74/Bioptigen/End HLS/OD/FT74_OD_L_2_0_BScanThumb_0000051.BMP,FT74,FT74_OD,OD,2,Young Female,Controls,90,194.0,90.0,104.0,Female,BScanThumb,Right Eye,end_hls,104.0,End HLS,day_90,180.0,0
data/Cohort_2/Day 104/Controls/FT 74/Bioptigen/End HLS/OD/FT74_OD_V_3x3_0_BScanThumb_0000039.BMP,FT74,FT74_OD,OD,2,Young Female,Controls,90,194.0,90.0,104.0,Female,BScanThumb,Right Eye,end_hls,104.0,End HLS,day_90,180.0,0
data/Cohort_2/Day 104/Controls/FT 74/Bioptigen/End HLS/OD/FT74_OD_L_2_0_REGAVG0000045.BMP,FT74,FT74_OD,OD,2,Young Female,Controls,90,194.0,90.0,104.0,Female,REGAVG,Right Eye,end_hls,104.0,End HLS,day_90,180.0,0
data/Cohort_2/Day 104/Controls/FT 74/Bioptigen/End HLS/OD/FT74_OD_L_2_0_REGAVG0000052.BMP,FT74,FT74_OD,OD,2,Young Female,Controls,90,194.0,90.0,104.0,Female,REGAVG,Right Eye,end_hls,104.0,End HLS,day_90,180.0,0
data/Cohort_2/Day 104/Controls/FT 74/Bioptigen/End HLS/OS/FT74_OS_L_2_0_BScanThumb_0000060.BMP,FT74,FT74_OS,OS,2,Young Female,Controls,90,194.0,90.0,104.0,Female,BScanThumb,Right Eye,end_hls,104.0,End HLS,day_90,180.0,0
data/Cohort_2/Day 104/Controls/FT 74/Bioptigen/End HLS/OS/FT74_OS_L_2_0_BScanThumb_0000064.BMP,FT74,FT74_OS,OS,2,Young Female,Controls,90,194.0,90.0,104.0,Female,BScanThumb,Right Eye,end_hls,104.0,End HLS,day_90,180.0,0
data/Cohort_2/Day 104/Controls/FT 74/Bioptigen/End HLS/OS/FT74_OS_V_3x3_0_BScanThumb_0000055.BMP,FT74,FT74_OS,OS,2,Young Female,Controls,90,194.0,90.0,104.0,Female,BScanThumb,Right Eye,end_hls,104.0,End HLS,day_90,180.0,0
data/Cohort_2/Day 104/Controls/FT 74/Bioptigen/End HLS/OS/FT74_OS_L_2_0_REGAVG0000061.BMP,FT74,FT74_OS,OS,2,Young Female,Controls,90,194.0,90.0,104.0,Female,REGAVG,Right Eye,end_hls,104.0,End HLS,day_90,180.0,0
data/Cohort_2/Day 104/Controls/FT 74/Bioptigen/End HLS/OS/FT74_OS_L_2_0_REGAVG0000065.BMP,FT74,FT74_OS,OS,2,Young Female,Controls,90,194.0,90.0,104.0,Female,REGAVG,Right Eye,end_hls,104.0,End HLS,day_90,180.0,0
data/Cohort_2/Day 104/Controls/FT 76/Bioptigen/Baseline/OD/FT76_OD_L_2_0_BScanThumb_0000006.BMP,FT76,FT76_OD,OD,2,Young Female,Controls,0,90.0,90.0,0.0,Female,BScanThumb,Right Eye,baseline,104.0,Baseline,day_0,90.0,1
data/Cohort_2/Day 104/Controls/FT 76/Bioptigen/Baseline/OD/FT76_OD_L_2_0_BScanThumb_0000010.BMP,FT76,FT76_OD,OD,2,Young Female,Controls,0,90.0,90.0,0.0,Female,BScanThumb,Right Eye,baseline,104.0,Baseline,day_0,90.0,1
data/Cohort_2/Day 104/Controls/FT 76/Bioptigen/Baseline/OD/FT76_OD_V_3x3_0_BScanThumb_0000001.BMP,FT76,FT76_OD,OD,2,Young Female,Controls,0,90.0,90.0,0.0,Female,BScanThumb,Right Eye,baseline,104.0,Baseline,day_0,90.0,1
data/Cohort_2/Day 104/Controls/FT 76/Bioptigen/Baseline/OD/FT76_OD_L_2_0_REGAVG0000007.BMP,FT76,FT76_OD,OD,2,Young Female,Controls,0,90.0,90.0,0.0,Female,REGAVG,Right Eye,baseline,104.0,Baseline,day_0,90.0,1
data/Cohort_2/Day 104/Controls/FT 76/Bioptigen/Baseline/OD/FT76_OD_L_2_0_REGAVG0000011.BMP,FT76,FT76_OD,OD,2,Young Female,Controls,0,90.0,90.0,0.0,Female,REGAVG,Right Eye,baseline,104.0,Baseline,day_0,90.0,1
data/Cohort_2/Day 104/Controls/FT 76/Bioptigen/Baseline/OS/FT76_OS_L_2_0_BScanThumb_0000019.BMP,FT76,FT76_OS,OS,2,Young Female,Controls,0,90.0,90.0,0.0,Female,BScanThumb,Right Eye,baseline,104.0,Baseline,day_0,90.0,1
data/Cohort_2/Day 104/Controls/FT 76/Bioptigen/Baseline/OS/FT76_OS_L_2_0_BScanThumb_0000023.BMP,FT76,FT76_OS,OS,2,Young Female,Controls,0,90.0,90.0,0.0,Female,BScanThumb,Right Eye,baseline,104.0,Baseline,day_0,90.0,1
data/Cohort_2/Day 104/Controls/FT 76/Bioptigen/Baseline/OS/FT76_OS_V_3x3_0_BScanThumb_0000014.BMP,FT76,FT76_OS,OS,2,Young Female,Controls,0,90.0,90.0,0.0,Female,BScanThumb,Right Eye,baseline,104.0,Baseline,day_0,90.0,1
data/Cohort_2/Day 104/Controls/FT 76/Bioptigen/Baseline/OS/FT76_OS_L_2_0_REGAVG0000024.BMP,FT76,FT76_OS,OS,2,Young Female,Controls,0,90.0,90.0,0.0,Female,REGAVG,Right Eye,baseline,104.0,Baseline,day_0,90.0,1
data/Cohort_2/Day 104/Controls/FT 76/Bioptigen/End HLS/OD/FT76_OD_L_2_0_BScanThumb_0000041.BMP,FT76,FT76_OD,OD,2,Young Female,Controls,90,194.0,90.0,104.0,Female,BScanThumb,Right Eye,end_hls,104.0,End HLS,day_90,180.0,1
data/Cohort_2/Day 104/Controls/FT 76/Bioptigen/End HLS/OD/FT76_OD_L_2_0_BScanThumb_0000045.BMP,FT76,FT76_OD,OD,2,Young Female,Controls,90,194.0,90.0,104.0,Female,BScanThumb,Right Eye,end_hls,104.0,End HLS,day_90,180.0,1
data/Cohort_2/Day 104/Controls/FT 76/Bioptigen/End HLS/OD/FT76_OD_V_3x3_0_BScanThumb_0000036.BMP,FT76,FT76_OD,OD,2,Young Female,Controls,90,194.0,90.0,104.0,Female,BScanThumb,Right Eye,end_hls,104.0,End HLS,day_90,180.0,1
data/Cohort_2/Day 104/Controls/FT 76/Bioptigen/End HLS/OD/FT76_OD_L_2_0_REGAVG0000042.BMP,FT76,FT76_OD,OD,2,Young Female,Controls,90,194.0,90.0,104.0,Female,REGAVG,Right Eye,end_hls,104.0,End HLS,day_90,180.0,1
data/Cohort_2/Day 104/Controls/FT 76/Bioptigen/End HLS/OD/FT76_OD_L_2_0_REGAVG0000046.BMP,FT76,FT76_OD,OD,2,Young Female,Controls,90,194.0,90.0,104.0,Female,REGAVG,Right Eye,end_hls,104.0,End HLS,day_90,180.0,1
data/Cohort_2/Day 104/Controls/FT 76/Bioptigen/End HLS/OS/FT76_OS_L_2_0_BScanThumb_0000054.BMP,FT76,FT76_OS,OS,2,Young Female,Controls,90,194.0,90.0,104.0,Female,BScanThumb,Right Eye,end_hls,104.0,End HLS,day_90,180.0,1
data/Cohort_2/Day 104/Controls/FT 76/Bioptigen/End HLS/OS/FT76_OS_L_2_0_BScanThumb_0000058.BMP,FT76,FT76_OS,OS,2,Young Female,Controls,90,194.0,90.0,104.0,Female,BScanThumb,Right Eye,end_hls,104.0,End HLS,day_90,180.0,1
data/Cohort_2/Day 104/Controls/FT 76/Bioptigen/End HLS/OS/FT76_OS_V_3x3_0_BScanThumb_0000049.BMP,FT76,FT76_OS,OS,2,Young Female,Controls,90,194.0,90.0,104.0,Female,BScanThumb,Right Eye,end_hls,104.0,End HLS,day_90,180.0,1
data/Cohort_2/Day 104/Controls/FT 76/Bioptigen/End HLS/OS/FT76_OS_L_2_0_REGAVG0000055.BMP,FT76,FT76_OS,OS,2,Young Female,Controls,90,194.0,90.0,104.0,Female,REGAVG,Right Eye,end_hls,104.0,End HLS,day_90,180.0,1
data/Cohort_2/Day 104/Controls/FT 76/Bioptigen/End HLS/OS/FT76_OS_L_2_0_REGAVG0000059.BMP,FT76,FT76_OS,OS,2,Young Female,Controls,90,194.0,90.0,104.0,Female,REGAVG,Right Eye,end_hls,104.0,End HLS,day_90,180.0,1
data/Cohort_2/Day 104/Controls/FT 78/Bioptigen/Baseline/OD/FT78_OD_L_2_0_BScanThumb_0000006.BMP,FT78,FT78_OD,OD,2,Young Female,Controls,0,90.0,90.0,0.0,Female,BScanThumb,Right Eye,baseline,104.0,Baseline,day_0,90.0,2
data/Cohort_2/Day 104/Controls/FT 78/Bioptigen/Baseline/OD/FT78_OD_L_2_0_BScanThumb_0000010.BMP,FT78,FT78_OD,OD,2,Young Female,Controls,0,90.0,90.0,0.0,Female,BScanThumb,Right Eye,baseline,104.0,Baseline,day_0,90.0,2
data/Cohort_2/Day 104/Controls/FT 78/Bioptigen/Baseline/OD/FT78_OD_V_3x3_0_BScanThumb_0000001.BMP,FT78,FT78_OD,OD,2,Young Female,Controls,0,90.0,90.0,0.0,Female,BScanThumb,Right Eye,baseline,104.0,Baseline,day_0,90.0,2
data/Cohort_2/Day 104/Controls/FT 78/Bioptigen/Baseline/OD/FT78_OD_L_2_0_REGAVG0000007.BMP,FT78,FT78_OD,OD,2,Young Female,Controls,0,90.0,90.0,0.0,Female,REGAVG,Right Eye,baseline,104.0,Baseline,day_0,90.0,2
data/Cohort_2/Day 104/Controls/FT 78/Bioptigen/Baseline/OD/FT78_OD_L_2_0_REGAVG0000011.BMP,FT78,FT78_OD,OD,2,Young Female,Controls,0,90.0,90.0,0.0,Female,REGAVG,Right Eye,baseline,104.0,Baseline,day_0,90.0,2
data/Cohort_2/Day 104/Controls/FT 78/Bioptigen/Baseline/OS/FT78_OS_L_2_0_BScanThumb_0000019.BMP,FT78,FT78_OS,OS,2,Young Female,Controls,0,90.0,90.0,0.0,Female,BScanThumb,Right Eye,baseline,104.0,Baseline,day_0,90.0,2
data/Cohort_2/Day 104/Controls/FT 78/Bioptigen/Baseline/OS/FT78_OS_L_2_0_BScanThumb_0000023.BMP,FT78,FT78_OS,OS,2,Young Female,Controls,0,90.0,90.0,0.0,Female,BScanThumb,Right Eye,baseline,104.0,Baseline,day_0,90.0,2
data/Cohort_2/Day 104/Controls/FT 78/Bioptigen/Baseline/OS/FT78_OS_V_3x3_0_BScanThumb_0000014.BMP,FT78,FT78_OS,OS,2,Young Female,Controls,0,90.0,90.0,0.0,Female,BScanThumb,Right Eye,baseline,104.0,Baseline,day_0,90.0,2
data/Cohort_2/Day 104/Controls/FT 78/Bioptigen/Baseline/OS/FT78_OS_L_2_0_REGAVG0000020.BMP,FT78,FT78_OS,OS,2,Young Female,Controls,0,90.0,90.0,0.0,Female,REGAVG,Right Eye,baseline,104.0,Baseline,day_0,90.0,2
data/Cohort_2/Day 104/Controls/FT 78/Bioptigen/Baseline/OS/FT78_OS_L_2_0_REGAVG0000024.BMP,FT78,FT78_OS,OS,2,Young Female,Controls,0,90.0,90.0,0.0,Female,REGAVG,Right Eye,baseline,104.0,Baseline,day_0,90.0,2
data/Cohort_2/Day 104/Controls/FT 78/Bioptigen/End HLS/OD/FT78_OD_L_2_0_BScanThumb_0000044.BMP,FT78,FT78_OD,OD,2,Young Female,Controls,90,194.0,90.0,104.0,Female,BScanThumb,Right Eye,end_hls,104.0,End HLS,day_90,180.0,2
data/Cohort_2/Day 104/Controls/FT 78/Bioptigen/End HLS/OD/FT78_OD_L_2_0_BScanThumb_0000048.BMP,FT78,FT78_OD,OD,2,Young Female,Controls,90,194.0,90.0,104.0,Female,BScanThumb,Right Eye,end_hls,104.0,End HLS,day_90,180.0,2
data/Cohort_2/Day 104/Controls/FT 78/Bioptigen/End HLS/OD/FT78_OD_V_3x3_0_BScanThumb_0000039.BMP,FT78,FT78_OD,OD,2,Young Female,Controls,90,194.0,90.0,104.0,Female,BScanThumb,Right Eye,end_hls,104.0,End HLS,day_90,180.0,2
data/Cohort_2/Day 104/Controls/FT 78/Bioptigen/End HLS/OD/FT78_OD_L_2_0_REGAVG0000045.BMP,FT78,FT78_OD,OD,2,Young Female,Controls,90,194.0,90.0,104.0,Female,REGAVG,Right Eye,end_hls,104.0,End HLS,day_90,180.0,2
data/Cohort_2/Day 104/Controls/FT 78/Bioptigen/End HLS/OD/FT78_OD_L_2_0_REGAVG0000049.BMP,FT78,FT78_OD,OD,2,Young Female,Controls,90,194.0,90.0,104.0,Female,REGAVG,Right Eye,end_hls,104.0,End HLS,day_90,180.0,2
data/Cohort_2/Day 104/Controls/FT 78/Bioptigen/End HLS/OS/FT78_OS_L_2_0_BScanThumb_0000057.BMP,FT78,FT78_OS,OS,2,Young Female,Controls,90,194.0,90.0,104.0,Female,BScanThumb,Right Eye,end_hls,104.0,End HLS,day_90,180.0,2
data/Cohort_2/Day 104/Controls/FT 78/Bioptigen/End HLS/OS/FT78_OS_L_2_0_BScanThumb_0000061.BMP,FT78,FT78_OS,OS,2,Young Female,Controls,90,194.0,90.0,104.0,Female,BScanThumb,Right Eye,end_hls,104.0,End HLS,day_90,180.0,2
data/Cohort_2/Day 104/Controls/FT 78/Bioptigen/End HLS/OS/FT78_OS_V_3x3_0_BScanThumb_0000052.BMP,FT78,FT78_OS,OS,2,Young Female,Controls,90,194.0,90.0,104.0,Female,BScanThumb,Right Eye,end_hls,104.0,End HLS,day_90,180.0,2
data/Cohort_2/Day 104/Controls/FT 78/Bioptigen/End HLS/OS/FT78_OS_L_2_0_REGAVG0000058.BMP,FT78,FT78_OS,OS,2,Young Female,Controls,90,194.0,90.0,104.0,Female,REGAVG,Right Eye,end_hls,104.0,End HLS,day_90,180.0,2
data/Cohort_2/Day 104/Controls/FT 78/Bioptigen/End HLS/OS/FT78_OS_L_2_0_REGAVG0000062.BMP,FT78,FT78_OS,OS,2,Young Female,Controls,90,194.0,90.0,104.0,Female,REGAVG,Right Eye,end_hls,104.0,End HLS,day_90,180.0,2
data/Cohort_2/Day 14/Controls/FT 8/Bioptigen/Baseline/OD/8-FT_OD_L_3_0_BScanThumb_0000025.BMP,FT8,FT8_OD,OD,2,Young Female,Controls,0,90.0,90.0,0.0,Female,BScanThumb,Right Eye,baseline,14.0,Baseline,day_0,90.0,0
data/Cohort_2/Day 14/Controls/FT 8/Bioptigen/Baseline/OD/8-FT_OD_L_3_0_BScanThumb_0000028.BMP,FT8,FT8_OD,OD,2,Young Female,Controls,0,90.0,90.0,0.0,Female,BScanThumb,Right Eye,baseline,14.0,Baseline,day_0,90.0,0
data/Cohort_2/Day 14/Controls/FT 8/Bioptigen/Baseline/OD/8-FT_OD_R_3_0_BScanThumb_0000013.BMP,FT8,FT8_OD,OD,2,Young Female,Controls,0,90.0,90.0,0.0,Female,BScanThumb,Right Eye,baseline,14.0,Baseline,day_0,90.0,0
data/Cohort_2/Day 14/Controls/FT 8/Bioptigen/Baseline/OD/8-FT_OD_V_1x1_0_BScanThumb_0000021.BMP,FT8,FT8_OD,OD,2,Young Female,Controls,0,90.0,90.0,0.0,Female,BScanThumb,Right Eye,baseline,14.0,Baseline,day_0,90.0,0
data/Cohort_2/Day 14/Controls/FT 8/Bioptigen/Baseline/OD/8-FT_OD_V_3x3_0_BScanThumb_0000001.BMP,FT8,FT8_OD,OD,2,Young Female,Controls,0,90.0,90.0,0.0,Female,BScanThumb,Right Eye,baseline,14.0,Baseline,day_0,90.0,0
data/Cohort_2/Day 14/Controls/FT 8/Bioptigen/Baseline/OD/8-FT_OD_V_3x3_0_BScanThumb_0000005.BMP,FT8,FT8_OD,OD,2,Young Female,Controls,0,90.0,90.0,0.0,Female,BScanThumb,Right Eye,baseline,14.0,Baseline,day_0,90.0,0
data/Cohort_2/Day 14/Controls/FT 8/Bioptigen/Baseline/OD/8-FT_OD_V_3x3_0_BScanThumb_0000009.BMP,FT8,FT8_OD,OD,2,Young Female,Controls,0,90.0,90.0,0.0,Female,BScanThumb,Right Eye,baseline,14.0,Baseline,day_0,90.0,0
data/Cohort_2/Day 14/Controls/FT 8/Bioptigen/Baseline/OD/8-FT_OD_V_3x3_0_BScanThumb_0000017.BMP,FT8,FT8_OD,OD,2,Young Female,Controls,0,90.0,90.0,0.0,Female,BScanThumb,Right Eye,baseline,14.0,Baseline,day_0,90.0,0
data/Cohort_2/Day 14/Controls/FT 8/Bioptigen/Baseline/OD/8-FT_OD_V_3x3_0_BScanThumb_0000031.BMP,FT8,FT8_OD,OD,2,Young Female,Controls,0,90.0,90.0,0.0,Female,BScanThumb,Right Eye,baseline,14.0,Baseline,day_0,90.0,0
data/Cohort_2/Day 14/Controls/FT 8/Bioptigen/Baseline/OD/8-FT_OD_L_3_0_REGAVG0000026.BMP,FT8,FT8_OD,OD,2,Young Female,Controls,0,90.0,90.0,0.0,Female,REGAVG,Right Eye,baseline,14.0,Baseline,day_0,90.0,0
data/Cohort_2/Day 14/Controls/FT 8/Bioptigen/Baseline/OD/8-FT_OD_L_3_0_REGAVG0000029.BMP,FT8,FT8_OD,OD,2,Young Female,Controls,0,90.0,90.0,0.0,Female,REGAVG,Right Eye,baseline,14.0,Baseline,day_0,90.0,0
data/Cohort_2/Day 14/Controls/FT 8/Bioptigen/Baseline/OD/8-FT_OD_V_1X1_0_REGAVG0000022.BMP,FT8,FT8_OD,OD,2,Young Female,Controls,0,90.0,90.0,0.0,Female,REGAVG,Right Eye,baseline,14.0,Baseline,day_0,90.0,0
data/Cohort_2/Day 14/Controls/FT 8/Bioptigen/Baseline/OD/8-FT_OD_V_3X3_0_REGAVG0000032.BMP,FT8,FT8_OD,OD,2,Young Female,Controls,0,90.0,90.0,0.0,Female,REGAVG,Right Eye,baseline,14.0,Baseline,day_0,90.0,0
data/Cohort_2/Day 14/Controls/FT 8/Bioptigen/Baseline/OS/8-FT_OS_L_3_0_BScanThumb_0000055.BMP,FT8,FT8_OS,OS,2,Young Female,Controls,0,90.0,90.0,0.0,Female,BScanThumb,Right Eye,baseline,14.0,Baseline,day_0,90.0,0
data/Cohort_2/Day 14/Controls/FT 8/Bioptigen/Baseline/OS/8-FT_OS_L_3_0_BScanThumb_0000070.BMP,FT8,FT8_OS,OS,2,Young Female,Controls,0,90.0,90.0,0.0,Female,BScanThumb,Right Eye,baseline,14.0,Baseline,day_0,90.0,0
data/Cohort_2/Day 14/Controls/FT 8/Bioptigen/Baseline/OS/8-FT_OS_R_3_0_BScanThumb_0000058.BMP,FT8,FT8_OS,OS,2,Young Female,Controls,0,90.0,90.0,0.0,Female,BScanThumb,Right Eye,baseline,14.0,Baseline,day_0,90.0,0
data/Cohort_2/Day 14/Controls/FT 8/Bioptigen/Baseline/OS/8-FT_OS_V_1x1_0_BScanThumb_0000051.BMP,FT8,FT8_OS,OS,2,Young Female,Controls,0,90.0,90.0,0.0,Female,BScanThumb,Right Eye,baseline,14.0,Baseline,day_0,90.0,0
data/Cohort_2/Day 14/Controls/FT 8/Bioptigen/Baseline/OS/8-FT_OS_V_3x3_0_BScanThumb_0000047.BMP,FT8,FT8_OS,OS,2,Young Female,Controls,0,90.0,90.0,0.0,Female,BScanThumb,Right Eye,baseline,14.0,Baseline,day_0,90.0,0
data/Cohort_2/Day 14/Controls/FT 8/Bioptigen/Baseline/OS/8-FT_OS_V_3x3_0_BScanThumb_0000062.BMP,FT8,FT8_OS,OS,2,Young Female,Controls,0,90.0,90.0,0.0,Female,BScanThumb,Right Eye,baseline,14.0,Baseline,day_0,90.0,0
data/Cohort_2/Day 14/Controls/FT 8/Bioptigen/Baseline/OS/8-FT_OS_V_3x3_0_BScanThumb_0000066.BMP,FT8,FT8_OS,OS,2,Young Female,Controls,0,90.0,90.0,0.0,Female,BScanThumb,Right Eye,baseline,14.0,Baseline,day_0,90.0,0
data/Cohort_2/Day 14/Controls/FT 8/Bioptigen/Baseline/OS/8-FT_OS_V_3x3_0_BScanThumb_0000073.BMP,FT8,FT8_OS,OS,2,Young Female,Controls,0,90.0,90.0,0.0,Female,BScanThumb,Right Eye,baseline,14.0,Baseline,day_0,90.0,0
data/Cohort_2/Day 14/Controls/FT 8/Bioptigen/Baseline/OS/8-FT_OS_L_3_0_REGAVG0000056.BMP,FT8,FT8_OS,OS,2,Young Female,Controls,0,90.0,90.0,0.0,Female,REGAVG,Right Eye,baseline,14.0,Baseline,day_0,90.0,0
data/Cohort_2/Day 14/Controls/FT 8/Bioptigen/Baseline/OS/8-FT_OS_L_3_0_REGAVG0000071.BMP,FT8,FT8_OS,OS,2,Young Female,Controls,0,90.0,90.0,0.0,Female,REGAVG,Right Eye,baseline,14.0,Baseline,day_0,90.0,0
data/Cohort_2/Day 14/Controls/FT 8/Bioptigen/Baseline/OS/8-FT_OS_V_1X1_0_REGAVG0000052.BMP,FT8,FT8_OS,OS,2,Young Female,Controls,0,90.0,90.0,0.0,Female,REGAVG,Right Eye,baseline,14.0,Baseline,day_0,90.0,0
data/Cohort_2/Day 104/Controls/FT 82/Bioptigen/Baseline/OD/FT82_OD_L_2_0_BScanThumb_0000006.BMP,FT82,FT82_OD,OD,2,Young Female,Controls,0,90.0,90.0,0.0,Female,BScanThumb,Right Eye,baseline,104.0,Baseline,day_0,90.0,1
data/Cohort_2/Day 104/Controls/FT 82/Bioptigen/Baseline/OD/FT82_OD_L_2_0_BScanThumb_0000010.BMP,FT82,FT82_OD,OD,2,Young Female,Controls,0,90.0,90.0,0.0,Female,BScanThumb,Right Eye,baseline,104.0,Baseline,day_0,90.0,1
data/Cohort_2/Day 104/Controls/FT 82/Bioptigen/Baseline/OD/FT82_OD_V_3x3_0_BScanThumb_0000001.BMP,FT82,FT82_OD,OD,2,Young Female,Controls,0,90.0,90.0,0.0,Female,BScanThumb,Right Eye,baseline,104.0,Baseline,day_0,90.0,1
data/Cohort_2/Day 104/Controls/FT 82/Bioptigen/Baseline/OD/FT82_OD_L_2_0_REGAVG0000007.BMP,FT82,FT82_OD,OD,2,Young Female,Controls,0,90.0,90.0,0.0,Female,REGAVG,Right Eye,baseline,104.0,Baseline,day_0,90.0,1
data/Cohort_2/Day 104/Controls/FT 82/Bioptigen/Baseline/OD/FT82_OD_L_2_0_REGAVG0000011.BMP,FT82,FT82_OD,OD,2,Young Female,Controls,0,90.0,90.0,0.0,Female,REGAVG,Right Eye,baseline,104.0,Baseline,day_0,90.0,1
data/Cohort_2/Day 104/Controls/FT 82/Bioptigen/Baseline/OS/FT82_OS_L_2_0_BScanThumb_0000022.BMP,FT82,FT82_OS,OS,2,Young Female,Controls,0,90.0,90.0,0.0,Female,BScanThumb,Right Eye,baseline,104.0,Baseline,day_0,90.0,1
data/Cohort_2/Day 104/Controls/FT 82/Bioptigen/Baseline/OS/FT82_OS_L_2_0_BScanThumb_0000026.BMP,FT82,FT82_OS,OS,2,Young Female,Controls,0,90.0,90.0,0.0,Female,BScanThumb,Right Eye,baseline,104.0,Baseline,day_0,90.0,1
data/Cohort_2/Day 104/Controls/FT 82/Bioptigen/Baseline/OS/FT82_OS_V_3x3_0_BScanThumb_0000017.BMP,FT82,FT82_OS,OS,2,Young Female,Controls,0,90.0,90.0,0.0,Female,BScanThumb,Right Eye,baseline,104.0,Baseline,day_0,90.0,1
data/Cohort_2/Day 104/Controls/FT 82/Bioptigen/Baseline/OS/FT82_OS_L_2_0_REGAVG0000023.BMP,FT82,FT82_OS,OS,2,Young Female,Controls,0,90.0,90.0,0.0,Female,REGAVG,Right Eye,baseline,104.0,Baseline,day_0,90.0,1
data/Cohort_2/Day 104/Controls/FT 82/Bioptigen/Baseline/OS/FT82_OS_L_2_0_REGAVG0000027.BMP,FT82,FT82_OS,OS,2,Young Female,Controls,0,90.0,90.0,0.0,Female,REGAVG,Right Eye,baseline,104.0,Baseline,day_0,90.0,1
data/Cohort_2/Day 104/Controls/FT 82/Bioptigen/End HLS/OD/FT82_OD_L_2_0_BScanThumb_0000044.BMP,FT82,FT82_OD,OD,2,Young Female,Controls,90,194.0,90.0,104.0,Female,BScanThumb,Right Eye,end_hls,104.0,End HLS,day_90,180.0,1
data/Cohort_2/Day 104/Controls/FT 82/Bioptigen/End HLS/OD/FT82_OD_L_2_0_BScanThumb_0000048.BMP,FT82,FT82_OD,OD,2,Young Female,Controls,90,194.0,90.0,104.0,Female,BScanThumb,Right Eye,end_hls,104.0,End HLS,day_90,180.0,1
data/Cohort_2/Day 104/Controls/FT 82/Bioptigen/End HLS/OD/FT82_OD_V_3x3_0_BScanThumb_0000039.BMP,FT82,FT82_OD,OD,2,Young Female,Controls,90,194.0,90.0,104.0,Female,BScanThumb,Right Eye,end_hls,104.0,End HLS,day_90,180.0,1
data/Cohort_2/Day 104/Controls/FT 82/Bioptigen/End HLS/OD/FT82_OD_L_2_0_REGAVG0000045.BMP,FT82,FT82_OD,OD,2,Young Female,Controls,90,194.0,90.0,104.0,Female,REGAVG,Right Eye,end_hls,104.0,End HLS,day_90,180.0,1
data/Cohort_2/Day 104/Controls/FT 82/Bioptigen/End HLS/OD/FT82_OD_L_2_0_REGAVG0000049.BMP,FT82,FT82_OD,OD,2,Young Female,Controls,90,194.0,90.0,104.0,Female,REGAVG,Right Eye,end_hls,104.0,End HLS,day_90,180.0,1
data/Cohort_2/Day 104/Controls/FT 82/Bioptigen/End HLS/OS/FT82_OS_L_2_0_BScanThumb_0000057.BMP,FT82,FT82_OS,OS,2,Young Female,Controls,90,194.0,90.0,104.0,Female,BScanThumb,Right Eye,end_hls,104.0,End HLS,day_90,180.0,1
data/Cohort_2/Day 104/Controls/FT 82/Bioptigen/End HLS/OS/FT82_OS_L_2_0_BScanThumb_0000061.BMP,FT82,FT82_OS,OS,2,Young Female,Controls,90,194.0,90.0,104.0,Female,BScanThumb,Right Eye,end_hls,104.0,End HLS,day_90,180.0,1
data/Cohort_2/Day 104/Controls/FT 82/Bioptigen/End HLS/OS/FT82_OS_V_3x3_0_BScanThumb_0000052.BMP,FT82,FT82_OS,OS,2,Young Female,Controls,90,194.0,90.0,104.0,Female,BScanThumb,Right Eye,end_hls,104.0,End HLS,day_90,180.0,1
data/Cohort_2/Day 104/Controls/FT 82/Bioptigen/End HLS/OS/FT82_OS_L_2_0_REGAVG0000058.BMP,FT82,FT82_OS,OS,2,Young Female,Controls,90,194.0,90.0,104.0,Female,REGAVG,Right Eye,end_hls,104.0,End HLS,day_90,180.0,1
data/Cohort_2/Day 104/Controls/FT 82/Bioptigen/End HLS/OS/FT82_OS_L_2_0_REGAVG0000062.BMP,FT82,FT82_OS,OS,2,Young Female,Controls,90,194.0,90.0,104.0,Female,REGAVG,Right Eye,end_hls,104.0,End HLS,day_90,180.0,1
data/Cohort_2/Day 104/Controls/FT 84/Bioptigen/Baseline/OD/FT84_OD_L_2_0_BScanThumb_0000006.BMP,FT84,FT84_OD,OD,2,Young Female,Controls,0,90.0,90.0,0.0,Female,BScanThumb,Right Eye,baseline,104.0,Baseline,day_0,90.0,2
data/Cohort_2/Day 104/Controls/FT 84/Bioptigen/Baseline/OD/FT84_OD_L_2_0_BScanThumb_0000010.BMP,FT84,FT84_OD,OD,2,Young Female,Controls,0,90.0,90.0,0.0,Female,BScanThumb,Right Eye,baseline,104.0,Baseline,day_0,90.0,2
data/Cohort_2/Day 104/Controls/FT 84/Bioptigen/Baseline/OD/FT84_OD_V_3x3_0_BScanThumb_0000001.BMP,FT84,FT84_OD,OD,2,Young Female,Controls,0,90.0,90.0,0.0,Female,BScanThumb,Right Eye,baseline,104.0,Baseline,day_0,90.0,2
data/Cohort_2/Day 104/Controls/FT 84/Bioptigen/Baseline/OD/FT84_OD_L_2_0_REGAVG0000007.BMP,FT84,FT84_OD,OD,2,Young Female,Controls,0,90.0,90.0,0.0,Female,REGAVG,Right Eye,baseline,104.0,Baseline,day_0,90.0,2
data/Cohort_2/Day 104/Controls/FT 84/Bioptigen/Baseline/OD/FT84_OD_L_2_0_REGAVG0000011.BMP,FT84,FT84_OD,OD,2,Young Female,Controls,0,90.0,90.0,0.0,Female,REGAVG,Right Eye,baseline,104.0,Baseline,day_0,90.0,2
data/Cohort_2/Day 104/Controls/FT 84/Bioptigen/Baseline/OS/FT84_OS_L_2_0_BScanThumb_0000019.BMP,FT84,FT84_OS,OS,2,Young Female,Controls,0,90.0,90.0,0.0,Female,BScanThumb,Right Eye,baseline,104.0,Baseline,day_0,90.0,2
data/Cohort_2/Day 104/Controls/FT 84/Bioptigen/Baseline/OS/FT84_OS_L_2_0_BScanThumb_0000023.BMP,FT84,FT84_OS,OS,2,Young Female,Controls,0,90.0,90.0,0.0,Female,BScanThumb,Right Eye,baseline,104.0,Baseline,day_0,90.0,2
data/Cohort_2/Day 104/Controls/FT 84/Bioptigen/Baseline/OS/FT84_OS_V_3x3_0_BScanThumb_0000014.BMP,FT84,FT84_OS,OS,2,Young Female,Controls,0,90.0,90.0,0.0,Female,BScanThumb,Right Eye,baseline,104.0,Baseline,day_0,90.0,2
data/Cohort_2/Day 104/Controls/FT 84/Bioptigen/Baseline/OS/FT84_OS_L_2_0_REGAVG0000020.BMP,FT84,FT84_OS,OS,2,Young Female,Controls,0,90.0,90.0,0.0,Female,REGAVG,Right Eye,baseline,104.0,Baseline,day_0,90.0,2
data/Cohort_2/Day 104/Controls/FT 84/Bioptigen/Baseline/OS/FT84_OS_L_2_0_REGAVG0000024.BMP,FT84,FT84_OS,OS,2,Young Female,Controls,0,90.0,90.0,0.0,Female,REGAVG,Right Eye,baseline,104.0,Baseline,day_0,90.0,2
data/Cohort_2/Day 104/Controls/FT 84/Bioptigen/End HLS/OD/FT84_OD_L_2_0_BScanThumb_0000044.BMP,FT84,FT84_OD,OD,2,Young Female,Controls,90,194.0,90.0,104.0,Female,BScanThumb,Right Eye,end_hls,104.0,End HLS,day_90,180.0,2
data/Cohort_2/Day 104/Controls/FT 84/Bioptigen/End HLS/OD/FT84_OD_L_2_0_BScanThumb_0000048.BMP,FT84,FT84_OD,OD,2,Young Female,Controls,90,194.0,90.0,104.0,Female,BScanThumb,Right Eye,end_hls,104.0,End HLS,day_90,180.0,2
data/Cohort_2/Day 104/Controls/FT 84/Bioptigen/End HLS/OD/FT84_OD_L_2_0_BScanThumb_0000052.BMP,FT84,FT84_OD,OD,2,Young Female,Controls,90,194.0,90.0,104.0,Female,BScanThumb,Right Eye,end_hls,104.0,End HLS,day_90,180.0,2
data/Cohort_2/Day 104/Controls/FT 84/Bioptigen/End HLS/OD/FT84_OD_V_3x3_0_BScanThumb_0000039.BMP,FT84,FT84_OD,OD,2,Young Female,Controls,90,194.0,90.0,104.0,Female,BScanThumb,Right Eye,end_hls,104.0,End HLS,day_90,180.0,2
data/Cohort_2/Day 104/Controls/FT 84/Bioptigen/End HLS/OD/FT84_OD_L_2_0_REGAVG0000045.BMP,FT84,FT84_OD,OD,2,Young Female,Controls,90,194.0,90.0,104.0,Female,REGAVG,Right Eye,end_hls,104.0,End HLS,day_90,180.0,2
data/Cohort_2/Day 104/Controls/FT 84/Bioptigen/End HLS/OD/FT84_OD_L_2_0_REGAVG0000049.BMP,FT84,FT84_OD,OD,2,Young Female,Controls,90,194.0,90.0,104.0,Female,REGAVG,Right Eye,end_hls,104.0,End HLS,day_90,180.0,2
data/Cohort_2/Day 104/Controls/FT 84/Bioptigen/End HLS/OD/FT84_OD_L_2_0_REGAVG0000053.BMP,FT84,FT84_OD,OD,2,Young Female,Controls,90,194.0,90.0,104.0,Female,REGAVG,Right Eye,end_hls,104.0,End HLS,day_90,180.0,2
data/Cohort_2/Day 104/Controls/FT 84/Bioptigen/End HLS/OS/FT84_OS_L_2_0_BScanThumb_0000061.BMP,FT84,FT84_OS,OS,2,Young Female,Controls,90,194.0,90.0,104.0,Female,BScanThumb,Right Eye,end_hls,104.0,End HLS,day_90,180.0,2
data/Cohort_2/Day 104/Controls/FT 84/Bioptigen/End HLS/OS/FT84_OS_L_2_0_BScanThumb_0000065.BMP,FT84,FT84_OS,OS,2,Young Female,Controls,90,194.0,90.0,104.0,Female,BScanThumb,Right Eye,end_hls,104.0,End HLS,day_90,180.0,2
data/Cohort_2/Day 104/Controls/FT 84/Bioptigen/End HLS/OS/FT84_OS_V_3x3_0_BScanThumb_0000056.BMP,FT84,FT84_OS,OS,2,Young Female,Controls,90,194.0,90.0,104.0,Female,BScanThumb,Right Eye,end_hls,104.0,End HLS,day_90,180.0,2
data/Cohort_2/Day 104/Controls/FT 84/Bioptigen/End HLS/OS/FT84_OS_L_2_0_REGAVG0000062.BMP,FT84,FT84_OS,OS,2,Young Female,Controls,90,194.0,90.0,104.0,Female,REGAVG,Right Eye,end_hls,104.0,End HLS,day_90,180.0,2
data/Cohort_2/Day 104/Controls/FT 84/Bioptigen/End HLS/OS/FT84_OS_L_2_0_REGAVG0000066.BMP,FT84,FT84_OS,OS,2,Young Female,Controls,90,194.0,90.0,104.0,Female,REGAVG,Right Eye,end_hls,104.0,End HLS,day_90,180.0,2
data/Cohort_2/Day 104/Controls/FT 87/Bioptigen/Baseline/OD/FT87_OD_L_2_0_BScanThumb_0000006.BMP,FT87,FT87_OD,OD,2,Young Female,Controls,0,90.0,90.0,0.0,Female,BScanThumb,Right Eye,baseline,104.0,Baseline,day_0,90.0,0
data/Cohort_2/Day 104/Controls/FT 87/Bioptigen/Baseline/OD/FT87_OD_L_2_0_BScanThumb_0000010.BMP,FT87,FT87_OD,OD,2,Young Female,Controls,0,90.0,90.0,0.0,Female,BScanThumb,Right Eye,baseline,104.0,Baseline,day_0,90.0,0
data/Cohort_2/Day 104/Controls/FT 87/Bioptigen/Baseline/OD/FT87_OD_V_3x3_0_BScanThumb_0000001.BMP,FT87,FT87_OD,OD,2,Young Female,Controls,0,90.0,90.0,0.0,Female,BScanThumb,Right Eye,baseline,104.0,Baseline,day_0,90.0,0
data/Cohort_2/Day 104/Controls/FT 87/Bioptigen/Baseline/OD/FT87_OD_L_2_0_REGAVG0000007.BMP,FT87,FT87_OD,OD,2,Young Female,Controls,0,90.0,90.0,0.0,Female,REGAVG,Right Eye,baseline,104.0,Baseline,day_0,90.0,0
data/Cohort_2/Day 104/Controls/FT 87/Bioptigen/Baseline/OD/FT87_OD_L_2_0_REGAVG0000011.BMP,FT87,FT87_OD,OD,2,Young Female,Controls,0,90.0,90.0,0.0,Female,REGAVG,Right Eye,baseline,104.0,Baseline,day_0,90.0,0
data/Cohort_2/Day 104/Controls/FT 87/Bioptigen/Baseline/OS/FT87_OS_L_2_0_BScanThumb_0000019.BMP,FT87,FT87_OS,OS,2,Young Female,Controls,0,90.0,90.0,0.0,Female,BScanThumb,Right Eye,baseline,104.0,Baseline,day_0,90.0,0
data/Cohort_2/Day 104/Controls/FT 87/Bioptigen/Baseline/OS/FT87_OS_L_2_0_BScanThumb_0000023.BMP,FT87,FT87_OS,OS,2,Young Female,Controls,0,90.0,90.0,0.0,Female,BScanThumb,Right Eye,baseline,104.0,Baseline,day_0,90.0,0
data/Cohort_2/Day 104/Controls/FT 87/Bioptigen/Baseline/OS/FT87_OS_V_3x3_0_BScanThumb_0000014.BMP,FT87,FT87_OS,OS,2,Young Female,Controls,0,90.0,90.0,0.0,Female,BScanThumb,Right Eye,baseline,104.0,Baseline,day_0,90.0,0
data/Cohort_2/Day 104/Controls/FT 87/Bioptigen/Baseline/OS/FT87_OS_L_2_0_REGAVG0000020.BMP,FT87,FT87_OS,OS,2,Young Female,Controls,0,90.0,90.0,0.0,Female,REGAVG,Right Eye,baseline,104.0,Baseline,day_0,90.0,0
data/Cohort_2/Day 104/Controls/FT 87/Bioptigen/Baseline/OS/FT87_OS_L_2_0_REGAVG0000024.BMP,FT87,FT87_OS,OS,2,Young Female,Controls,0,90.0,90.0,0.0,Female,REGAVG,Right Eye,baseline,104.0,Baseline,day_0,90.0,0
data/Cohort_2/Day 104/Controls/FT 87/Bioptigen/End HLS/OD/FT87_OD_L_2_0_BScanThumb_0000044.BMP,FT87,FT87_OD,OD,2,Young Female,Controls,90,194.0,90.0,104.0,Female,BScanThumb,Right Eye,end_hls,104.0,End HLS,day_90,180.0,0
data/Cohort_2/Day 104/Controls/FT 87/Bioptigen/End HLS/OD/FT87_OD_L_2_0_BScanThumb_0000048.BMP,FT87,FT87_OD,OD,2,Young Female,Controls,90,194.0,90.0,104.0,Female,BScanThumb,Right Eye,end_hls,104.0,End HLS,day_90,180.0,0
data/Cohort_2/Day 104/Controls/FT 87/Bioptigen/End HLS/OD/FT87_OD_V_3x3_0_BScanThumb_0000039.BMP,FT87,FT87_OD,OD,2,Young Female,Controls,90,194.0,90.0,104.0,Female,BScanThumb,Right Eye,end_hls,104.0,End HLS,day_90,180.0,0
data/Cohort_2/Day 104/Controls/FT 87/Bioptigen/End HLS/OD/FT87_OD_L_2_0_REGAVG0000045.BMP,FT87,FT87_OD,OD,2,Young Female,Controls,90,194.0,90.0,104.0,Female,REGAVG,Right Eye,end_hls,104.0,End HLS,day_90,180.0,0
data/Cohort_2/Day 104/Controls/FT 87/Bioptigen/End HLS/OD/FT87_OD_L_2_0_REGAVG0000049.BMP,FT87,FT87_OD,OD,2,Young Female,Controls,90,194.0,90.0,104.0,Female,REGAVG,Right Eye,end_hls,104.0,End HLS,day_90,180.0,0
data/Cohort_2/Day 104/Controls/FT 87/Bioptigen/End HLS/OS/FT87_OS_L_2_0_BScanThumb_0000057.BMP,FT87,FT87_OS,OS,2,Young Female,Controls,90,194.0,90.0,104.0,Female,BScanThumb,Right Eye,end_hls,104.0,End HLS,day_90,180.0,0
data/Cohort_2/Day 104/Controls/FT 87/Bioptigen/End HLS/OS/FT87_OS_L_2_0_BScanThumb_0000061.BMP,FT87,FT87_OS,OS,2,Young Female,Controls,90,194.0,90.0,104.0,Female,BScanThumb,Right Eye,end_hls,104.0,End HLS,day_90,180.0,0
data/Cohort_2/Day 104/Controls/FT 87/Bioptigen/End HLS/OS/FT87_OS_V_3x3_0_BScanThumb_0000052.BMP,FT87,FT87_OS,OS,2,Young Female,Controls,90,194.0,90.0,104.0,Female,BScanThumb,Right Eye,end_hls,104.0,End HLS,day_90,180.0,0
data/Cohort_2/Day 104/Controls/FT 87/Bioptigen/End HLS/OS/FT87_OS_L_2_0_REGAVG0000058.BMP,FT87,FT87_OS,OS,2,Young Female,Controls,90,194.0,90.0,104.0,Female,REGAVG,Right Eye,end_hls,104.0,End HLS,day_90,180.0,0
data/Cohort_2/Day 104/Controls/FT 87/Bioptigen/End HLS/OS/FT87_OS_L_2_0_REGAVG0000062.BMP,FT87,FT87_OS,OS,2,Young Female,Controls,90,194.0,90.0,104.0,Female,REGAVG,Right Eye,end_hls,104.0,End HLS,day_90,180.0,0
data/Cohort_2/Day 7/Controls/FT 9/Bioptigen/Baseline/OD/9-FT_OD_L_3_0_BScanThumb_0000025.BMP,FT9,FT9_OD,OD,2,Young Female,Controls,0,90.0,90.0,0.0,Female,BScanThumb,Right Eye,baseline,7.0,Baseline,day_0,90.0,1
data/Cohort_2/Day 7/Controls/FT 9/Bioptigen/Baseline/OD/9-FT_OD_L_3_0_BScanThumb_0000028.BMP,FT9,FT9_OD,OD,2,Young Female,Controls,0,90.0,90.0,0.0,Female,BScanThumb,Right Eye,baseline,7.0,Baseline,day_0,90.0,1
data/Cohort_2/Day 7/Controls/FT 9/Bioptigen/Baseline/OD/9-FT_OD_R_3_0_BScanThumb_0000013.BMP,FT9,FT9_OD,OD,2,Young Female,Controls,0,90.0,90.0,0.0,Female,BScanThumb,Right Eye,baseline,7.0,Baseline,day_0,90.0,1
data/Cohort_2/Day 7/Controls/FT 9/Bioptigen/Baseline/OD/9-FT_OD_V_1x1_0_BScanThumb_0000021.BMP,FT9,FT9_OD,OD,2,Young Female,Controls,0,90.0,90.0,0.0,Female,BScanThumb,Right Eye,baseline,7.0,Baseline,day_0,90.0,1
data/Cohort_2/Day 7/Controls/FT 9/Bioptigen/Baseline/OD/9-FT_OD_V_3x3_0_BScanThumb_0000001.BMP,FT9,FT9_OD,OD,2,Young Female,Controls,0,90.0,90.0,0.0,Female,BScanThumb,Right Eye,baseline,7.0,Baseline,day_0,90.0,1
data/Cohort_2/Day 7/Controls/FT 9/Bioptigen/Baseline/OD/9-FT_OD_V_3x3_0_BScanThumb_0000005.BMP,FT9,FT9_OD,OD,2,Young Female,Controls,0,90.0,90.0,0.0,Female,BScanThumb,Right Eye,baseline,7.0,Baseline,day_0,90.0,1
data/Cohort_2/Day 7/Controls/FT 9/Bioptigen/Baseline/OD/9-FT_OD_V_3x3_0_BScanThumb_0000009.BMP,FT9,FT9_OD,OD,2,Young Female,Controls,0,90.0,90.0,0.0,Female,BScanThumb,Right Eye,baseline,7.0,Baseline,day_0,90.0,1
data/Cohort_2/Day 7/Controls/FT 9/Bioptigen/Baseline/OD/9-FT_OD_V_3x3_0_BScanThumb_0000017.BMP,FT9,FT9_OD,OD,2,Young Female,Controls,0,90.0,90.0,0.0,Female,BScanThumb,Right Eye,baseline,7.0,Baseline,day_0,90.0,1
data/Cohort_2/Day 7/Controls/FT 9/Bioptigen/Baseline/OD/9-FT_OD_V_3x3_0_BScanThumb_0000031.BMP,FT9,FT9_OD,OD,2,Young Female,Controls,0,90.0,90.0,0.0,Female,BScanThumb,Right Eye,baseline,7.0,Baseline,day_0,90.0,1
data/Cohort_2/Day 7/Controls/FT 9/Bioptigen/Baseline/OD/9-FT_OD_L_3_0_REGAVG0000026.BMP,FT9,FT9_OD,OD,2,Young Female,Controls,0,90.0,90.0,0.0,Female,REGAVG,Right Eye,baseline,7.0,Baseline,day_0,90.0,1
data/Cohort_2/Day 7/Controls/FT 9/Bioptigen/Baseline/OD/9-FT_OD_L_3_0_REGAVG0000029.BMP,FT9,FT9_OD,OD,2,Young Female,Controls,0,90.0,90.0,0.0,Female,REGAVG,Right Eye,baseline,7.0,Baseline,day_0,90.0,1
data/Cohort_2/Day 7/Controls/FT 9/Bioptigen/Baseline/OD/9-FT_OD_V_1X1_0_REGAVG0000022.BMP,FT9,FT9_OD,OD,2,Young Female,Controls,0,90.0,90.0,0.0,Female,REGAVG,Right Eye,baseline,7.0,Baseline,day_0,90.0,1
data/Cohort_2/Day 7/Controls/FT 9/Bioptigen/Baseline/OD/9-FT_OD_V_3X3_0_REGAVG0000032.BMP,FT9,FT9_OD,OD,2,Young Female,Controls,0,90.0,90.0,0.0,Female,REGAVG,Right Eye,baseline,7.0,Baseline,day_0,90.0,1
data/Cohort_2/Day 7/Controls/FT 9/Bioptigen/Baseline/OS/9-FT_OS_L_3_0_BScanThumb_0000059.BMP,FT9,FT9_OS,OS,2,Young Female,Controls,0,90.0,90.0,0.0,Female,BScanThumb,Right Eye,baseline,7.0,Baseline,day_0,90.0,1
data/Cohort_2/Day 7/Controls/FT 9/Bioptigen/Baseline/OS/9-FT_OS_L_3_0_BScanThumb_0000066.BMP,FT9,FT9_OS,OS,2,Young Female,Controls,0,90.0,90.0,0.0,Female,BScanThumb,Right Eye,baseline,7.0,Baseline,day_0,90.0,1
data/Cohort_2/Day 7/Controls/FT 9/Bioptigen/Baseline/OS/9-FT_OS_R_3_0_BScanThumb_0000051.BMP,FT9,FT9_OS,OS,2,Young Female,Controls,0,90.0,90.0,0.0,Female,BScanThumb,Right Eye,baseline,7.0,Baseline,day_0,90.0,1
data/Cohort_2/Day 7/Controls/FT 9/Bioptigen/Baseline/OS/9-FT_OS_V_1x1_0_BScanThumb_0000069.BMP,FT9,FT9_OS,OS,2,Young Female,Controls,0,90.0,90.0,0.0,Female,BScanThumb,Right Eye,baseline,7.0,Baseline,day_0,90.0,1
data/Cohort_2/Day 7/Controls/FT 9/Bioptigen/Baseline/OS/9-FT_OS_V_3x3_0_BScanThumb_0000047.BMP,FT9,FT9_OS,OS,2,Young Female,Controls,0,90.0,90.0,0.0,Female,BScanThumb,Right Eye,baseline,7.0,Baseline,day_0,90.0,1
data/Cohort_2/Day 7/Controls/FT 9/Bioptigen/Baseline/OS/9-FT_OS_V_3x3_0_BScanThumb_0000055.BMP,FT9,FT9_OS,OS,2,Young Female,Controls,0,90.0,90.0,0.0,Female,BScanThumb,Right Eye,baseline,7.0,Baseline,day_0,90.0,1
data/Cohort_2/Day 7/Controls/FT 9/Bioptigen/Baseline/OS/9-FT_OS_V_3x3_0_BScanThumb_0000062.BMP,FT9,FT9_OS,OS,2,Young Female,Controls,0,90.0,90.0,0.0,Female,BScanThumb,Right Eye,baseline,7.0,Baseline,day_0,90.0,1
data/Cohort_2/Day 7/Controls/FT 9/Bioptigen/Baseline/OS/9-FT_OS_V_3x3_0_BScanThumb_0000073.BMP,FT9,FT9_OS,OS,2,Young Female,Controls,0,90.0,90.0,0.0,Female,BScanThumb,Right Eye,baseline,7.0,Baseline,day_0,90.0,1
data/Cohort_2/Day 7/Controls/FT 9/Bioptigen/Baseline/OS/9-FT_OS_L_3_0_REGAVG0000060.BMP,FT9,FT9_OS,OS,2,Young Female,Controls,0,90.0,90.0,0.0,Female,REGAVG,Right Eye,baseline,7.0,Baseline,day_0,90.0,1
data/Cohort_2/Day 7/Controls/FT 9/Bioptigen/Baseline/OS/9-FT_OS_L_3_0_REGAVG0000067.BMP,FT9,FT9_OS,OS,2,Young Female,Controls,0,90.0,90.0,0.0,Female,REGAVG,Right Eye,baseline,7.0,Baseline,day_0,90.0,1
data/Cohort_2/Day 7/Controls/FT 9/Bioptigen/Baseline/OS/9-FT_OS_V_1X1_0_REGAVG0000070.BMP,FT9,FT9_OS,OS,2,Young Female,Controls,0,90.0,90.0,0.0,Female,REGAVG,Right Eye,baseline,7.0,Baseline,day_0,90.0,1
data/Cohort_2/Day 7/Controls/FT 9/Bioptigen/Baseline/OS/9-FT_OS_V_3X3_0_REGAVG0000074.BMP,FT9,FT9_OS,OS,2,Young Female,Controls,0,90.0,90.0,0.0,Female,REGAVG,Right Eye,baseline,7.0,Baseline,day_0,90.0,1
data/Cohort_2/Day 104/Controls/FT 96/Bioptigen/Baseline/OD/FT96_OD_L_2_0_BScanThumb_0000001.BMP,FT96,FT96_OD,OD,2,Young Female,Controls,0,90.0,90.0,0.0,Female,BScanThumb,Right Eye,baseline,104.0,Baseline,day_0,90.0,2
data/Cohort_2/Day 104/Controls/FT 96/Bioptigen/Baseline/OD/FT96_OD_L_2_0_BScanThumb_0000010.BMP,FT96,FT96_OD,OD,2,Young Female,Controls,0,90.0,90.0,0.0,Female,BScanThumb,Right Eye,baseline,104.0,Baseline,day_0,90.0,2
data/Cohort_2/Day 104/Controls/FT 96/Bioptigen/Baseline/OD/FT96_OD_V_3x3_0_BScanThumb_0000005.BMP,FT96,FT96_OD,OD,2,Young Female,Controls,0,90.0,90.0,0.0,Female,BScanThumb,Right Eye,baseline,104.0,Baseline,day_0,90.0,2
data/Cohort_2/Day 104/Controls/FT 96/Bioptigen/Baseline/OD/FT96_OD_L_2_0_REGAVG0000002.BMP,FT96,FT96_OD,OD,2,Young Female,Controls,0,90.0,90.0,0.0,Female,REGAVG,Right Eye,baseline,104.0,Baseline,day_0,90.0,2
data/Cohort_2/Day 104/Controls/FT 96/Bioptigen/Baseline/OD/FT96_OD_L_2_0_REGAVG0000011.BMP,FT96,FT96_OD,OD,2,Young Female,Controls,0,90.0,90.0,0.0,Female,REGAVG,Right Eye,baseline,104.0,Baseline,day_0,90.0,2
data/Cohort_2/Day 104/Controls/FT 96/Bioptigen/Baseline/OS/FT96_OS_L_2_0_BScanThumb_0000019.BMP,FT96,FT96_OS,OS,2,Young Female,Controls,0,90.0,90.0,0.0,Female,BScanThumb,Right Eye,baseline,104.0,Baseline,day_0,90.0,2
data/Cohort_2/Day 104/Controls/FT 96/Bioptigen/Baseline/OS/FT96_OS_L_2_0_BScanThumb_0000023.BMP,FT96,FT96_OS,OS,2,Young Female,Controls,0,90.0,90.0,0.0,Female,BScanThumb,Right Eye,baseline,104.0,Baseline,day_0,90.0,2
data/Cohort_2/Day 104/Controls/FT 96/Bioptigen/Baseline/OS/FT96_OS_V_3x3_0_BScanThumb_0000014.BMP,FT96,FT96_OS,OS,2,Young Female,Controls,0,90.0,90.0,0.0,Female,BScanThumb,Right Eye,baseline,104.0,Baseline,day_0,90.0,2
data/Cohort_2/Day 104/Controls/FT 96/Bioptigen/Baseline/OS/FT96_OS_L_2_0_REGAVG0000020.BMP,FT96,FT96_OS,OS,2,Young Female,Controls,0,90.0,90.0,0.0,Female,REGAVG,Right Eye,baseline,104.0,Baseline,day_0,90.0,2
data/Cohort_2/Day 104/Controls/FT 96/Bioptigen/Baseline/OS/FT96_OS_L_2_0_REGAVG0000024.BMP,FT96,FT96_OS,OS,2,Young Female,Controls,0,90.0,90.0,0.0,Female,REGAVG,Right Eye,baseline,104.0,Baseline,day_0,90.0,2
data/Cohort_2/Day 104/Controls/FT 96/Bioptigen/End HLS/OD/FT96_OD_L_2_0_BScanThumb_0000044.BMP,FT96,FT96_OD,OD,2,Young Female,Controls,90,194.0,90.0,104.0,Female,BScanThumb,Right Eye,end_hls,104.0,End HLS,day_90,180.0,2
data/Cohort_2/Day 104/Controls/FT 96/Bioptigen/End HLS/OD/FT96_OD_L_2_0_BScanThumb_0000048.BMP,FT96,FT96_OD,OD,2,Young Female,Controls,90,194.0,90.0,104.0,Female,BScanThumb,Right Eye,end_hls,104.0,End HLS,day_90,180.0,2
data/Cohort_2/Day 104/Controls/FT 96/Bioptigen/End HLS/OD/FT96_OD_V_3x3_0_BScanThumb_0000039.BMP,FT96,FT96_OD,OD,2,Young Female,Controls,90,194.0,90.0,104.0,Female,BScanThumb,Right Eye,end_hls,104.0,End HLS,day_90,180.0,2
data/Cohort_2/Day 104/Controls/FT 96/Bioptigen/End HLS/OD/FT96_OD_L_2_0_REGAVG0000045.BMP,FT96,FT96_OD,OD,2,Young Female,Controls,90,194.0,90.0,104.0,Female,REGAVG,Right Eye,end_hls,104.0,End HLS,day_90,180.0,2
data/Cohort_2/Day 104/Controls/FT 96/Bioptigen/End HLS/OD/FT96_OD_L_2_0_REGAVG0000049.BMP,FT96,FT96_OD,OD,2,Young Female,Controls,90,194.0,90.0,104.0,Female,REGAVG,Right Eye,end_hls,104.0,End HLS,day_90,180.0,2
data/Cohort_2/Day 104/Controls/FT 96/Bioptigen/End HLS/OS/FT96_OS_L_2_0_BScanThumb_0000057.BMP,FT96,FT96_OS,OS,2,Young Female,Controls,90,194.0,90.0,104.0,Female,BScanThumb,Right Eye,end_hls,104.0,End HLS,day_90,180.0,2
data/Cohort_2/Day 104/Controls/FT 96/Bioptigen/End HLS/OS/FT96_OS_L_2_0_BScanThumb_0000061.BMP,FT96,FT96_OS,OS,2,Young Female,Controls,90,194.0,90.0,104.0,Female,BScanThumb,Right Eye,end_hls,104.0,End HLS,day_90,180.0,2
data/Cohort_2/Day 104/Controls/FT 96/Bioptigen/End HLS/OS/FT96_OS_V_3x3_0_BScanThumb_0000052.BMP,FT96,FT96_OS,OS,2,Young Female,Controls,90,194.0,90.0,104.0,Female,BScanThumb,Right Eye,end_hls,104.0,End HLS,day_90,180.0,2
data/Cohort_2/Day 104/Controls/FT 96/Bioptigen/End HLS/OS/FT96_OS_L_2_0_REGAVG0000058.BMP,FT96,FT96_OS,OS,2,Young Female,Controls,90,194.0,90.0,104.0,Female,REGAVG,Right Eye,end_hls,104.0,End HLS,day_90,180.0,2
data/Cohort_2/Day 104/Controls/FT 96/Bioptigen/End HLS/OS/FT96_OS_L_2_0_REGAVG0000062.BMP,FT96,FT96_OS,OS,2,Young Female,Controls,90,194.0,90.0,104.0,Female,REGAVG,Right Eye,end_hls,104.0,End HLS,day_90,180.0,2
data/Cohort_2/Day 97/Controls/FT 98/Bioptigen/Baseline/OD/FT98_OD_L_2_0_BScanThumb_0000006.BMP,FT98,FT98_OD,OD,2,Young Female,Controls,0,90.0,90.0,0.0,Female,BScanThumb,Right Eye,baseline,97.0,Baseline,day_0,90.0,1
data/Cohort_2/Day 97/Controls/FT 98/Bioptigen/Baseline/OD/FT98_OD_L_2_0_BScanThumb_0000010.BMP,FT98,FT98_OD,OD,2,Young Female,Controls,0,90.0,90.0,0.0,Female,BScanThumb,Right Eye,baseline,97.0,Baseline,day_0,90.0,1
data/Cohort_2/Day 97/Controls/FT 98/Bioptigen/Baseline/OD/FT98_OD_V_3x3_0_BScanThumb_0000001.BMP,FT98,FT98_OD,OD,2,Young Female,Controls,0,90.0,90.0,0.0,Female,BScanThumb,Right Eye,baseline,97.0,Baseline,day_0,90.0,1
data/Cohort_2/Day 97/Controls/FT 98/Bioptigen/Baseline/OD/FT98_OD_L_2_0_REGAVG0000007.BMP,FT98,FT98_OD,OD,2,Young Female,Controls,0,90.0,90.0,0.0,Female,REGAVG,Right Eye,baseline,97.0,Baseline,day_0,90.0,1
data/Cohort_2/Day 97/Controls/FT 98/Bioptigen/Baseline/OD/FT98_OD_L_2_0_REGAVG0000011.BMP,FT98,FT98_OD,OD,2,Young Female,Controls,0,90.0,90.0,0.0,Female,REGAVG,Right Eye,baseline,97.0,Baseline,day_0,90.0,1
data/Cohort_2/Day 97/Controls/FT 98/Bioptigen/Baseline/OS/FT98_OS_L_2_0_BScanThumb_0000019.BMP,FT98,FT98_OS,OS,2,Young Female,Controls,0,90.0,90.0,0.0,Female,BScanThumb,Right Eye,baseline,97.0,Baseline,day_0,90.0,1
data/Cohort_2/Day 97/Controls/FT 98/Bioptigen/Baseline/OS/FT98_OS_L_2_0_BScanThumb_0000023.BMP,FT98,FT98_OS,OS,2,Young Female,Controls,0,90.0,90.0,0.0,Female,BScanThumb,Right Eye,baseline,97.0,Baseline,day_0,90.0,1
data/Cohort_2/Day 97/Controls/FT 98/Bioptigen/Baseline/OS/FT98_OS_V_3x3_0_BScanThumb_0000014.BMP,FT98,FT98_OS,OS,2,Young Female,Controls,0,90.0,90.0,0.0,Female,BScanThumb,Right Eye,baseline,97.0,Baseline,day_0,90.0,1
data/Cohort_2/Day 97/Controls/FT 98/Bioptigen/Baseline/OS/FT98_OS_L_2_0_REGAVG0000020.BMP,FT98,FT98_OS,OS,2,Young Female,Controls,0,90.0,90.0,0.0,Female,REGAVG,Right Eye,baseline,97.0,Baseline,day_0,90.0,1
data/Cohort_2/Day 97/Controls/FT 98/Bioptigen/Baseline/OS/FT98_OS_L_2_0_REGAVG0000024.BMP,FT98,FT98_OS,OS,2,Young Female,Controls,0,90.0,90.0,0.0,Female,REGAVG,Right Eye,baseline,97.0,Baseline,day_0,90.0,1
data/Cohort_2/Day 97/Controls/FT 98/Bioptigen/End HLS/OD/FT98_OD_L_2_0_BScanThumb_0000044.BMP,FT98,FT98_OD,OD,2,Young Female,Controls,90,187.0,90.0,97.0,Female,BScanThumb,Right Eye,end_hls,97.0,End HLS,day_90,180.0,1
data/Cohort_2/Day 97/Controls/FT 98/Bioptigen/End HLS/OD/FT98_OD_L_2_0_BScanThumb_0000048.BMP,FT98,FT98_OD,OD,2,Young Female,Controls,90,187.0,90.0,97.0,Female,BScanThumb,Right Eye,end_hls,97.0,End HLS,day_90,180.0,1
data/Cohort_2/Day 97/Controls/FT 98/Bioptigen/End HLS/OD/FT98_OD_V_3x3_0_BScanThumb_0000039.BMP,FT98,FT98_OD,OD,2,Young Female,Controls,90,187.0,90.0,97.0,Female,BScanThumb,Right Eye,end_hls,97.0,End HLS,day_90,180.0,1
data/Cohort_2/Day 97/Controls/FT 98/Bioptigen/End HLS/OD/FT98_OD_L_2_0_REGAVG0000045.BMP,FT98,FT98_OD,OD,2,Young Female,Controls,90,187.0,90.0,97.0,Female,REGAVG,Right Eye,end_hls,97.0,End HLS,day_90,180.0,1
data/Cohort_2/Day 97/Controls/FT 98/Bioptigen/End HLS/OD/FT98_OD_L_2_0_REGAVG0000049.BMP,FT98,FT98_OD,OD,2,Young Female,Controls,90,187.0,90.0,97.0,Female,REGAVG,Right Eye,end_hls,97.0,End HLS,day_90,180.0,1
data/Cohort_2/Day 97/Controls/FT 98/Bioptigen/End HLS/OS/FT98_OS_L_2_0_BScanThumb_0000057.BMP,FT98,FT98_OS,OS,2,Young Female,Controls,90,187.0,90.0,97.0,Female,BScanThumb,Right Eye,end_hls,97.0,End HLS,day_90,180.0,1
data/Cohort_2/Day 97/Controls/FT 98/Bioptigen/End HLS/OS/FT98_OS_L_2_0_BScanThumb_0000061.BMP,FT98,FT98_OS,OS,2,Young Female,Controls,90,187.0,90.0,97.0,Female,BScanThumb,Right Eye,end_hls,97.0,End HLS,day_90,180.0,1
data/Cohort_2/Day 97/Controls/FT 98/Bioptigen/End HLS/OS/FT98_OS_V_3x3_0_BScanThumb_0000052.BMP,FT98,FT98_OS,OS,2,Young Female,Controls,90,187.0,90.0,97.0,Female,BScanThumb,Right Eye,end_hls,97.0,End HLS,day_90,180.0,1
data/Cohort_2/Day 97/Controls/FT 98/Bioptigen/End HLS/OS/FT98_OS_L_2_0_REGAVG0000058.BMP,FT98,FT98_OS,OS,2,Young Female,Controls,90,187.0,90.0,97.0,Female,REGAVG,Right Eye,end_hls,97.0,End HLS,day_90,180.0,1
data/Cohort_2/Day 97/Controls/FT 98/Bioptigen/End HLS/OS/FT98_OS_L_2_0_REGAVG0000062.BMP,FT98,FT98_OS,OS,2,Young Female,Controls,90,187.0,90.0,97.0,Female,REGAVG,Right Eye,end_hls,97.0,End HLS,day_90,180.0,1
data/Cohort_2/Day 97/Controls/FT 99/Bioptigen/Baseline/OD/FT99_OD_L_2_0_BScanThumb_0000006.BMP,FT99,FT99_OD,OD,2,Young Female,Controls,0,90.0,90.0,0.0,Female,BScanThumb,Right Eye,baseline,97.0,Baseline,day_0,90.0,2
data/Cohort_2/Day 97/Controls/FT 99/Bioptigen/Baseline/OD/FT99_OD_L_2_0_BScanThumb_0000010.BMP,FT99,FT99_OD,OD,2,Young Female,Controls,0,90.0,90.0,0.0,Female,BScanThumb,Right Eye,baseline,97.0,Baseline,day_0,90.0,2
data/Cohort_2/Day 97/Controls/FT 99/Bioptigen/Baseline/OD/FT99_OD_V_3x3_0_BScanThumb_0000001.BMP,FT99,FT99_OD,OD,2,Young Female,Controls,0,90.0,90.0,0.0,Female,BScanThumb,Right Eye,baseline,97.0,Baseline,day_0,90.0,2
data/Cohort_2/Day 97/Controls/FT 99/Bioptigen/Baseline/OD/FT99_OD_L_2_0_REGAVG0000007.BMP,FT99,FT99_OD,OD,2,Young Female,Controls,0,90.0,90.0,0.0,Female,REGAVG,Right Eye,baseline,97.0,Baseline,day_0,90.0,2
data/Cohort_2/Day 97/Controls/FT 99/Bioptigen/Baseline/OD/FT99_OD_L_2_0_REGAVG0000011.BMP,FT99,FT99_OD,OD,2,Young Female,Controls,0,90.0,90.0,0.0,Female,REGAVG,Right Eye,baseline,97.0,Baseline,day_0,90.0,2
data/Cohort_2/Day 97/Controls/FT 99/Bioptigen/Baseline/OS/FT99_OS_L_2_0_BScanThumb_0000019.BMP,FT99,FT99_OS,OS,2,Young Female,Controls,0,90.0,90.0,0.0,Female,BScanThumb,Right Eye,baseline,97.0,Baseline,day_0,90.0,2
data/Cohort_2/Day 97/Controls/FT 99/Bioptigen/Baseline/OS/FT99_OS_L_2_0_BScanThumb_0000023.BMP,FT99,FT99_OS,OS,2,Young Female,Controls,0,90.0,90.0,0.0,Female,BScanThumb,Right Eye,baseline,97.0,Baseline,day_0,90.0,2
data/Cohort_2/Day 97/Controls/FT 99/Bioptigen/Baseline/OS/FT99_OS_V_3x3_0_BScanThumb_0000014.BMP,FT99,FT99_OS,OS,2,Young Female,Controls,0,90.0,90.0,0.0,Female,BScanThumb,Right Eye,baseline,97.0,Baseline,day_0,90.0,2
data/Cohort_2/Day 97/Controls/FT 99/Bioptigen/Baseline/OS/FT99_OS_L_2_0_REGAVG0000020.BMP,FT99,FT99_OS,OS,2,Young Female,Controls,0,90.0,90.0,0.0,Female,REGAVG,Right Eye,baseline,97.0,Baseline,day_0,90.0,2
data/Cohort_2/Day 97/Controls/FT 99/Bioptigen/Baseline/OS/FT99_OS_L_2_0_REGAVG0000024.BMP,FT99,FT99_OS,OS,2,Young Female,Controls,0,90.0,90.0,0.0,Female,REGAVG,Right Eye,baseline,97.0,Baseline,day_0,90.0,2
data/Cohort_2/Day 97/Controls/FT 99/Bioptigen/End HLS/OD/FT99_OD_L_2_0_BScanThumb_0000044.BMP,FT99,FT99_OD,OD,2,Young Female,Controls,90,187.0,90.0,97.0,Female,BScanThumb,Right Eye,end_hls,97.0,End HLS,day_90,180.0,2
data/Cohort_2/Day 97/Controls/FT 99/Bioptigen/End HLS/OD/FT99_OD_L_2_0_BScanThumb_0000048.BMP,FT99,FT99_OD,OD,2,Young Female,Controls,90,187.0,90.0,97.0,Female,BScanThumb,Right Eye,end_hls,97.0,End HLS,day_90,180.0,2
data/Cohort_2/Day 97/Controls/FT 99/Bioptigen/End HLS/OD/FT99_OD_V_3x3_0_BScanThumb_0000039.BMP,FT99,FT99_OD,OD,2,Young Female,Controls,90,187.0,90.0,97.0,Female,BScanThumb,Right Eye,end_hls,97.0,End HLS,day_90,180.0,2
data/Cohort_2/Day 97/Controls/FT 99/Bioptigen/End HLS/OD/FT99_OD_L_2_0_REGAVG0000045.BMP,FT99,FT99_OD,OD,2,Young Female,Controls,90,187.0,90.0,97.0,Female,REGAVG,Right Eye,end_hls,97.0,End HLS,day_90,180.0,2
data/Cohort_2/Day 97/Controls/FT 99/Bioptigen/End HLS/OD/FT99_OD_L_2_0_REGAVG0000049.BMP,FT99,FT99_OD,OD,2,Young Female,Controls,90,187.0,90.0,97.0,Female,REGAVG,Right Eye,end_hls,97.0,End HLS,day_90,180.0,2
data/Cohort_2/Day 97/Controls/FT 99/Bioptigen/End HLS/OS/FT99_OS_L_2_0_BScanThumb_0000057.BMP,FT99,FT99_OS,OS,2,Young Female,Controls,90,187.0,90.0,97.0,Female,BScanThumb,Right Eye,end_hls,97.0,End HLS,day_90,180.0,2
data/Cohort_2/Day 97/Controls/FT 99/Bioptigen/End HLS/OS/FT99_OS_L_2_0_BScanThumb_0000061.BMP,FT99,FT99_OS,OS,2,Young Female,Controls,90,187.0,90.0,97.0,Female,BScanThumb,Right Eye,end_hls,97.0,End HLS,day_90,180.0,2
data/Cohort_2/Day 97/Controls/FT 99/Bioptigen/End HLS/OS/FT99_OS_V_3x3_0_BScanThumb_0000052.BMP,FT99,FT99_OS,OS,2,Young Female,Controls,90,187.0,90.0,97.0,Female,BScanThumb,Right Eye,end_hls,97.0,End HLS,day_90,180.0,2
data/Cohort_2/Day 97/Controls/FT 99/Bioptigen/End HLS/OS/FT99_OS_L_2_0_REGAVG0000058.BMP,FT99,FT99_OS,OS,2,Young Female,Controls,90,187.0,90.0,97.0,Female,REGAVG,Right Eye,end_hls,97.0,End HLS,day_90,180.0,2
data/Cohort_2/Day 97/Controls/FT 99/Bioptigen/End HLS/OS/FT99_OS_L_2_0_REGAVG0000062.BMP,FT99,FT99_OS,OS,2,Young Female,Controls,90,187.0,90.0,97.0,Female,REGAVG,Right Eye,end_hls,97.0,End HLS,day_90,180.0,2
data/Cohort_3/Day 180/Controls/MT 103/Bioptigen/Baseline/OD/MT-103_OD_L_2_0_BScanThumb_0000006.BMP,MT103,MT103_OD,OD,3,Older Male,Controls,0,270.0,270.0,0.0,Male,BScanThumb,Right Eye,baseline,180.0,Baseline,day_0,270.0,0
data/Cohort_3/Day 180/Controls/MT 103/Bioptigen/Baseline/OD/MT-103_OD_L_2_0_BScanThumb_0000010.BMP,MT103,MT103_OD,OD,3,Older Male,Controls,0,270.0,270.0,0.0,Male,BScanThumb,Right Eye,baseline,180.0,Baseline,day_0,270.0,0
data/Cohort_3/Day 180/Controls/MT 103/Bioptigen/Baseline/OD/MT-103_OD_V_3x3_0_BScanThumb_0000001.BMP,MT103,MT103_OD,OD,3,Older Male,Controls,0,270.0,270.0,0.0,Male,BScanThumb,Right Eye,baseline,180.0,Baseline,day_0,270.0,0
data/Cohort_3/Day 180/Controls/MT 103/Bioptigen/Baseline/OD/MT-103_OD_L_2_0_REGAVG0000011.BMP,MT103,MT103_OD,OD,3,Older Male,Controls,0,270.0,270.0,0.0,Male,REGAVG,Right Eye,baseline,180.0,Baseline,day_0,270.0,0
data/Cohort_3/Day 180/Controls/MT 103/Bioptigen/Baseline/OS/MT-103_OS_L_2_0_BScanThumb_0000022.BMP,MT103,MT103_OS,OS,3,Older Male,Controls,0,270.0,270.0,0.0,Male,BScanThumb,Right Eye,baseline,180.0,Baseline,day_0,270.0,0
data/Cohort_3/Day 180/Controls/MT 103/Bioptigen/Baseline/OS/MT-103_OS_L_2_0_BScanThumb_0000026.BMP,MT103,MT103_OS,OS,3,Older Male,Controls,0,270.0,270.0,0.0,Male,BScanThumb,Right Eye,baseline,180.0,Baseline,day_0,270.0,0
data/Cohort_3/Day 180/Controls/MT 103/Bioptigen/Baseline/OS/MT-103_OS_V_3x3_0_BScanThumb_0000017.BMP,MT103,MT103_OS,OS,3,Older Male,Controls,0,270.0,270.0,0.0,Male,BScanThumb,Right Eye,baseline,180.0,Baseline,day_0,270.0,0
data/Cohort_3/Day 180/Controls/MT 103/Bioptigen/Baseline/OS/MT-103_OS_L_2_0_REGAVG0000027.BMP,MT103,MT103_OS,OS,3,Older Male,Controls,0,270.0,270.0,0.0,Male,REGAVG,Right Eye,baseline,180.0,Baseline,day_0,270.0,0
data/Cohort_3/Day 180/Controls/MT 103/Bioptigen/End HLS/OD/MT-103_OD_L_2_0_BScanThumb_0000038.BMP,MT103,MT103_OD,OD,3,Older Male,Controls,90,360.0,270.0,90.0,Male,BScanThumb,Right Eye,end_hls,180.0,End HLS,day_90,360.0,0
data/Cohort_3/Day 180/Controls/MT 103/Bioptigen/End HLS/OD/MT-103_OD_L_2_0_BScanThumb_0000042.BMP,MT103,MT103_OD,OD,3,Older Male,Controls,90,360.0,270.0,90.0,Male,BScanThumb,Right Eye,end_hls,180.0,End HLS,day_90,360.0,0
data/Cohort_3/Day 180/Controls/MT 103/Bioptigen/End HLS/OD/MT-103_OD_V_3x3_0_BScanThumb_0000033.BMP,MT103,MT103_OD,OD,3,Older Male,Controls,90,360.0,270.0,90.0,Male,BScanThumb,Right Eye,end_hls,180.0,End HLS,day_90,360.0,0
data/Cohort_3/Day 180/Controls/MT 103/Bioptigen/End HLS/OD/MT-103_OD_L_2_0_REGAVG0000039.BMP,MT103,MT103_OD,OD,3,Older Male,Controls,90,360.0,270.0,90.0,Male,REGAVG,Right Eye,end_hls,180.0,End HLS,day_90,360.0,0
data/Cohort_3/Day 180/Controls/MT 103/Bioptigen/End HLS/OD/MT-103_OD_L_2_0_REGAVG0000043.BMP,MT103,MT103_OD,OD,3,Older Male,Controls,90,360.0,270.0,90.0,Male,REGAVG,Right Eye,end_hls,180.0,End HLS,day_90,360.0,0
data/Cohort_3/Day 180/Controls/MT 103/Bioptigen/End HLS/OS/MT-103_OS_L_2_0_BScanThumb_0000057.BMP,MT103,MT103_OS,OS,3,Older Male,Controls,90,360.0,270.0,90.0,Male,BScanThumb,Right Eye,end_hls,180.0,End HLS,day_90,360.0,0
data/Cohort_3/Day 180/Controls/MT 103/Bioptigen/End HLS/OS/MT-103_OS_L_2_0_BScanThumb_0000061.BMP,MT103,MT103_OS,OS,3,Older Male,Controls,90,360.0,270.0,90.0,Male,BScanThumb,Right Eye,end_hls,180.0,End HLS,day_90,360.0,0
data/Cohort_3/Day 180/Controls/MT 103/Bioptigen/End HLS/OS/MT-103_OS_V_3x3_0_BScanThumb_0000052.BMP,MT103,MT103_OS,OS,3,Older Male,Controls,90,360.0,270.0,90.0,Male,BScanThumb,Right Eye,end_hls,180.0,End HLS,day_90,360.0,0
data/Cohort_3/Day 180/Controls/MT 115/Bioptigen/Baseline/OD/MT-115_OD_L_2_0_BScanThumb_0000005.BMP,MT115,MT115_OD,OD,3,Older Male,Controls,0,270.0,270.0,0.0,Male,BScanThumb,Right Eye,baseline,180.0,Baseline,day_0,270.0,0
data/Cohort_3/Day 180/Controls/MT 115/Bioptigen/Baseline/OD/MT-115_OD_L_2_0_BScanThumb_0000008.BMP,MT115,MT115_OD,OD,3,Older Male,Controls,0,270.0,270.0,0.0,Male,BScanThumb,Right Eye,baseline,180.0,Baseline,day_0,270.0,0
data/Cohort_3/Day 180/Controls/MT 115/Bioptigen/Baseline/OD/MT-115_OD_V_3x3_0_BScanThumb_0000001.BMP,MT115,MT115_OD,OD,3,Older Male,Controls,0,270.0,270.0,0.0,Male,BScanThumb,Right Eye,baseline,180.0,Baseline,day_0,270.0,0
data/Cohort_3/Day 180/Controls/MT 115/Bioptigen/Baseline/OD/MT-115_OD_L_2_0_REGAVG0000009.BMP,MT115,MT115_OD,OD,3,Older Male,Controls,0,270.0,270.0,0.0,Male,REGAVG,Right Eye,baseline,180.0,Baseline,day_0,270.0,0
data/Cohort_3/Day 180/Controls/MT 115/Bioptigen/Baseline/OS/MT-115_OS_L_2_0_BScanThumb_0000018.BMP,MT115,MT115_OS,OS,3,Older Male,Controls,0,270.0,270.0,0.0,Male,BScanThumb,Right Eye,baseline,180.0,Baseline,day_0,270.0,0
data/Cohort_3/Day 180/Controls/MT 115/Bioptigen/Baseline/OS/MT-115_OS_L_2_0_BScanThumb_0000021.BMP,MT115,MT115_OS,OS,3,Older Male,Controls,0,270.0,270.0,0.0,Male,BScanThumb,Right Eye,baseline,180.0,Baseline,day_0,270.0,0
data/Cohort_3/Day 180/Controls/MT 115/Bioptigen/Baseline/OS/MT-115_OS_V_3x3_0_BScanThumb_0000014.BMP,MT115,MT115_OS,OS,3,Older Male,Controls,0,270.0,270.0,0.0,Male,BScanThumb,Right Eye,baseline,180.0,Baseline,day_0,270.0,0
data/Cohort_3/Day 180/Controls/MT 115/Bioptigen/Baseline/OS/MT-115_OS_L_2_0_REGAVG0000019.BMP,MT115,MT115_OS,OS,3,Older Male,Controls,0,270.0,270.0,0.0,Male,REGAVG,Right Eye,baseline,180.0,Baseline,day_0,270.0,0
data/Cohort_3/Day 180/Controls/MT 115/Bioptigen/End HLS/OD/MT-115_OD_L_2_0_BScanThumb_0000006.BMP,MT115,MT115_OD,OD,3,Older Male,Controls,90,360.0,270.0,90.0,Male,BScanThumb,Right Eye,end_hls,180.0,End HLS,day_90,360.0,0
data/Cohort_3/Day 180/Controls/MT 115/Bioptigen/End HLS/OD/MT-115_OD_L_2_0_BScanThumb_0000010.BMP,MT115,MT115_OD,OD,3,Older Male,Controls,90,360.0,270.0,90.0,Male,BScanThumb,Right Eye,end_hls,180.0,End HLS,day_90,360.0,0
data/Cohort_3/Day 180/Controls/MT 115/Bioptigen/End HLS/OD/MT-115_OD_V_3x3_0_BScanThumb_0000001.BMP,MT115,MT115_OD,OD,3,Older Male,Controls,90,360.0,270.0,90.0,Male,BScanThumb,Right Eye,end_hls,180.0,End HLS,day_90,360.0,0
data/Cohort_3/Day 180/Controls/MT 115/Bioptigen/End HLS/OD/MT-115_OD_L_2_0_REGAVG0000007.BMP,MT115,MT115_OD,OD,3,Older Male,Controls,90,360.0,270.0,90.0,Male,REGAVG,Right Eye,end_hls,180.0,End HLS,day_90,360.0,0
data/Cohort_3/Day 180/Controls/MT 115/Bioptigen/End HLS/OD/MT-115_OD_L_2_0_REGAVG0000011.BMP,MT115,MT115_OD,OD,3,Older Male,Controls,90,360.0,270.0,90.0,Male,REGAVG,Right Eye,end_hls,180.0,End HLS,day_90,360.0,0
data/Cohort_3/Day 180/Controls/MT 115/Bioptigen/End HLS/OS/MT-115_OS_L_2_0_BScanThumb_0000025.BMP,MT115,MT115_OS,OS,3,Older Male,Controls,90,360.0,270.0,90.0,Male,BScanThumb,Right Eye,end_hls,180.0,End HLS,day_90,360.0,0
data/Cohort_3/Day 180/Controls/MT 115/Bioptigen/End HLS/OS/MT-115_OS_L_2_0_BScanThumb_0000029.BMP,MT115,MT115_OS,OS,3,Older Male,Controls,90,360.0,270.0,90.0,Male,BScanThumb,Right Eye,end_hls,180.0,End HLS,day_90,360.0,0
data/Cohort_3/Day 180/Controls/MT 115/Bioptigen/End HLS/OS/MT-115_OS_V_3x3_0_BScanThumb_0000020.BMP,MT115,MT115_OS,OS,3,Older Male,Controls,90,360.0,270.0,90.0,Male,BScanThumb,Right Eye,end_hls,180.0,End HLS,day_90,360.0,0
data/Cohort_3/Day 180/Controls/MT 115/Bioptigen/End HLS/OS/MT-115_OS_L_2_0_REGAVG0000026.BMP,MT115,MT115_OS,OS,3,Older Male,Controls,90,360.0,270.0,90.0,Male,REGAVG,Right Eye,end_hls,180.0,End HLS,day_90,360.0,0
data/Cohort_3/Day 180/Controls/MT 115/Bioptigen/End HLS/OS/MT-115_OS_L_2_0_REGAVG0000030.BMP,MT115,MT115_OS,OS,3,Older Male,Controls,90,360.0,270.0,90.0,Male,REGAVG,Right Eye,end_hls,180.0,End HLS,day_90,360.0,0
data/Cohort_3/Day 180/Controls/MT 139/Bioptigen/Baseline/OD/MT-139_OD_L_2_0_BScanThumb_0000005.BMP,MT139,MT139_OD,OD,3,Older Male,Controls,0,270.0,270.0,0.0,Male,BScanThumb,Right Eye,baseline,180.0,Baseline,day_0,270.0,2
data/Cohort_3/Day 180/Controls/MT 139/Bioptigen/Baseline/OD/MT-139_OD_L_2_0_BScanThumb_0000008.BMP,MT139,MT139_OD,OD,3,Older Male,Controls,0,270.0,270.0,0.0,Male,BScanThumb,Right Eye,baseline,180.0,Baseline,day_0,270.0,2
data/Cohort_3/Day 180/Controls/MT 139/Bioptigen/Baseline/OD/MT-139_OD_V_3x3_0_BScanThumb_0000001.BMP,MT139,MT139_OD,OD,3,Older Male,Controls,0,270.0,270.0,0.0,Male,BScanThumb,Right Eye,baseline,180.0,Baseline,day_0,270.0,2
data/Cohort_3/Day 180/Controls/MT 139/Bioptigen/Baseline/OD/MT-139_OD_L_2_0_REGAVG0000009.BMP,MT139,MT139_OD,OD,3,Older Male,Controls,0,270.0,270.0,0.0,Male,REGAVG,Right Eye,baseline,180.0,Baseline,day_0,270.0,2
data/Cohort_3/Day 180/Controls/MT 139/Bioptigen/Baseline/OS/MT-139_OS_L_2_0_BScanThumb_0000018.BMP,MT139,MT139_OS,OS,3,Older Male,Controls,0,270.0,270.0,0.0,Male,BScanThumb,Right Eye,baseline,180.0,Baseline,day_0,270.0,2
data/Cohort_3/Day 180/Controls/MT 139/Bioptigen/Baseline/OS/MT-139_OS_L_2_0_BScanThumb_0000021.BMP,MT139,MT139_OS,OS,3,Older Male,Controls,0,270.0,270.0,0.0,Male,BScanThumb,Right Eye,baseline,180.0,Baseline,day_0,270.0,2
data/Cohort_3/Day 180/Controls/MT 139/Bioptigen/Baseline/OS/MT-139_OS_V_3x3_0_BScanThumb_0000014.BMP,MT139,MT139_OS,OS,3,Older Male,Controls,0,270.0,270.0,0.0,Male,BScanThumb,Right Eye,baseline,180.0,Baseline,day_0,270.0,2
data/Cohort_3/Day 180/Controls/MT 139/Bioptigen/Baseline/OS/MT-139_OS_L_2_0_REGAVG0000022.BMP,MT139,MT139_OS,OS,3,Older Male,Controls,0,270.0,270.0,0.0,Male,REGAVG,Right Eye,baseline,180.0,Baseline,day_0,270.0,2
data/Cohort_3/Day 180/Controls/MT 140/Bioptigen/Baseline/OD/MT-140_OD_L_2_0_BScanThumb_0000005.BMP,MT140,MT140_OD,OD,3,Older Male,Controls,0,270.0,270.0,0.0,Male,BScanThumb,Right Eye,baseline,180.0,Baseline,day_0,270.0,0
data/Cohort_3/Day 180/Controls/MT 140/Bioptigen/Baseline/OD/MT-140_OD_L_2_0_BScanThumb_0000008.BMP,MT140,MT140_OD,OD,3,Older Male,Controls,0,270.0,270.0,0.0,Male,BScanThumb,Right Eye,baseline,180.0,Baseline,day_0,270.0,0
data/Cohort_3/Day 180/Controls/MT 140/Bioptigen/Baseline/OD/MT-140_OD_V_3x3_0_BScanThumb_0000001.BMP,MT140,MT140_OD,OD,3,Older Male,Controls,0,270.0,270.0,0.0,Male,BScanThumb,Right Eye,baseline,180.0,Baseline,day_0,270.0,0
data/Cohort_3/Day 180/Controls/MT 140/Bioptigen/Baseline/OD/MT-140_OD_L_2_0_REGAVG0000009.BMP,MT140,MT140_OD,OD,3,Older Male,Controls,0,270.0,270.0,0.0,Male,REGAVG,Right Eye,baseline,180.0,Baseline,day_0,270.0,0
data/Cohort_3/Day 180/Controls/MT 140/Bioptigen/Baseline/OS/MT-140_OS_L_2_0_BScanThumb_0000018.BMP,MT140,MT140_OS,OS,3,Older Male,Controls,0,270.0,270.0,0.0,Male,BScanThumb,Right Eye,baseline,180.0,Baseline,day_0,270.0,0
data/Cohort_3/Day 180/Controls/MT 140/Bioptigen/Baseline/OS/MT-140_OS_L_2_0_BScanThumb_0000021.BMP,MT140,MT140_OS,OS,3,Older Male,Controls,0,270.0,270.0,0.0,Male,BScanThumb,Right Eye,baseline,180.0,Baseline,day_0,270.0,0
data/Cohort_3/Day 180/Controls/MT 140/Bioptigen/Baseline/OS/MT-140_OS_V_3x3_0_BScanThumb_0000014.BMP,MT140,MT140_OS,OS,3,Older Male,Controls,0,270.0,270.0,0.0,Male,BScanThumb,Right Eye,baseline,180.0,Baseline,day_0,270.0,0
data/Cohort_3/Day 180/Controls/MT 140/Bioptigen/Baseline/OS/MT-140_OS_L_2_0_REGAVG0000019.BMP,MT140,MT140_OS,OS,3,Older Male,Controls,0,270.0,270.0,0.0,Male,REGAVG,Right Eye,baseline,180.0,Baseline,day_0,270.0,0
data/Cohort_3/Day 180/Controls/MT 142/Bioptigen/Baseline/OD/MT-142_OD_L_2_0_BScanThumb_0000005.BMP,MT142,MT142_OD,OD,3,Older Male,Controls,0,270.0,270.0,0.0,Male,BScanThumb,Right Eye,baseline,180.0,Baseline,day_0,270.0,1
data/Cohort_3/Day 180/Controls/MT 142/Bioptigen/Baseline/OD/MT-142_OD_L_2_0_BScanThumb_0000008.BMP,MT142,MT142_OD,OD,3,Older Male,Controls,0,270.0,270.0,0.0,Male,BScanThumb,Right Eye,baseline,180.0,Baseline,day_0,270.0,1
data/Cohort_3/Day 180/Controls/MT 142/Bioptigen/Baseline/OD/MT-142_OD_V_3x3_0_BScanThumb_0000001.BMP,MT142,MT142_OD,OD,3,Older Male,Controls,0,270.0,270.0,0.0,Male,BScanThumb,Right Eye,baseline,180.0,Baseline,day_0,270.0,1
data/Cohort_3/Day 180/Controls/MT 142/Bioptigen/Baseline/OD/MT-142_OD_L_2_0_REGAVG0000009.BMP,MT142,MT142_OD,OD,3,Older Male,Controls,0,270.0,270.0,0.0,Male,REGAVG,Right Eye,baseline,180.0,Baseline,day_0,270.0,1
data/Cohort_3/Day 180/Controls/MT 142/Bioptigen/Baseline/OS/MT-142_OS_L_2_0_BScanThumb_0000018.BMP,MT142,MT142_OS,OS,3,Older Male,Controls,0,270.0,270.0,0.0,Male,BScanThumb,Right Eye,baseline,180.0,Baseline,day_0,270.0,1
data/Cohort_3/Day 180/Controls/MT 142/Bioptigen/Baseline/OS/MT-142_OS_L_2_0_BScanThumb_0000021.BMP,MT142,MT142_OS,OS,3,Older Male,Controls,0,270.0,270.0,0.0,Male,BScanThumb,Right Eye,baseline,180.0,Baseline,day_0,270.0,1
data/Cohort_3/Day 180/Controls/MT 142/Bioptigen/Baseline/OS/MT-142_OS_V_3x3_0_BScanThumb_0000014.BMP,MT142,MT142_OS,OS,3,Older Male,Controls,0,270.0,270.0,0.0,Male,BScanThumb,Right Eye,baseline,180.0,Baseline,day_0,270.0,1
data/Cohort_3/Day 180/Controls/MT 142/Bioptigen/Baseline/OS/MT-142_OS_L_2_0_REGAVG0000022.BMP,MT142,MT142_OS,OS,3,Older Male,Controls,0,270.0,270.0,0.0,Male,REGAVG,Right Eye,baseline,180.0,Baseline,day_0,270.0,1
data/Cohort_3/Day 180/Controls/MT 144/Bioptigen/Baseline/OD/MT-144_OD_L_2_0_BScanThumb_0000005.BMP,MT144,MT144_OD,OD,3,Older Male,Controls,0,270.0,270.0,0.0,Male,BScanThumb,Right Eye,baseline,180.0,Baseline,day_0,270.0,2
data/Cohort_3/Day 180/Controls/MT 144/Bioptigen/Baseline/OD/MT-144_OD_L_2_0_BScanThumb_0000008.BMP,MT144,MT144_OD,OD,3,Older Male,Controls,0,270.0,270.0,0.0,Male,BScanThumb,Right Eye,baseline,180.0,Baseline,day_0,270.0,2
data/Cohort_3/Day 180/Controls/MT 144/Bioptigen/Baseline/OD/MT-144_OD_V_3x3_0_BScanThumb_0000001.BMP,MT144,MT144_OD,OD,3,Older Male,Controls,0,270.0,270.0,0.0,Male,BScanThumb,Right Eye,baseline,180.0,Baseline,day_0,270.0,2
data/Cohort_3/Day 180/Controls/MT 144/Bioptigen/Baseline/OD/MT-144_OD_L_2_0_REGAVG0000006.BMP,MT144,MT144_OD,OD,3,Older Male,Controls,0,270.0,270.0,0.0,Male,REGAVG,Right Eye,baseline,180.0,Baseline,day_0,270.0,2
data/Cohort_3/Day 180/Controls/MT 144/Bioptigen/Baseline/OS/MT-144_OS_L_2_0_BScanThumb_0000016.BMP,MT144,MT144_OS,OS,3,Older Male,Controls,0,270.0,270.0,0.0,Male,BScanThumb,Right Eye,baseline,180.0,Baseline,day_0,270.0,2
data/Cohort_3/Day 180/Controls/MT 144/Bioptigen/Baseline/OS/MT-144_OS_L_2_0_BScanThumb_0000019.BMP,MT144,MT144_OS,OS,3,Older Male,Controls,0,270.0,270.0,0.0,Male,BScanThumb,Right Eye,baseline,180.0,Baseline,day_0,270.0,2
data/Cohort_3/Day 180/Controls/MT 144/Bioptigen/Baseline/OS/MT-144_OS_V_3x3_0_BScanThumb_0000012.BMP,MT144,MT144_OS,OS,3,Older Male,Controls,0,270.0,270.0,0.0,Male,BScanThumb,Right Eye,baseline,180.0,Baseline,day_0,270.0,2
data/Cohort_3/Day 180/Controls/MT 144/Bioptigen/Baseline/OS/MT-144_OS_L_2_0_REGAVG0000020.BMP,MT144,MT144_OS,OS,3,Older Male,Controls,0,270.0,270.0,0.0,Male,REGAVG,Right Eye,baseline,180.0,Baseline,day_0,270.0,2
data/Cohort_3/Day 14/Controls/MT 163/Bioptigen/Baseline/OD/MT-163_OD_L_2_0_BScanThumb_0000038.BMP,MT163,MT163_OD,OD,3,Older Male,Controls,0,270.0,270.0,0.0,Male,BScanThumb,Right Eye,baseline,14.0,Baseline,day_0,270.0,1
data/Cohort_3/Day 14/Controls/MT 163/Bioptigen/Baseline/OD/MT-163_OD_L_2_0_BScanThumb_0000042.BMP,MT163,MT163_OD,OD,3,Older Male,Controls,0,270.0,270.0,0.0,Male,BScanThumb,Right Eye,baseline,14.0,Baseline,day_0,270.0,1
data/Cohort_3/Day 14/Controls/MT 163/Bioptigen/Baseline/OD/MT-163_OD_V_3x3_0_BScanThumb_0000033.BMP,MT163,MT163_OD,OD,3,Older Male,Controls,0,270.0,270.0,0.0,Male,BScanThumb,Right Eye,baseline,14.0,Baseline,day_0,270.0,1
data/Cohort_3/Day 14/Controls/MT 163/Bioptigen/Baseline/OD/MT-163_OD_L_2_0_REGAVG0000039.BMP,MT163,MT163_OD,OD,3,Older Male,Controls,0,270.0,270.0,0.0,Male,REGAVG,Right Eye,baseline,14.0,Baseline,day_0,270.0,1
data/Cohort_3/Day 14/Controls/MT 163/Bioptigen/Baseline/OD/MT-163_OD_L_2_0_REGAVG0000043.BMP,MT163,MT163_OD,OD,3,Older Male,Controls,0,270.0,270.0,0.0,Male,REGAVG,Right Eye,baseline,14.0,Baseline,day_0,270.0,1
data/Cohort_3/Day 14/Controls/MT 163/Bioptigen/Baseline/OS/MT-163_OS_L_2_0_BScanThumb_0000057.BMP,MT163,MT163_OS,OS,3,Older Male,Controls,0,270.0,270.0,0.0,Male,BScanThumb,Right Eye,baseline,14.0,Baseline,day_0,270.0,1
data/Cohort_3/Day 14/Controls/MT 163/Bioptigen/Baseline/OS/MT-163_OS_L_2_0_BScanThumb_0000061.BMP,MT163,MT163_OS,OS,3,Older Male,Controls,0,270.0,270.0,0.0,Male,BScanThumb,Right Eye,baseline,14.0,Baseline,day_0,270.0,1
data/Cohort_3/Day 14/Controls/MT 163/Bioptigen/Baseline/OS/MT-163_OS_V_3x3_0_BScanThumb_0000052.BMP,MT163,MT163_OS,OS,3,Older Male,Controls,0,270.0,270.0,0.0,Male,BScanThumb,Right Eye,baseline,14.0,Baseline,day_0,270.0,1
data/Cohort_3/Day 14/Controls/MT 163/Bioptigen/Baseline/OS/MT-163_OS_L_2_0_REGAVG0000058.BMP,MT163,MT163_OS,OS,3,Older Male,Controls,0,270.0,270.0,0.0,Male,REGAVG,Right Eye,baseline,14.0,Baseline,day_0,270.0,1
data/Cohort_3/Day 14/Controls/MT 163/Bioptigen/Baseline/OS/MT-163_OS_L_2_0_REGAVG0000062.BMP,MT163,MT163_OS,OS,3,Older Male,Controls,0,270.0,270.0,0.0,Male,REGAVG,Right Eye,baseline,14.0,Baseline,day_0,270.0,1
data/Cohort_3/Day 14/Controls/MT 166/Bioptigen/Baseline/OD/MT-166_OD_L_2_0_BScanThumb_0000038.BMP,MT166,MT166_OD,OD,3,Older Male,Controls,0,270.0,270.0,0.0,Male,BScanThumb,Right Eye,baseline,14.0,Baseline,day_0,270.0,2
data/Cohort_3/Day 14/Controls/MT 166/Bioptigen/Baseline/OD/MT-166_OD_L_2_0_BScanThumb_0000042.BMP,MT166,MT166_OD,OD,3,Older Male,Controls,0,270.0,270.0,0.0,Male,BScanThumb,Right Eye,baseline,14.0,Baseline,day_0,270.0,2
data/Cohort_3/Day 14/Controls/MT 166/Bioptigen/Baseline/OD/MT-166_OD_V_3x3_0_BScanThumb_0000033.BMP,MT166,MT166_OD,OD,3,Older Male,Controls,0,270.0,270.0,0.0,Male,BScanThumb,Right Eye,baseline,14.0,Baseline,day_0,270.0,2
data/Cohort_3/Day 14/Controls/MT 166/Bioptigen/Baseline/OD/MT-166_OD_L_2_0_REGAVG0000039.BMP,MT166,MT166_OD,OD,3,Older Male,Controls,0,270.0,270.0,0.0,Male,REGAVG,Right Eye,baseline,14.0,Baseline,day_0,270.0,2
data/Cohort_3/Day 14/Controls/MT 166/Bioptigen/Baseline/OD/MT-166_OD_L_2_0_REGAVG0000043.BMP,MT166,MT166_OD,OD,3,Older Male,Controls,0,270.0,270.0,0.0,Male,REGAVG,Right Eye,baseline,14.0,Baseline,day_0,270.0,2
data/Cohort_3/Day 14/Controls/MT 166/Bioptigen/Baseline/OS/MT-166_OS_L_2_0_BScanThumb_0000057.BMP,MT166,MT166_OS,OS,3,Older Male,Controls,0,270.0,270.0,0.0,Male,BScanThumb,Right Eye,baseline,14.0,Baseline,day_0,270.0,2
data/Cohort_3/Day 14/Controls/MT 166/Bioptigen/Baseline/OS/MT-166_OS_L_2_0_BScanThumb_0000061.BMP,MT166,MT166_OS,OS,3,Older Male,Controls,0,270.0,270.0,0.0,Male,BScanThumb,Right Eye,baseline,14.0,Baseline,day_0,270.0,2
data/Cohort_3/Day 14/Controls/MT 166/Bioptigen/Baseline/OS/MT-166_OS_V_3x3_0_BScanThumb_0000052.BMP,MT166,MT166_OS,OS,3,Older Male,Controls,0,270.0,270.0,0.0,Male,BScanThumb,Right Eye,baseline,14.0,Baseline,day_0,270.0,2
data/Cohort_3/Day 14/Controls/MT 166/Bioptigen/Baseline/OS/MT-166_OS_L_2_0_REGAVG0000058.BMP,MT166,MT166_OS,OS,3,Older Male,Controls,0,270.0,270.0,0.0,Male,REGAVG,Right Eye,baseline,14.0,Baseline,day_0,270.0,2
data/Cohort_3/Day 14/Controls/MT 166/Bioptigen/Baseline/OS/MT-166_OS_L_2_0_REGAVG0000062.BMP,MT166,MT166_OS,OS,3,Older Male,Controls,0,270.0,270.0,0.0,Male,REGAVG,Right Eye,baseline,14.0,Baseline,day_0,270.0,2
data/Cohort_3/Day 14/Controls/MT 167/Bioptigen/Baseline/OD/MT-167_OD_L_2_0_BScanThumb_0000038.BMP,MT167,MT167_OD,OD,3,Older Male,Controls,0,270.0,270.0,0.0,Male,BScanThumb,Right Eye,baseline,14.0,Baseline,day_0,270.0,0
data/Cohort_3/Day 14/Controls/MT 167/Bioptigen/Baseline/OD/MT-167_OD_L_2_0_BScanThumb_0000042.BMP,MT167,MT167_OD,OD,3,Older Male,Controls,0,270.0,270.0,0.0,Male,BScanThumb,Right Eye,baseline,14.0,Baseline,day_0,270.0,0
data/Cohort_3/Day 14/Controls/MT 167/Bioptigen/Baseline/OD/MT-167_OD_V_3x3_0_BScanThumb_0000033.BMP,MT167,MT167_OD,OD,3,Older Male,Controls,0,270.0,270.0,0.0,Male,BScanThumb,Right Eye,baseline,14.0,Baseline,day_0,270.0,0
data/Cohort_3/Day 14/Controls/MT 167/Bioptigen/Baseline/OD/MT-167_OD_L_2_0_REGAVG0000039.BMP,MT167,MT167_OD,OD,3,Older Male,Controls,0,270.0,270.0,0.0,Male,REGAVG,Right Eye,baseline,14.0,Baseline,day_0,270.0,0
data/Cohort_3/Day 14/Controls/MT 167/Bioptigen/Baseline/OD/MT-167_OD_L_2_0_REGAVG0000043.BMP,MT167,MT167_OD,OD,3,Older Male,Controls,0,270.0,270.0,0.0,Male,REGAVG,Right Eye,baseline,14.0,Baseline,day_0,270.0,0
data/Cohort_3/Day 14/Controls/MT 167/Bioptigen/Baseline/OS/MT-167_OS_L_2_0_BScanThumb_0000057.BMP,MT167,MT167_OS,OS,3,Older Male,Controls,0,270.0,270.0,0.0,Male,BScanThumb,Right Eye,baseline,14.0,Baseline,day_0,270.0,0
data/Cohort_3/Day 14/Controls/MT 167/Bioptigen/Baseline/OS/MT-167_OS_L_2_0_BScanThumb_0000061.BMP,MT167,MT167_OS,OS,3,Older Male,Controls,0,270.0,270.0,0.0,Male,BScanThumb,Right Eye,baseline,14.0,Baseline,day_0,270.0,0
data/Cohort_3/Day 14/Controls/MT 167/Bioptigen/Baseline/OS/MT-167_OS_V_3x3_0_BScanThumb_0000052.BMP,MT167,MT167_OS,OS,3,Older Male,Controls,0,270.0,270.0,0.0,Male,BScanThumb,Right Eye,baseline,14.0,Baseline,day_0,270.0,0
data/Cohort_3/Day 14/Controls/MT 167/Bioptigen/Baseline/OS/MT-167_OS_L_2_0_REGAVG0000058.BMP,MT167,MT167_OS,OS,3,Older Male,Controls,0,270.0,270.0,0.0,Male,REGAVG,Right Eye,baseline,14.0,Baseline,day_0,270.0,0
data/Cohort_3/Day 14/Controls/MT 167/Bioptigen/Baseline/OS/MT-167_OS_L_2_0_REGAVG0000062.BMP,MT167,MT167_OS,OS,3,Older Male,Controls,0,270.0,270.0,0.0,Male,REGAVG,Right Eye,baseline,14.0,Baseline,day_0,270.0,0
data/Cohort_3/Day 14/Controls/MT 169/Bioptigen/Baseline/OD/MT-169_OD_L_2_0_BScanThumb_0000038.BMP,MT169,MT169_OD,OD,3,Older Male,Controls,0,270.0,270.0,0.0,Male,BScanThumb,Right Eye,baseline,14.0,Baseline,day_0,270.0,1
data/Cohort_3/Day 14/Controls/MT 169/Bioptigen/Baseline/OD/MT-169_OD_L_2_0_BScanThumb_0000042.BMP,MT169,MT169_OD,OD,3,Older Male,Controls,0,270.0,270.0,0.0,Male,BScanThumb,Right Eye,baseline,14.0,Baseline,day_0,270.0,1
data/Cohort_3/Day 14/Controls/MT 169/Bioptigen/Baseline/OD/MT-169_OD_V_3x3_0_BScanThumb_0000033.BMP,MT169,MT169_OD,OD,3,Older Male,Controls,0,270.0,270.0,0.0,Male,BScanThumb,Right Eye,baseline,14.0,Baseline,day_0,270.0,1
data/Cohort_3/Day 14/Controls/MT 169/Bioptigen/Baseline/OD/MT-169_OD_L_2_0_REGAVG0000039.BMP,MT169,MT169_OD,OD,3,Older Male,Controls,0,270.0,270.0,0.0,Male,REGAVG,Right Eye,baseline,14.0,Baseline,day_0,270.0,1
data/Cohort_3/Day 14/Controls/MT 169/Bioptigen/Baseline/OD/MT-169_OD_L_2_0_REGAVG0000043.BMP,MT169,MT169_OD,OD,3,Older Male,Controls,0,270.0,270.0,0.0,Male,REGAVG,Right Eye,baseline,14.0,Baseline,day_0,270.0,1
data/Cohort_3/Day 14/Controls/MT 169/Bioptigen/Baseline/OS/MT-169_OS_L_2_0_BScanThumb_0000054.BMP,MT169,MT169_OS,OS,3,Older Male,Controls,0,270.0,270.0,0.0,Male,BScanThumb,Right Eye,baseline,14.0,Baseline,day_0,270.0,1
data/Cohort_3/Day 14/Controls/MT 169/Bioptigen/Baseline/OS/MT-169_OS_L_2_0_BScanThumb_0000058.BMP,MT169,MT169_OS,OS,3,Older Male,Controls,0,270.0,270.0,0.0,Male,BScanThumb,Right Eye,baseline,14.0,Baseline,day_0,270.0,1
data/Cohort_3/Day 14/Controls/MT 169/Bioptigen/Baseline/OS/MT-169_OS_V_3x3_0_BScanThumb_0000049.BMP,MT169,MT169_OS,OS,3,Older Male,Controls,0,270.0,270.0,0.0,Male,BScanThumb,Right Eye,baseline,14.0,Baseline,day_0,270.0,1
data/Cohort_3/Day 14/Controls/MT 169/Bioptigen/Baseline/OS/MT-169_OS_L_2_0_REGAVG0000055.BMP,MT169,MT169_OS,OS,3,Older Male,Controls,0,270.0,270.0,0.0,Male,REGAVG,Right Eye,baseline,14.0,Baseline,day_0,270.0,1
data/Cohort_3/Day 14/Controls/MT 169/Bioptigen/Baseline/OS/MT-169_OS_L_2_0_REGAVG0000059.BMP,MT169,MT169_OS,OS,3,Older Male,Controls,0,270.0,270.0,0.0,Male,REGAVG,Right Eye,baseline,14.0,Baseline,day_0,270.0,1
data/Cohort_3/Day 14/Controls/MT 171/Bioptigen/Baseline/OD/MT-171_OD_L_2_0_BScanThumb_0000038.BMP,MT171,MT171_OD,OD,3,Older Male,Controls,0,270.0,270.0,0.0,Male,BScanThumb,Right Eye,baseline,14.0,Baseline,day_0,270.0,2
data/Cohort_3/Day 14/Controls/MT 171/Bioptigen/Baseline/OD/MT-171_OD_L_2_0_BScanThumb_0000042.BMP,MT171,MT171_OD,OD,3,Older Male,Controls,0,270.0,270.0,0.0,Male,BScanThumb,Right Eye,baseline,14.0,Baseline,day_0,270.0,2
data/Cohort_3/Day 14/Controls/MT 171/Bioptigen/Baseline/OD/MT-171_OD_V_3x3_0_BScanThumb_0000033.BMP,MT171,MT171_OD,OD,3,Older Male,Controls,0,270.0,270.0,0.0,Male,BScanThumb,Right Eye,baseline,14.0,Baseline,day_0,270.0,2
data/Cohort_3/Day 14/Controls/MT 171/Bioptigen/Baseline/OD/MT-171_OD_L_2_0_REGAVG0000039.BMP,MT171,MT171_OD,OD,3,Older Male,Controls,0,270.0,270.0,0.0,Male,REGAVG,Right Eye,baseline,14.0,Baseline,day_0,270.0,2
data/Cohort_3/Day 14/Controls/MT 171/Bioptigen/Baseline/OD/MT-171_OD_L_2_0_REGAVG0000043.BMP,MT171,MT171_OD,OD,3,Older Male,Controls,0,270.0,270.0,0.0,Male,REGAVG,Right Eye,baseline,14.0,Baseline,day_0,270.0,2
data/Cohort_3/Day 14/Controls/MT 171/Bioptigen/Baseline/OS/MT-171_OS_L_2_0_BScanThumb_0000057.BMP,MT171,MT171_OS,OS,3,Older Male,Controls,0,270.0,270.0,0.0,Male,BScanThumb,Right Eye,baseline,14.0,Baseline,day_0,270.0,2
data/Cohort_3/Day 14/Controls/MT 171/Bioptigen/Baseline/OS/MT-171_OS_V_3x3_0_BScanThumb_0000052.BMP,MT171,MT171_OS,OS,3,Older Male,Controls,0,270.0,270.0,0.0,Male,BScanThumb,Right Eye,baseline,14.0,Baseline,day_0,270.0,2
data/Cohort_3/Day 14/Controls/MT 171/Bioptigen/Baseline/OS/MT-171_OS_L_2_0_REGAVG0000058.BMP,MT171,MT171_OS,OS,3,Older Male,Controls,0,270.0,270.0,0.0,Male,REGAVG,Right Eye,baseline,14.0,Baseline,day_0,270.0,2
data/Cohort_3/Day 14/Controls/MT 173/Bioptigen/Baseline/OD/MT-173_OD_L_2_0_BScanThumb_0000038.BMP,MT173,MT173_OD,OD,3,Older Male,Controls,0,270.0,270.0,0.0,Male,BScanThumb,Right Eye,baseline,14.0,Baseline,day_0,270.0,0
data/Cohort_3/Day 14/Controls/MT 173/Bioptigen/Baseline/OD/MT-173_OD_L_2_0_BScanThumb_0000042.BMP,MT173,MT173_OD,OD,3,Older Male,Controls,0,270.0,270.0,0.0,Male,BScanThumb,Right Eye,baseline,14.0,Baseline,day_0,270.0,0
data/Cohort_3/Day 14/Controls/MT 173/Bioptigen/Baseline/OD/MT-173_OD_V_3x3_0_BScanThumb_0000033.BMP,MT173,MT173_OD,OD,3,Older Male,Controls,0,270.0,270.0,0.0,Male,BScanThumb,Right Eye,baseline,14.0,Baseline,day_0,270.0,0
data/Cohort_3/Day 14/Controls/MT 173/Bioptigen/Baseline/OD/MT-173_OD_L_2_0_REGAVG0000039.BMP,MT173,MT173_OD,OD,3,Older Male,Controls,0,270.0,270.0,0.0,Male,REGAVG,Right Eye,baseline,14.0,Baseline,day_0,270.0,0
data/Cohort_3/Day 14/Controls/MT 173/Bioptigen/Baseline/OD/MT-173_OD_L_2_0_REGAVG0000043.BMP,MT173,MT173_OD,OD,3,Older Male,Controls,0,270.0,270.0,0.0,Male,REGAVG,Right Eye,baseline,14.0,Baseline,day_0,270.0,0
data/Cohort_3/Day 14/Controls/MT 173/Bioptigen/Baseline/OS/MT-173_OS_L_2_0_BScanThumb_0000057.BMP,MT173,MT173_OS,OS,3,Older Male,Controls,0,270.0,270.0,0.0,Male,BScanThumb,Right Eye,baseline,14.0,Baseline,day_0,270.0,0
data/Cohort_3/Day 14/Controls/MT 173/Bioptigen/Baseline/OS/MT-173_OS_L_2_0_BScanThumb_0000061.BMP,MT173,MT173_OS,OS,3,Older Male,Controls,0,270.0,270.0,0.0,Male,BScanThumb,Right Eye,baseline,14.0,Baseline,day_0,270.0,0
data/Cohort_3/Day 14/Controls/MT 173/Bioptigen/Baseline/OS/MT-173_OS_V_3x3_0_BScanThumb_0000052.BMP,MT173,MT173_OS,OS,3,Older Male,Controls,0,270.0,270.0,0.0,Male,BScanThumb,Right Eye,baseline,14.0,Baseline,day_0,270.0,0
data/Cohort_3/Day 14/Controls/MT 173/Bioptigen/Baseline/OS/MT-173_OS_L_2_0_REGAVG0000058.BMP,MT173,MT173_OS,OS,3,Older Male,Controls,0,270.0,270.0,0.0,Male,REGAVG,Right Eye,baseline,14.0,Baseline,day_0,270.0,0
data/Cohort_3/Day 14/Controls/MT 173/Bioptigen/Baseline/OS/MT-173_OS_L_2_0_REGAVG0000062.BMP,MT173,MT173_OS,OS,3,Older Male,Controls,0,270.0,270.0,0.0,Male,REGAVG,Right Eye,baseline,14.0,Baseline,day_0,270.0,0
data/Cohort_3/Day 28/Controls/MT 180/Bioptigen/Baseline/OD/MT-180_OD_L_2_0_BScanThumb_0000038.BMP,MT180,MT180_OD,OD,3,Older Male,Controls,0,270.0,270.0,0.0,Male,BScanThumb,Right Eye,baseline,28.0,Baseline,day_0,270.0,2
data/Cohort_3/Day 28/Controls/MT 180/Bioptigen/Baseline/OD/MT-180_OD_L_2_0_BScanThumb_0000042.BMP,MT180,MT180_OD,OD,3,Older Male,Controls,0,270.0,270.0,0.0,Male,BScanThumb,Right Eye,baseline,28.0,Baseline,day_0,270.0,2
data/Cohort_3/Day 28/Controls/MT 180/Bioptigen/Baseline/OD/MT-180_OD_V_3x3_0_BScanThumb_0000033.BMP,MT180,MT180_OD,OD,3,Older Male,Controls,0,270.0,270.0,0.0,Male,BScanThumb,Right Eye,baseline,28.0,Baseline,day_0,270.0,2
data/Cohort_3/Day 28/Controls/MT 180/Bioptigen/Baseline/OD/MT-180_OD_L_2_0_REGAVG0000039.BMP,MT180,MT180_OD,OD,3,Older Male,Controls,0,270.0,270.0,0.0,Male,REGAVG,Right Eye,baseline,28.0,Baseline,day_0,270.0,2
data/Cohort_3/Day 28/Controls/MT 180/Bioptigen/Baseline/OD/MT-180_OD_L_2_0_REGAVG0000043.BMP,MT180,MT180_OD,OD,3,Older Male,Controls,0,270.0,270.0,0.0,Male,REGAVG,Right Eye,baseline,28.0,Baseline,day_0,270.0,2
data/Cohort_3/Day 28/Controls/MT 180/Bioptigen/Baseline/OS/MT-180_OS_L_2_0_BScanThumb_0000051.BMP,MT180,MT180_OS,OS,3,Older Male,Controls,0,270.0,270.0,0.0,Male,BScanThumb,Right Eye,baseline,28.0,Baseline,day_0,270.0,2
data/Cohort_3/Day 28/Controls/MT 180/Bioptigen/Baseline/OS/MT-180_OS_L_2_0_BScanThumb_0000055.BMP,MT180,MT180_OS,OS,3,Older Male,Controls,0,270.0,270.0,0.0,Male,BScanThumb,Right Eye,baseline,28.0,Baseline,day_0,270.0,2
data/Cohort_3/Day 28/Controls/MT 180/Bioptigen/Baseline/OS/MT-180_OS_V_3x3_0_BScanThumb_0000046.BMP,MT180,MT180_OS,OS,3,Older Male,Controls,0,270.0,270.0,0.0,Male,BScanThumb,Right Eye,baseline,28.0,Baseline,day_0,270.0,2
data/Cohort_3/Day 28/Controls/MT 180/Bioptigen/Baseline/OS/MT-180_OS_L_2_0_REGAVG0000052.BMP,MT180,MT180_OS,OS,3,Older Male,Controls,0,270.0,270.0,0.0,Male,REGAVG,Right Eye,baseline,28.0,Baseline,day_0,270.0,2
data/Cohort_3/Day 28/Controls/MT 180/Bioptigen/Baseline/OS/MT-180_OS_L_2_0_REGAVG0000056.BMP,MT180,MT180_OS,OS,3,Older Male,Controls,0,270.0,270.0,0.0,Male,REGAVG,Right Eye,baseline,28.0,Baseline,day_0,270.0,2
data/Cohort_3/Day 28/Controls/MT 186/Bioptigen/Baseline/OD/MT-186_OD_L_2_0_BScanThumb_0000006.BMP,MT186,MT186_OD,OD,3,Older Male,Controls,0,270.0,270.0,0.0,Male,BScanThumb,Right Eye,baseline,28.0,Baseline,day_0,270.0,1
data/Cohort_3/Day 28/Controls/MT 186/Bioptigen/Baseline/OD/MT-186_OD_L_2_0_BScanThumb_0000010.BMP,MT186,MT186_OD,OD,3,Older Male,Controls,0,270.0,270.0,0.0,Male,BScanThumb,Right Eye,baseline,28.0,Baseline,day_0,270.0,1
data/Cohort_3/Day 28/Controls/MT 186/Bioptigen/Baseline/OD/MT-186_OD_V_3x3_0_BScanThumb_0000001.BMP,MT186,MT186_OD,OD,3,Older Male,Controls,0,270.0,270.0,0.0,Male,BScanThumb,Right Eye,baseline,28.0,Baseline,day_0,270.0,1
data/Cohort_3/Day 28/Controls/MT 186/Bioptigen/Baseline/OD/MT-186_OD_L_2_0_REGAVG0000011.BMP,MT186,MT186_OD,OD,3,Older Male,Controls,0,270.0,270.0,0.0,Male,REGAVG,Right Eye,baseline,28.0,Baseline,day_0,270.0,1
data/Cohort_3/Day 28/Controls/MT 186/Bioptigen/Baseline/OS/MT-186_OS_L_2_0_BScanThumb_0000022.BMP,MT186,MT186_OS,OS,3,Older Male,Controls,0,270.0,270.0,0.0,Male,BScanThumb,Right Eye,baseline,28.0,Baseline,day_0,270.0,1
data/Cohort_3/Day 28/Controls/MT 186/Bioptigen/Baseline/OS/MT-186_OS_L_2_0_BScanThumb_0000026.BMP,MT186,MT186_OS,OS,3,Older Male,Controls,0,270.0,270.0,0.0,Male,BScanThumb,Right Eye,baseline,28.0,Baseline,day_0,270.0,1
data/Cohort_3/Day 28/Controls/MT 186/Bioptigen/Baseline/OS/MT-186_OS_V_3x3_0_BScanThumb_0000017.BMP,MT186,MT186_OS,OS,3,Older Male,Controls,0,270.0,270.0,0.0,Male,BScanThumb,Right Eye,baseline,28.0,Baseline,day_0,270.0,1
data/Cohort_3/Day 28/Controls/MT 186/Bioptigen/Baseline/OS/MT-186_OS_L_2_0_REGAVG0000023.BMP,MT186,MT186_OS,OS,3,Older Male,Controls,0,270.0,270.0,0.0,Male,REGAVG,Right Eye,baseline,28.0,Baseline,day_0,270.0,1
data/Cohort_3/Day 28/Controls/MT 186/Bioptigen/Baseline/OS/MT-186_OS_L_2_0_REGAVG0000027.BMP,MT186,MT186_OS,OS,3,Older Male,Controls,0,270.0,270.0,0.0,Male,REGAVG,Right Eye,baseline,28.0,Baseline,day_0,270.0,1
data/Cohort_3/Day 28/Controls/MT 192/Bioptigen/Baseline/OD/MT-192_OD_L_2_0_BScanThumb_0000006.BMP,MT192,MT192_OD,OD,3,Older Male,Controls,0,270.0,270.0,0.0,Male,BScanThumb,Right Eye,baseline,28.0,Baseline,day_0,270.0,0
data/Cohort_3/Day 28/Controls/MT 192/Bioptigen/Baseline/OD/MT-192_OD_L_2_0_BScanThumb_0000010.BMP,MT192,MT192_OD,OD,3,Older Male,Controls,0,270.0,270.0,0.0,Male,BScanThumb,Right Eye,baseline,28.0,Baseline,day_0,270.0,0
data/Cohort_3/Day 28/Controls/MT 192/Bioptigen/Baseline/OD/MT-192_OD_V_3x3_0_BScanThumb_0000001.BMP,MT192,MT192_OD,OD,3,Older Male,Controls,0,270.0,270.0,0.0,Male,BScanThumb,Right Eye,baseline,28.0,Baseline,day_0,270.0,0
data/Cohort_3/Day 28/Controls/MT 192/Bioptigen/Baseline/OD/MT-192_OD_L_2_0_REGAVG0000007.BMP,MT192,MT192_OD,OD,3,Older Male,Controls,0,270.0,270.0,0.0,Male,REGAVG,Right Eye,baseline,28.0,Baseline,day_0,270.0,0
data/Cohort_3/Day 28/Controls/MT 192/Bioptigen/Baseline/OD/MT-192_OD_L_2_0_REGAVG0000011.BMP,MT192,MT192_OD,OD,3,Older Male,Controls,0,270.0,270.0,0.0,Male,REGAVG,Right Eye,baseline,28.0,Baseline,day_0,270.0,0
data/Cohort_3/Day 28/Controls/MT 192/Bioptigen/Baseline/OS/MT-192_OS_L_2_0_BScanThumb_0000022.BMP,MT192,MT192_OS,OS,3,Older Male,Controls,0,270.0,270.0,0.0,Male,BScanThumb,Right Eye,baseline,28.0,Baseline,day_0,270.0,0
data/Cohort_3/Day 28/Controls/MT 192/Bioptigen/Baseline/OS/MT-192_OS_L_2_0_BScanThumb_0000026.BMP,MT192,MT192_OS,OS,3,Older Male,Controls,0,270.0,270.0,0.0,Male,BScanThumb,Right Eye,baseline,28.0,Baseline,day_0,270.0,0
data/Cohort_3/Day 28/Controls/MT 192/Bioptigen/Baseline/OS/MT-192_OS_V_3x3_0_BScanThumb_0000017.BMP,MT192,MT192_OS,OS,3,Older Male,Controls,0,270.0,270.0,0.0,Male,BScanThumb,Right Eye,baseline,28.0,Baseline,day_0,270.0,0
data/Cohort_3/Day 28/Controls/MT 192/Bioptigen/Baseline/OS/MT-192_OS_L_2_0_REGAVG0000027.BMP,MT192,MT192_OS,OS,3,Older Male,Controls,0,270.0,270.0,0.0,Male,REGAVG,Right Eye,baseline,28.0,Baseline,day_0,270.0,0
data/Cohort_3/Day 7/Controls/MT 219/Bioptigen/Baseline/OD/MT-219_OD_L_2_0_BScanThumb_0000006.BMP,MT219,MT219_OD,OD,3,Older Male,Controls,0,270.0,270.0,0.0,Male,BScanThumb,Right Eye,baseline,7.0,Baseline,day_0,270.0,2
data/Cohort_3/Day 7/Controls/MT 219/Bioptigen/Baseline/OD/MT-219_OD_L_2_0_BScanThumb_0000010.BMP,MT219,MT219_OD,OD,3,Older Male,Controls,0,270.0,270.0,0.0,Male,BScanThumb,Right Eye,baseline,7.0,Baseline,day_0,270.0,2
data/Cohort_3/Day 7/Controls/MT 219/Bioptigen/Baseline/OD/MT-219_OD_V_3x3_0_BScanThumb_0000001.BMP,MT219,MT219_OD,OD,3,Older Male,Controls,0,270.0,270.0,0.0,Male,BScanThumb,Right Eye,baseline,7.0,Baseline,day_0,270.0,2
data/Cohort_3/Day 7/Controls/MT 219/Bioptigen/Baseline/OD/MT-219_OD_L_2_0_REGAVG0000007.BMP,MT219,MT219_OD,OD,3,Older Male,Controls,0,270.0,270.0,0.0,Male,REGAVG,Right Eye,baseline,7.0,Baseline,day_0,270.0,2
data/Cohort_3/Day 7/Controls/MT 219/Bioptigen/Baseline/OD/MT-219_OD_L_2_0_REGAVG0000011.BMP,MT219,MT219_OD,OD,3,Older Male,Controls,0,270.0,270.0,0.0,Male,REGAVG,Right Eye,baseline,7.0,Baseline,day_0,270.0,2
data/Cohort_3/Day 7/Controls/MT 219/Bioptigen/Baseline/OS/MT-219_OS_L_2_0_BScanThumb_0000019.BMP,MT219,MT219_OS,OS,3,Older Male,Controls,0,270.0,270.0,0.0,Male,BScanThumb,Right Eye,baseline,7.0,Baseline,day_0,270.0,2
data/Cohort_3/Day 7/Controls/MT 219/Bioptigen/Baseline/OS/MT-219_OS_L_2_0_BScanThumb_0000023.BMP,MT219,MT219_OS,OS,3,Older Male,Controls,0,270.0,270.0,0.0,Male,BScanThumb,Right Eye,baseline,7.0,Baseline,day_0,270.0,2
data/Cohort_3/Day 7/Controls/MT 219/Bioptigen/Baseline/OS/MT-219_OS_V_3x3_0_BScanThumb_0000014.BMP,MT219,MT219_OS,OS,3,Older Male,Controls,0,270.0,270.0,0.0,Male,BScanThumb,Right Eye,baseline,7.0,Baseline,day_0,270.0,2
data/Cohort_3/Day 7/Controls/MT 219/Bioptigen/Baseline/OS/MT-219_OS_L_2_0_REGAVG0000020.BMP,MT219,MT219_OS,OS,3,Older Male,Controls,0,270.0,270.0,0.0,Male,REGAVG,Right Eye,baseline,7.0,Baseline,day_0,270.0,2
data/Cohort_3/Day 7/Controls/MT 219/Bioptigen/Baseline/OS/MT-219_OS_L_2_0_REGAVG0000024.BMP,MT219,MT219_OS,OS,3,Older Male,Controls,0,270.0,270.0,0.0,Male,REGAVG,Right Eye,baseline,7.0,Baseline,day_0,270.0,2
data/Cohort_3/Day 104/Controls/MT 220/Bioptigen/10-3-16 Baseline/OD/MT-220_OD_L_2_0_BScanThumb_0000006.BMP,MT220,MT220_OD,OD,3,Older Male,Controls,0,270.0,270.0,0.0,Male,BScanThumb,Right Eye,baseline,104.0,10-3-16 Baseline,day_0,270.0,2
data/Cohort_3/Day 104/Controls/MT 220/Bioptigen/10-3-16 Baseline/OD/MT-220_OD_L_2_0_BScanThumb_0000010.BMP,MT220,MT220_OD,OD,3,Older Male,Controls,0,270.0,270.0,0.0,Male,BScanThumb,Right Eye,baseline,104.0,10-3-16 Baseline,day_0,270.0,2
data/Cohort_3/Day 104/Controls/MT 220/Bioptigen/10-3-16 Baseline/OD/MT-220_OD_V_3x3_0_BScanThumb_0000001.BMP,MT220,MT220_OD,OD,3,Older Male,Controls,0,270.0,270.0,0.0,Male,BScanThumb,Right Eye,baseline,104.0,10-3-16 Baseline,day_0,270.0,2
data/Cohort_3/Day 104/Controls/MT 220/Bioptigen/10-3-16 Baseline/OD/MT-220_OD_L_2_0_REGAVG0000007.BMP,MT220,MT220_OD,OD,3,Older Male,Controls,0,270.0,270.0,0.0,Male,REGAVG,Right Eye,baseline,104.0,10-3-16 Baseline,day_0,270.0,2
data/Cohort_3/Day 104/Controls/MT 220/Bioptigen/10-3-16 Baseline/OD/MT-220_OD_L_2_0_REGAVG0000011.BMP,MT220,MT220_OD,OD,3,Older Male,Controls,0,270.0,270.0,0.0,Male,REGAVG,Right Eye,baseline,104.0,10-3-16 Baseline,day_0,270.0,2
data/Cohort_3/Day 104/Controls/MT 220/Bioptigen/10-3-16 Baseline/OS/MT-220_OS_L_2_0_BScanThumb_0000019.BMP,MT220,MT220_OS,OS,3,Older Male,Controls,0,270.0,270.0,0.0,Male,BScanThumb,Right Eye,baseline,104.0,10-3-16 Baseline,day_0,270.0,2
data/Cohort_3/Day 104/Controls/MT 220/Bioptigen/10-3-16 Baseline/OS/MT-220_OS_L_2_0_BScanThumb_0000023.BMP,MT220,MT220_OS,OS,3,Older Male,Controls,0,270.0,270.0,0.0,Male,BScanThumb,Right Eye,baseline,104.0,10-3-16 Baseline,day_0,270.0,2
data/Cohort_3/Day 104/Controls/MT 220/Bioptigen/10-3-16 Baseline/OS/MT-220_OS_V_3x3_0_BScanThumb_0000014.BMP,MT220,MT220_OS,OS,3,Older Male,Controls,0,270.0,270.0,0.0,Male,BScanThumb,Right Eye,baseline,104.0,10-3-16 Baseline,day_0,270.0,2
data/Cohort_3/Day 104/Controls/MT 220/Bioptigen/10-3-16 Baseline/OS/MT-220_OS_L_2_0_REGAVG0000020.BMP,MT220,MT220_OS,OS,3,Older Male,Controls,0,270.0,270.0,0.0,Male,REGAVG,Right Eye,baseline,104.0,10-3-16 Baseline,day_0,270.0,2
data/Cohort_3/Day 104/Controls/MT 220/Bioptigen/10-3-16 Baseline/OS/MT-220_OS_L_2_0_REGAVG0000024.BMP,MT220,MT220_OS,OS,3,Older Male,Controls,0,270.0,270.0,0.0,Male,REGAVG,Right Eye,baseline,104.0,10-3-16 Baseline,day_0,270.0,2
data/Cohort_3/Day 104/Controls/MT 220/Bioptigen/End HLS/OD/MT-220_OD_L_2_0_BScanThumb_0000079.BMP,MT220,MT220_OD,OD,3,Older Male,Controls,90,360.0,270.0,90.0,Male,BScanThumb,Right Eye,end_hls,104.0,End HLS,day_90,360.0,2
data/Cohort_3/Day 104/Controls/MT 220/Bioptigen/End HLS/OD/MT-220_OD_L_2_0_BScanThumb_0000083.BMP,MT220,MT220_OD,OD,3,Older Male,Controls,90,360.0,270.0,90.0,Male,BScanThumb,Right Eye,end_hls,104.0,End HLS,day_90,360.0,2
data/Cohort_3/Day 104/Controls/MT 220/Bioptigen/End HLS/OD/MT-220_OD_V_3x3_0_BScanThumb_0000074.BMP,MT220,MT220_OD,OD,3,Older Male,Controls,90,360.0,270.0,90.0,Male,BScanThumb,Right Eye,end_hls,104.0,End HLS,day_90,360.0,2
data/Cohort_3/Day 104/Controls/MT 220/Bioptigen/End HLS/OD/MT-220_OD_L_2_0_REGAVG0000080.BMP,MT220,MT220_OD,OD,3,Older Male,Controls,90,360.0,270.0,90.0,Male,REGAVG,Right Eye,end_hls,104.0,End HLS,day_90,360.0,2
data/Cohort_3/Day 104/Controls/MT 220/Bioptigen/End HLS/OD/MT-220_OD_L_2_0_REGAVG0000084.BMP,MT220,MT220_OD,OD,3,Older Male,Controls,90,360.0,270.0,90.0,Male,REGAVG,Right Eye,end_hls,104.0,End HLS,day_90,360.0,2
data/Cohort_3/Day 104/Controls/MT 220/Bioptigen/End HLS/OS/MT-220_OS_L_2_0_BScanThumb_0000092.BMP,MT220,MT220_OS,OS,3,Older Male,Controls,90,360.0,270.0,90.0,Male,BScanThumb,Right Eye,end_hls,104.0,End HLS,day_90,360.0,2
data/Cohort_3/Day 104/Controls/MT 220/Bioptigen/End HLS/OS/MT-220_OS_L_2_0_BScanThumb_0000096.BMP,MT220,MT220_OS,OS,3,Older Male,Controls,90,360.0,270.0,90.0,Male,BScanThumb,Right Eye,end_hls,104.0,End HLS,day_90,360.0,2
data/Cohort_3/Day 104/Controls/MT 220/Bioptigen/End HLS/OS/MT-220_OS_V_3x3_0_BScanThumb_0000087.BMP,MT220,MT220_OS,OS,3,Older Male,Controls,90,360.0,270.0,90.0,Male,BScanThumb,Right Eye,end_hls,104.0,End HLS,day_90,360.0,2
data/Cohort_3/Day 104/Controls/MT 220/Bioptigen/End HLS/OS/MT-220_OS_L_2_0_REGAVG0000093.BMP,MT220,MT220_OS,OS,3,Older Male,Controls,90,360.0,270.0,90.0,Male,REGAVG,Right Eye,end_hls,104.0,End HLS,day_90,360.0,2
data/Cohort_3/Day 104/Controls/MT 220/Bioptigen/End HLS/OS/MT-220_OS_L_2_0_REGAVG0000097.BMP,MT220,MT220_OS,OS,3,Older Male,Controls,90,360.0,270.0,90.0,Male,REGAVG,Right Eye,end_hls,104.0,End HLS,day_90,360.0,2
data/Cohort_3/Day 7/Controls/MT 221/Bioptigen/Baseline/OD/MT-221_OD_L_2_0_BScanThumb_0000006.BMP,MT221,MT221_OD,OD,3,Older Male,Controls,0,270.0,270.0,0.0,Male,BScanThumb,Right Eye,baseline,7.0,Baseline,day_0,270.0,0
data/Cohort_3/Day 7/Controls/MT 221/Bioptigen/Baseline/OD/MT-221_OD_L_2_0_BScanThumb_0000010.BMP,MT221,MT221_OD,OD,3,Older Male,Controls,0,270.0,270.0,0.0,Male,BScanThumb,Right Eye,baseline,7.0,Baseline,day_0,270.0,0
data/Cohort_3/Day 7/Controls/MT 221/Bioptigen/Baseline/OD/MT-221_OD_V_3x3_0_BScanThumb_0000001.BMP,MT221,MT221_OD,OD,3,Older Male,Controls,0,270.0,270.0,0.0,Male,BScanThumb,Right Eye,baseline,7.0,Baseline,day_0,270.0,0
data/Cohort_3/Day 7/Controls/MT 221/Bioptigen/Baseline/OD/MT-221_OD_L_2_0_REGAVG0000007.BMP,MT221,MT221_OD,OD,3,Older Male,Controls,0,270.0,270.0,0.0,Male,REGAVG,Right Eye,baseline,7.0,Baseline,day_0,270.0,0
data/Cohort_3/Day 7/Controls/MT 221/Bioptigen/Baseline/OD/MT-221_OD_L_2_0_REGAVG0000011.BMP,MT221,MT221_OD,OD,3,Older Male,Controls,0,270.0,270.0,0.0,Male,REGAVG,Right Eye,baseline,7.0,Baseline,day_0,270.0,0
data/Cohort_3/Day 7/Controls/MT 221/Bioptigen/Baseline/OS/MT-221_OS_L_2_0_BScanThumb_0000019.BMP,MT221,MT221_OS,OS,3,Older Male,Controls,0,270.0,270.0,0.0,Male,BScanThumb,Right Eye,baseline,7.0,Baseline,day_0,270.0,0
data/Cohort_3/Day 7/Controls/MT 221/Bioptigen/Baseline/OS/MT-221_OS_L_2_0_BScanThumb_0000023.BMP,MT221,MT221_OS,OS,3,Older Male,Controls,0,270.0,270.0,0.0,Male,BScanThumb,Right Eye,baseline,7.0,Baseline,day_0,270.0,0
data/Cohort_3/Day 7/Controls/MT 221/Bioptigen/Baseline/OS/MT-221_OS_V_3x3_0_BScanThumb_0000014.BMP,MT221,MT221_OS,OS,3,Older Male,Controls,0,270.0,270.0,0.0,Male,BScanThumb,Right Eye,baseline,7.0,Baseline,day_0,270.0,0
data/Cohort_3/Day 7/Controls/MT 221/Bioptigen/Baseline/OS/MT-221_OS_L_2_0_REGAVG0000020.BMP,MT221,MT221_OS,OS,3,Older Male,Controls,0,270.0,270.0,0.0,Male,REGAVG,Right Eye,baseline,7.0,Baseline,day_0,270.0,0
data/Cohort_3/Day 7/Controls/MT 221/Bioptigen/Baseline/OS/MT-221_OS_L_2_0_REGAVG0000024.BMP,MT221,MT221_OS,OS,3,Older Male,Controls,0,270.0,270.0,0.0,Male,REGAVG,Right Eye,baseline,7.0,Baseline,day_0,270.0,0
data/Cohort_3/Day 104/Controls/MT 222/Bioptigen/10-3-16 Baseline/OD/MT-222_OD_L_2_0_BScanThumb_0000006.BMP,MT222,MT222_OD,OD,3,Older Male,Controls,0,270.0,270.0,0.0,Male,BScanThumb,Right Eye,baseline,104.0,10-3-16 Baseline,day_0,270.0,1
data/Cohort_3/Day 104/Controls/MT 222/Bioptigen/10-3-16 Baseline/OD/MT-222_OD_L_2_0_BScanThumb_0000010.BMP,MT222,MT222_OD,OD,3,Older Male,Controls,0,270.0,270.0,0.0,Male,BScanThumb,Right Eye,baseline,104.0,10-3-16 Baseline,day_0,270.0,1
data/Cohort_3/Day 104/Controls/MT 222/Bioptigen/10-3-16 Baseline/OD/MT-222_OD_V_3x3_0_BScanThumb_0000001.BMP,MT222,MT222_OD,OD,3,Older Male,Controls,0,270.0,270.0,0.0,Male,BScanThumb,Right Eye,baseline,104.0,10-3-16 Baseline,day_0,270.0,1
data/Cohort_3/Day 104/Controls/MT 222/Bioptigen/10-3-16 Baseline/OD/MT-222_OD_L_2_0_REGAVG0000007.BMP,MT222,MT222_OD,OD,3,Older Male,Controls,0,270.0,270.0,0.0,Male,REGAVG,Right Eye,baseline,104.0,10-3-16 Baseline,day_0,270.0,1
data/Cohort_3/Day 104/Controls/MT 222/Bioptigen/10-3-16 Baseline/OD/MT-222_OD_L_2_0_REGAVG0000011.BMP,MT222,MT222_OD,OD,3,Older Male,Controls,0,270.0,270.0,0.0,Male,REGAVG,Right Eye,baseline,104.0,10-3-16 Baseline,day_0,270.0,1
data/Cohort_3/Day 104/Controls/MT 222/Bioptigen/10-3-16 Baseline/OS/MT-222_OS_L_2_0_BScanThumb_0000019.BMP,MT222,MT222_OS,OS,3,Older Male,Controls,0,270.0,270.0,0.0,Male,BScanThumb,Right Eye,baseline,104.0,10-3-16 Baseline,day_0,270.0,1
data/Cohort_3/Day 104/Controls/MT 222/Bioptigen/10-3-16 Baseline/OS/MT-222_OS_L_2_0_BScanThumb_0000023.BMP,MT222,MT222_OS,OS,3,Older Male,Controls,0,270.0,270.0,0.0,Male,BScanThumb,Right Eye,baseline,104.0,10-3-16 Baseline,day_0,270.0,1
data/Cohort_3/Day 104/Controls/MT 222/Bioptigen/10-3-16 Baseline/OS/MT-222_OS_V_3x3_0_BScanThumb_0000014.BMP,MT222,MT222_OS,OS,3,Older Male,Controls,0,270.0,270.0,0.0,Male,BScanThumb,Right Eye,baseline,104.0,10-3-16 Baseline,day_0,270.0,1
data/Cohort_3/Day 104/Controls/MT 222/Bioptigen/10-3-16 Baseline/OS/MT-222_OS_L_2_0_REGAVG0000020.BMP,MT222,MT222_OS,OS,3,Older Male,Controls,0,270.0,270.0,0.0,Male,REGAVG,Right Eye,baseline,104.0,10-3-16 Baseline,day_0,270.0,1
data/Cohort_3/Day 104/Controls/MT 222/Bioptigen/10-3-16 Baseline/OS/MT-222_OS_L_2_0_REGAVG0000024.BMP,MT222,MT222_OS,OS,3,Older Male,Controls,0,270.0,270.0,0.0,Male,REGAVG,Right Eye,baseline,104.0,10-3-16 Baseline,day_0,270.0,1
data/Cohort_3/Day 104/Controls/MT 222/Bioptigen/End HLS/OD/MT-222_OD_L_2_0_BScanThumb_0000082.BMP,MT222,MT222_OD,OD,3,Older Male,Controls,90,360.0,270.0,90.0,Male,BScanThumb,Right Eye,end_hls,104.0,End HLS,day_90,360.0,1
data/Cohort_3/Day 104/Controls/MT 222/Bioptigen/End HLS/OD/MT-222_OD_L_2_0_BScanThumb_0000086.BMP,MT222,MT222_OD,OD,3,Older Male,Controls,90,360.0,270.0,90.0,Male,BScanThumb,Right Eye,end_hls,104.0,End HLS,day_90,360.0,1
data/Cohort_3/Day 104/Controls/MT 222/Bioptigen/End HLS/OD/MT-222_OD_V_3x3_0_BScanThumb_0000077.BMP,MT222,MT222_OD,OD,3,Older Male,Controls,90,360.0,270.0,90.0,Male,BScanThumb,Right Eye,end_hls,104.0,End HLS,day_90,360.0,1
data/Cohort_3/Day 104/Controls/MT 222/Bioptigen/End HLS/OS/MT-222_OS_L_2_0_BScanThumb_0000095.BMP,MT222,MT222_OS,OS,3,Older Male,Controls,90,360.0,270.0,90.0,Male,BScanThumb,Right Eye,end_hls,104.0,End HLS,day_90,360.0,1
data/Cohort_3/Day 104/Controls/MT 222/Bioptigen/End HLS/OS/MT-222_OS_L_2_0_BScanThumb_0000099.BMP,MT222,MT222_OS,OS,3,Older Male,Controls,90,360.0,270.0,90.0,Male,BScanThumb,Right Eye,end_hls,104.0,End HLS,day_90,360.0,1
data/Cohort_3/Day 104/Controls/MT 222/Bioptigen/End HLS/OS/MT-222_OS_V_3x3_0_BScanThumb_0000090.BMP,MT222,MT222_OS,OS,3,Older Male,Controls,90,360.0,270.0,90.0,Male,BScanThumb,Right Eye,end_hls,104.0,End HLS,day_90,360.0,1
data/Cohort_3/Day 104/Controls/MT 223/Bioptigen/10-4-16 Baseline/OD/MT-223_OD_L_2_0_BScanThumb_0000006.BMP,MT223,MT223_OD,OD,3,Older Male,Controls,0,270.0,270.0,0.0,Male,BScanThumb,Right Eye,baseline,104.0,10-4-16 Baseline,day_0,270.0,1
data/Cohort_3/Day 104/Controls/MT 223/Bioptigen/10-4-16 Baseline/OD/MT-223_OD_L_2_0_BScanThumb_0000010.BMP,MT223,MT223_OD,OD,3,Older Male,Controls,0,270.0,270.0,0.0,Male,BScanThumb,Right Eye,baseline,104.0,10-4-16 Baseline,day_0,270.0,1
data/Cohort_3/Day 104/Controls/MT 223/Bioptigen/10-4-16 Baseline/OD/MT-223_OD_V_3x3_0_BScanThumb_0000001.BMP,MT223,MT223_OD,OD,3,Older Male,Controls,0,270.0,270.0,0.0,Male,BScanThumb,Right Eye,baseline,104.0,10-4-16 Baseline,day_0,270.0,1
data/Cohort_3/Day 104/Controls/MT 223/Bioptigen/10-4-16 Baseline/OD/MT-223_OD_L_2_0_REGAVG0000007.BMP,MT223,MT223_OD,OD,3,Older Male,Controls,0,270.0,270.0,0.0,Male,REGAVG,Right Eye,baseline,104.0,10-4-16 Baseline,day_0,270.0,1
data/Cohort_3/Day 104/Controls/MT 223/Bioptigen/10-4-16 Baseline/OD/MT-223_OD_L_2_0_REGAVG0000011.BMP,MT223,MT223_OD,OD,3,Older Male,Controls,0,270.0,270.0,0.0,Male,REGAVG,Right Eye,baseline,104.0,10-4-16 Baseline,day_0,270.0,1
data/Cohort_3/Day 104/Controls/MT 223/Bioptigen/10-4-16 Baseline/OS/MT-223_OS_L_2_0_BScanThumb_0000019.BMP,MT223,MT223_OS,OS,3,Older Male,Controls,0,270.0,270.0,0.0,Male,BScanThumb,Right Eye,baseline,104.0,10-4-16 Baseline,day_0,270.0,1
data/Cohort_3/Day 104/Controls/MT 223/Bioptigen/10-4-16 Baseline/OS/MT-223_OS_L_2_0_BScanThumb_0000023.BMP,MT223,MT223_OS,OS,3,Older Male,Controls,0,270.0,270.0,0.0,Male,BScanThumb,Right Eye,baseline,104.0,10-4-16 Baseline,day_0,270.0,1
data/Cohort_3/Day 104/Controls/MT 223/Bioptigen/10-4-16 Baseline/OS/MT-223_OS_V_3x3_0_BScanThumb_0000014.BMP,MT223,MT223_OS,OS,3,Older Male,Controls,0,270.0,270.0,0.0,Male,BScanThumb,Right Eye,baseline,104.0,10-4-16 Baseline,day_0,270.0,1
data/Cohort_3/Day 104/Controls/MT 223/Bioptigen/10-4-16 Baseline/OS/MT-223_OS_L_2_0_REGAVG0000020.BMP,MT223,MT223_OS,OS,3,Older Male,Controls,0,270.0,270.0,0.0,Male,REGAVG,Right Eye,baseline,104.0,10-4-16 Baseline,day_0,270.0,1
data/Cohort_3/Day 104/Controls/MT 223/Bioptigen/10-4-16 Baseline/OS/MT-223_OS_L_2_0_REGAVG0000024.BMP,MT223,MT223_OS,OS,3,Older Male,Controls,0,270.0,270.0,0.0,Male,REGAVG,Right Eye,baseline,104.0,10-4-16 Baseline,day_0,270.0,1
data/Cohort_3/Day 7/Controls/MT 225/Bioptigen/Baseline/OD/MT-225_OD_L_2_0_BScanThumb_0000006.BMP,MT225,MT225_OD,OD,3,Older Male,Controls,0,270.0,270.0,0.0,Male,BScanThumb,Right Eye,baseline,7.0,Baseline,day_0,270.0,2
data/Cohort_3/Day 7/Controls/MT 225/Bioptigen/Baseline/OD/MT-225_OD_L_2_0_BScanThumb_0000010.BMP,MT225,MT225_OD,OD,3,Older Male,Controls,0,270.0,270.0,0.0,Male,BScanThumb,Right Eye,baseline,7.0,Baseline,day_0,270.0,2
data/Cohort_3/Day 7/Controls/MT 225/Bioptigen/Baseline/OD/MT-225_OD_V_3x3_0_BScanThumb_0000001.BMP,MT225,MT225_OD,OD,3,Older Male,Controls,0,270.0,270.0,0.0,Male,BScanThumb,Right Eye,baseline,7.0,Baseline,day_0,270.0,2
data/Cohort_3/Day 7/Controls/MT 225/Bioptigen/Baseline/OD/MT-225_OD_L_2_0_REGAVG0000007.BMP,MT225,MT225_OD,OD,3,Older Male,Controls,0,270.0,270.0,0.0,Male,REGAVG,Right Eye,baseline,7.0,Baseline,day_0,270.0,2
data/Cohort_3/Day 7/Controls/MT 225/Bioptigen/Baseline/OS/MT-225_OS_L_2_0_BScanThumb_0000019.BMP,MT225,MT225_OS,OS,3,Older Male,Controls,0,270.0,270.0,0.0,Male,BScanThumb,Right Eye,baseline,7.0,Baseline,day_0,270.0,2
data/Cohort_3/Day 7/Controls/MT 225/Bioptigen/Baseline/OS/MT-225_OS_L_2_0_BScanThumb_0000023.BMP,MT225,MT225_OS,OS,3,Older Male,Controls,0,270.0,270.0,0.0,Male,BScanThumb,Right Eye,baseline,7.0,Baseline,day_0,270.0,2
data/Cohort_3/Day 7/Controls/MT 225/Bioptigen/Baseline/OS/MT-225_OS_V_3x3_0_BScanThumb_0000014.BMP,MT225,MT225_OS,OS,3,Older Male,Controls,0,270.0,270.0,0.0,Male,BScanThumb,Right Eye,baseline,7.0,Baseline,day_0,270.0,2
data/Cohort_3/Day 7/Controls/MT 225/Bioptigen/Baseline/OS/MT-225_OS_L_2_0_REGAVG0000020.BMP,MT225,MT225_OS,OS,3,Older Male,Controls,0,270.0,270.0,0.0,Male,REGAVG,Right Eye,baseline,7.0,Baseline,day_0,270.0,2
data/Cohort_3/Day 7/Controls/MT 225/Bioptigen/Baseline/OS/MT-225_OS_L_2_0_REGAVG0000024.BMP,MT225,MT225_OS,OS,3,Older Male,Controls,0,270.0,270.0,0.0,Male,REGAVG,Right Eye,baseline,7.0,Baseline,day_0,270.0,2
data/Cohort_3/Day 104/Controls/MT 226/Bioptigen/10-4-16 Baseline/OD/MT-226_OD_L_2_0_BScanThumb_0000006.BMP,MT226,MT226_OD,OD,3,Older Male,Controls,0,270.0,270.0,0.0,Male,BScanThumb,Right Eye,baseline,104.0,10-4-16 Baseline,day_0,270.0,0
data/Cohort_3/Day 104/Controls/MT 226/Bioptigen/10-4-16 Baseline/OD/MT-226_OD_L_2_0_BScanThumb_0000010.BMP,MT226,MT226_OD,OD,3,Older Male,Controls,0,270.0,270.0,0.0,Male,BScanThumb,Right Eye,baseline,104.0,10-4-16 Baseline,day_0,270.0,0
data/Cohort_3/Day 104/Controls/MT 226/Bioptigen/10-4-16 Baseline/OD/MT-226_OD_V_3x3_0_BScanThumb_0000001.BMP,MT226,MT226_OD,OD,3,Older Male,Controls,0,270.0,270.0,0.0,Male,BScanThumb,Right Eye,baseline,104.0,10-4-16 Baseline,day_0,270.0,0
data/Cohort_3/Day 104/Controls/MT 226/Bioptigen/10-4-16 Baseline/OD/MT-226_OD_L_2_0_REGAVG0000007.BMP,MT226,MT226_OD,OD,3,Older Male,Controls,0,270.0,270.0,0.0,Male,REGAVG,Right Eye,baseline,104.0,10-4-16 Baseline,day_0,270.0,0
data/Cohort_3/Day 104/Controls/MT 226/Bioptigen/10-4-16 Baseline/OD/MT-226_OD_L_2_0_REGAVG0000011.BMP,MT226,MT226_OD,OD,3,Older Male,Controls,0,270.0,270.0,0.0,Male,REGAVG,Right Eye,baseline,104.0,10-4-16 Baseline,day_0,270.0,0
data/Cohort_3/Day 104/Controls/MT 226/Bioptigen/10-4-16 Baseline/OS/MT-226_OS_L_2_0_BScanThumb_0000019.BMP,MT226,MT226_OS,OS,3,Older Male,Controls,0,270.0,270.0,0.0,Male,BScanThumb,Right Eye,baseline,104.0,10-4-16 Baseline,day_0,270.0,0
data/Cohort_3/Day 104/Controls/MT 226/Bioptigen/10-4-16 Baseline/OS/MT-226_OS_L_2_0_BScanThumb_0000023.BMP,MT226,MT226_OS,OS,3,Older Male,Controls,0,270.0,270.0,0.0,Male,BScanThumb,Right Eye,baseline,104.0,10-4-16 Baseline,day_0,270.0,0
data/Cohort_3/Day 104/Controls/MT 226/Bioptigen/10-4-16 Baseline/OS/MT-226_OS_V_3x3_0_BScanThumb_0000014.BMP,MT226,MT226_OS,OS,3,Older Male,Controls,0,270.0,270.0,0.0,Male,BScanThumb,Right Eye,baseline,104.0,10-4-16 Baseline,day_0,270.0,0
data/Cohort_3/Day 104/Controls/MT 226/Bioptigen/10-4-16 Baseline/OS/MT-226_OS_L_2_0_REGAVG0000020.BMP,MT226,MT226_OS,OS,3,Older Male,Controls,0,270.0,270.0,0.0,Male,REGAVG,Right Eye,baseline,104.0,10-4-16 Baseline,day_0,270.0,0
data/Cohort_3/Day 104/Controls/MT 226/Bioptigen/10-4-16 Baseline/OS/MT-226_OS_L_2_0_REGAVG0000024.BMP,MT226,MT226_OS,OS,3,Older Male,Controls,0,270.0,270.0,0.0,Male,REGAVG,Right Eye,baseline,104.0,10-4-16 Baseline,day_0,270.0,0
data/Cohort_3/Day 104/Controls/MT 226/Bioptigen/End HLS/OD/MT-226_OD_L_2_0_BScanThumb_0000044.BMP,MT226,MT226_OD,OD,3,Older Male,Controls,90,360.0,270.0,90.0,Male,BScanThumb,Right Eye,end_hls,104.0,End HLS,day_90,360.0,0
data/Cohort_3/Day 104/Controls/MT 226/Bioptigen/End HLS/OD/MT-226_OD_L_2_0_BScanThumb_0000048.BMP,MT226,MT226_OD,OD,3,Older Male,Controls,90,360.0,270.0,90.0,Male,BScanThumb,Right Eye,end_hls,104.0,End HLS,day_90,360.0,0
data/Cohort_3/Day 104/Controls/MT 226/Bioptigen/End HLS/OD/MT-226_OD_V_3x3_0_BScanThumb_0000039.BMP,MT226,MT226_OD,OD,3,Older Male,Controls,90,360.0,270.0,90.0,Male,BScanThumb,Right Eye,end_hls,104.0,End HLS,day_90,360.0,0
data/Cohort_3/Day 104/Controls/MT 226/Bioptigen/End HLS/OD/MT-226_OD_L_2_0_REGAVG0000045.BMP,MT226,MT226_OD,OD,3,Older Male,Controls,90,360.0,270.0,90.0,Male,REGAVG,Right Eye,end_hls,104.0,End HLS,day_90,360.0,0
data/Cohort_3/Day 104/Controls/MT 226/Bioptigen/End HLS/OD/MT-226_OD_L_2_0_REGAVG0000049.BMP,MT226,MT226_OD,OD,3,Older Male,Controls,90,360.0,270.0,90.0,Male,REGAVG,Right Eye,end_hls,104.0,End HLS,day_90,360.0,0
data/Cohort_3/Day 104/Controls/MT 226/Bioptigen/End HLS/OS/MT-226_OS_L_2_0_BScanThumb_0000057.BMP,MT226,MT226_OS,OS,3,Older Male,Controls,90,360.0,270.0,90.0,Male,BScanThumb,Right Eye,end_hls,104.0,End HLS,day_90,360.0,0
data/Cohort_3/Day 104/Controls/MT 226/Bioptigen/End HLS/OS/MT-226_OS_L_2_0_BScanThumb_0000061.BMP,MT226,MT226_OS,OS,3,Older Male,Controls,90,360.0,270.0,90.0,Male,BScanThumb,Right Eye,end_hls,104.0,End HLS,day_90,360.0,0
data/Cohort_3/Day 104/Controls/MT 226/Bioptigen/End HLS/OS/MT-226_OS_V_3x3_0_BScanThumb_0000052.BMP,MT226,MT226_OS,OS,3,Older Male,Controls,90,360.0,270.0,90.0,Male,BScanThumb,Right Eye,end_hls,104.0,End HLS,day_90,360.0,0
data/Cohort_3/Day 104/Controls/MT 226/Bioptigen/End HLS/OS/MT-226_OS_L_2_0_REGAVG0000058.BMP,MT226,MT226_OS,OS,3,Older Male,Controls,90,360.0,270.0,90.0,Male,REGAVG,Right Eye,end_hls,104.0,End HLS,day_90,360.0,0
data/Cohort_3/Day 104/Controls/MT 226/Bioptigen/End HLS/OS/MT-226_OS_L_2_0_REGAVG0000062.BMP,MT226,MT226_OS,OS,3,Older Male,Controls,90,360.0,270.0,90.0,Male,REGAVG,Right Eye,end_hls,104.0,End HLS,day_90,360.0,0
data/Cohort_3/Day 104/Controls/MT 227/Bioptigen/10-4-16 Baseline/OD/MT-227_OD_L_2_0_BScanThumb_0000006.BMP,MT227,MT227_OD,OD,3,Older Male,Controls,0,270.0,270.0,0.0,Male,BScanThumb,Right Eye,baseline,104.0,10-4-16 Baseline,day_0,270.0,0
data/Cohort_3/Day 104/Controls/MT 227/Bioptigen/10-4-16 Baseline/OD/MT-227_OD_L_2_0_BScanThumb_0000010.BMP,MT227,MT227_OD,OD,3,Older Male,Controls,0,270.0,270.0,0.0,Male,BScanThumb,Right Eye,baseline,104.0,10-4-16 Baseline,day_0,270.0,0
data/Cohort_3/Day 104/Controls/MT 227/Bioptigen/10-4-16 Baseline/OD/MT-227_OD_V_3x3_0_BScanThumb_0000001.BMP,MT227,MT227_OD,OD,3,Older Male,Controls,0,270.0,270.0,0.0,Male,BScanThumb,Right Eye,baseline,104.0,10-4-16 Baseline,day_0,270.0,0
data/Cohort_3/Day 104/Controls/MT 227/Bioptigen/10-4-16 Baseline/OD/MT-227_OD_L_2_0_REGAVG0000007.BMP,MT227,MT227_OD,OD,3,Older Male,Controls,0,270.0,270.0,0.0,Male,REGAVG,Right Eye,baseline,104.0,10-4-16 Baseline,day_0,270.0,0
data/Cohort_3/Day 104/Controls/MT 227/Bioptigen/10-4-16 Baseline/OD/MT-227_OD_L_2_0_REGAVG0000011.BMP,MT227,MT227_OD,OD,3,Older Male,Controls,0,270.0,270.0,0.0,Male,REGAVG,Right Eye,baseline,104.0,10-4-16 Baseline,day_0,270.0,0
data/Cohort_3/Day 104/Controls/MT 227/Bioptigen/10-4-16 Baseline/OS/MT-227_OS_L_2_0_BScanThumb_0000019.BMP,MT227,MT227_OS,OS,3,Older Male,Controls,0,270.0,270.0,0.0,Male,BScanThumb,Right Eye,baseline,104.0,10-4-16 Baseline,day_0,270.0,0
data/Cohort_3/Day 104/Controls/MT 227/Bioptigen/10-4-16 Baseline/OS/MT-227_OS_L_2_0_BScanThumb_0000023.BMP,MT227,MT227_OS,OS,3,Older Male,Controls,0,270.0,270.0,0.0,Male,BScanThumb,Right Eye,baseline,104.0,10-4-16 Baseline,day_0,270.0,0
data/Cohort_3/Day 104/Controls/MT 227/Bioptigen/10-4-16 Baseline/OS/MT-227_OS_V_3x3_0_BScanThumb_0000014.BMP,MT227,MT227_OS,OS,3,Older Male,Controls,0,270.0,270.0,0.0,Male,BScanThumb,Right Eye,baseline,104.0,10-4-16 Baseline,day_0,270.0,0
data/Cohort_3/Day 104/Controls/MT 227/Bioptigen/10-4-16 Baseline/OS/MT-227_OS_L_2_0_REGAVG0000020.BMP,MT227,MT227_OS,OS,3,Older Male,Controls,0,270.0,270.0,0.0,Male,REGAVG,Right Eye,baseline,104.0,10-4-16 Baseline,day_0,270.0,0
data/Cohort_3/Day 104/Controls/MT 227/Bioptigen/10-4-16 Baseline/OS/MT-227_OS_L_2_0_REGAVG0000024.BMP,MT227,MT227_OS,OS,3,Older Male,Controls,0,270.0,270.0,0.0,Male,REGAVG,Right Eye,baseline,104.0,10-4-16 Baseline,day_0,270.0,0
data/Cohort_3/Day 104/Controls/MT 227/Bioptigen/End HLS/OD/MT-227_OD_L_2_0_BScanThumb_0000044.BMP,MT227,MT227_OD,OD,3,Older Male,Controls,90,360.0,270.0,90.0,Male,BScanThumb,Right Eye,end_hls,104.0,End HLS,day_90,360.0,0
data/Cohort_3/Day 104/Controls/MT 227/Bioptigen/End HLS/OD/MT-227_OD_L_2_0_BScanThumb_0000048.BMP,MT227,MT227_OD,OD,3,Older Male,Controls,90,360.0,270.0,90.0,Male,BScanThumb,Right Eye,end_hls,104.0,End HLS,day_90,360.0,0
data/Cohort_3/Day 104/Controls/MT 227/Bioptigen/End HLS/OD/MT-227_OD_V_3x3_0_BScanThumb_0000039.BMP,MT227,MT227_OD,OD,3,Older Male,Controls,90,360.0,270.0,90.0,Male,BScanThumb,Right Eye,end_hls,104.0,End HLS,day_90,360.0,0
data/Cohort_3/Day 104/Controls/MT 227/Bioptigen/End HLS/OD/MT-227_OD_L_2_0_REGAVG0000045.BMP,MT227,MT227_OD,OD,3,Older Male,Controls,90,360.0,270.0,90.0,Male,REGAVG,Right Eye,end_hls,104.0,End HLS,day_90,360.0,0
data/Cohort_3/Day 104/Controls/MT 227/Bioptigen/End HLS/OS/MT-227_OS_L_2_0_BScanThumb_0000057.BMP,MT227,MT227_OS,OS,3,Older Male,Controls,90,360.0,270.0,90.0,Male,BScanThumb,Right Eye,end_hls,104.0,End HLS,day_90,360.0,0
data/Cohort_3/Day 104/Controls/MT 227/Bioptigen/End HLS/OS/MT-227_OS_L_2_0_BScanThumb_0000061.BMP,MT227,MT227_OS,OS,3,Older Male,Controls,90,360.0,270.0,90.0,Male,BScanThumb,Right Eye,end_hls,104.0,End HLS,day_90,360.0,0
data/Cohort_3/Day 104/Controls/MT 227/Bioptigen/End HLS/OS/MT-227_OS_V_3x3_0_BScanThumb_0000052.BMP,MT227,MT227_OS,OS,3,Older Male,Controls,90,360.0,270.0,90.0,Male,BScanThumb,Right Eye,end_hls,104.0,End HLS,day_90,360.0,0
data/Cohort_3/Day 104/Controls/MT 227/Bioptigen/End HLS/OS/MT-227_OS_L_2_0_REGAVG0000058.BMP,MT227,MT227_OS,OS,3,Older Male,Controls,90,360.0,270.0,90.0,Male,REGAVG,Right Eye,end_hls,104.0,End HLS,day_90,360.0,0
data/Cohort_3/Day 104/Controls/MT 227/Bioptigen/End HLS/OS/MT-227_OS_L_2_0_REGAVG0000062.BMP,MT227,MT227_OS,OS,3,Older Male,Controls,90,360.0,270.0,90.0,Male,REGAVG,Right Eye,end_hls,104.0,End HLS,day_90,360.0,0
data/Cohort_3/Day 104/Controls/MT 229/Bioptigen/10-4-16 Baseline/OD/MT-229_OD_L_2_0_BScanThumb_0000006.BMP,MT229,MT229_OD,OD,3,Older Male,Controls,0,270.0,270.0,0.0,Male,BScanThumb,Right Eye,baseline,104.0,10-4-16 Baseline,day_0,270.0,1
data/Cohort_3/Day 104/Controls/MT 229/Bioptigen/10-4-16 Baseline/OD/MT-229_OD_L_2_0_BScanThumb_0000010.BMP,MT229,MT229_OD,OD,3,Older Male,Controls,0,270.0,270.0,0.0,Male,BScanThumb,Right Eye,baseline,104.0,10-4-16 Baseline,day_0,270.0,1
data/Cohort_3/Day 104/Controls/MT 229/Bioptigen/10-4-16 Baseline/OD/MT-229_OD_V_3x3_0_BScanThumb_0000001.BMP,MT229,MT229_OD,OD,3,Older Male,Controls,0,270.0,270.0,0.0,Male,BScanThumb,Right Eye,baseline,104.0,10-4-16 Baseline,day_0,270.0,1
data/Cohort_3/Day 104/Controls/MT 229/Bioptigen/10-4-16 Baseline/OD/MT-229_OD_L_2_0_REGAVG0000007.BMP,MT229,MT229_OD,OD,3,Older Male,Controls,0,270.0,270.0,0.0,Male,REGAVG,Right Eye,baseline,104.0,10-4-16 Baseline,day_0,270.0,1
data/Cohort_3/Day 104/Controls/MT 229/Bioptigen/10-4-16 Baseline/OD/MT-229_OD_L_2_0_REGAVG0000011.BMP,MT229,MT229_OD,OD,3,Older Male,Controls,0,270.0,270.0,0.0,Male,REGAVG,Right Eye,baseline,104.0,10-4-16 Baseline,day_0,270.0,1
data/Cohort_3/Day 104/Controls/MT 229/Bioptigen/10-4-16 Baseline/OS/MT-229_OS_L_2_0_BScanThumb_0000019.BMP,MT229,MT229_OS,OS,3,Older Male,Controls,0,270.0,270.0,0.0,Male,BScanThumb,Right Eye,baseline,104.0,10-4-16 Baseline,day_0,270.0,1
data/Cohort_3/Day 104/Controls/MT 229/Bioptigen/10-4-16 Baseline/OS/MT-229_OS_L_2_0_BScanThumb_0000023.BMP,MT229,MT229_OS,OS,3,Older Male,Controls,0,270.0,270.0,0.0,Male,BScanThumb,Right Eye,baseline,104.0,10-4-16 Baseline,day_0,270.0,1
data/Cohort_3/Day 104/Controls/MT 229/Bioptigen/10-4-16 Baseline/OS/MT-229_OS_V_3x3_0_BScanThumb_0000014.BMP,MT229,MT229_OS,OS,3,Older Male,Controls,0,270.0,270.0,0.0,Male,BScanThumb,Right Eye,baseline,104.0,10-4-16 Baseline,day_0,270.0,1
data/Cohort_3/Day 104/Controls/MT 229/Bioptigen/10-4-16 Baseline/OS/MT-229_OS_L_2_0_REGAVG0000020.BMP,MT229,MT229_OS,OS,3,Older Male,Controls,0,270.0,270.0,0.0,Male,REGAVG,Right Eye,baseline,104.0,10-4-16 Baseline,day_0,270.0,1
data/Cohort_3/Day 104/Controls/MT 229/Bioptigen/10-4-16 Baseline/OS/MT-229_OS_L_2_0_REGAVG0000024.BMP,MT229,MT229_OS,OS,3,Older Male,Controls,0,270.0,270.0,0.0,Male,REGAVG,Right Eye,baseline,104.0,10-4-16 Baseline,day_0,270.0,1
data/Cohort_3/Day 104/Controls/MT 229/Bioptigen/End HLS/OD/MT-229_OD_L_2_0_BScanThumb_0000044.BMP,MT229,MT229_OD,OD,3,Older Male,Controls,90,360.0,270.0,90.0,Male,BScanThumb,Right Eye,end_hls,104.0,End HLS,day_90,360.0,1
data/Cohort_3/Day 104/Controls/MT 229/Bioptigen/End HLS/OD/MT-229_OD_L_2_0_BScanThumb_0000048.BMP,MT229,MT229_OD,OD,3,Older Male,Controls,90,360.0,270.0,90.0,Male,BScanThumb,Right Eye,end_hls,104.0,End HLS,day_90,360.0,1
data/Cohort_3/Day 104/Controls/MT 229/Bioptigen/End HLS/OD/MT-229_OD_V_3x3_0_BScanThumb_0000039.BMP,MT229,MT229_OD,OD,3,Older Male,Controls,90,360.0,270.0,90.0,Male,BScanThumb,Right Eye,end_hls,104.0,End HLS,day_90,360.0,1
data/Cohort_3/Day 104/Controls/MT 229/Bioptigen/End HLS/OD/MT-229_OD_L_2_0_REGAVG0000045.BMP,MT229,MT229_OD,OD,3,Older Male,Controls,90,360.0,270.0,90.0,Male,REGAVG,Right Eye,end_hls,104.0,End HLS,day_90,360.0,1
data/Cohort_3/Day 104/Controls/MT 229/Bioptigen/End HLS/OD/MT-229_OD_L_2_0_REGAVG0000049.BMP,MT229,MT229_OD,OD,3,Older Male,Controls,90,360.0,270.0,90.0,Male,REGAVG,Right Eye,end_hls,104.0,End HLS,day_90,360.0,1
data/Cohort_3/Day 104/Controls/MT 229/Bioptigen/End HLS/OS/MT-229_OS_L_2_0_BScanThumb_0000057.BMP,MT229,MT229_OS,OS,3,Older Male,Controls,90,360.0,270.0,90.0,Male,BScanThumb,Right Eye,end_hls,104.0,End HLS,day_90,360.0,1
data/Cohort_3/Day 104/Controls/MT 229/Bioptigen/End HLS/OS/MT-229_OS_L_2_0_BScanThumb_0000061.BMP,MT229,MT229_OS,OS,3,Older Male,Controls,90,360.0,270.0,90.0,Male,BScanThumb,Right Eye,end_hls,104.0,End HLS,day_90,360.0,1
data/Cohort_3/Day 104/Controls/MT 229/Bioptigen/End HLS/OS/MT-229_OS_V_3x3_0_BScanThumb_0000052.BMP,MT229,MT229_OS,OS,3,Older Male,Controls,90,360.0,270.0,90.0,Male,BScanThumb,Right Eye,end_hls,104.0,End HLS,day_90,360.0,1
data/Cohort_3/Day 104/Controls/MT 229/Bioptigen/End HLS/OS/MT-229_OS_L_2_0_REGAVG0000058.BMP,MT229,MT229_OS,OS,3,Older Male,Controls,90,360.0,270.0,90.0,Male,REGAVG,Right Eye,end_hls,104.0,End HLS,day_90,360.0,1
data/Cohort_3/Day 104/Controls/MT 229/Bioptigen/End HLS/OS/MT-229_OS_L_2_0_REGAVG0000062.BMP,MT229,MT229_OS,OS,3,Older Male,Controls,90,360.0,270.0,90.0,Male,REGAVG,Right Eye,end_hls,104.0,End HLS,day_90,360.0,1
data/Cohort_3/Day 104/Controls/MT 233/Bioptigen/10-4-16 Baseline/OD/MT-233_OD_L_2_0_BScanThumb_0000006.BMP,MT23,MT23_OD,OD,3,Young Male,Controls,0,90.0,90.0,0.0,Male,BScanThumb,Right Eye,baseline,104.0,10-4-16 Baseline,day_0,90.0,2
data/Cohort_3/Day 104/Controls/MT 233/Bioptigen/10-4-16 Baseline/OD/MT-233_OD_L_2_0_BScanThumb_0000010.BMP,MT23,MT23_OD,OD,3,Young Male,Controls,0,90.0,90.0,0.0,Male,BScanThumb,Right Eye,baseline,104.0,10-4-16 Baseline,day_0,90.0,2
data/Cohort_3/Day 104/Controls/MT 233/Bioptigen/10-4-16 Baseline/OD/MT-233_OD_V_3x3_0_BScanThumb_0000001.BMP,MT23,MT23_OD,OD,3,Young Male,Controls,0,90.0,90.0,0.0,Male,BScanThumb,Right Eye,baseline,104.0,10-4-16 Baseline,day_0,90.0,2
data/Cohort_3/Day 104/Controls/MT 233/Bioptigen/10-4-16 Baseline/OD/MT-233_OD_L_2_0_REGAVG0000007.BMP,MT23,MT23_OD,OD,3,Young Male,Controls,0,90.0,90.0,0.0,Male,REGAVG,Right Eye,baseline,104.0,10-4-16 Baseline,day_0,90.0,2
data/Cohort_3/Day 104/Controls/MT 233/Bioptigen/10-4-16 Baseline/OD/MT-233_OD_L_2_0_REGAVG0000011.BMP,MT23,MT23_OD,OD,3,Young Male,Controls,0,90.0,90.0,0.0,Male,REGAVG,Right Eye,baseline,104.0,10-4-16 Baseline,day_0,90.0,2
data/Cohort_3/Day 104/Controls/MT 233/Bioptigen/10-4-16 Baseline/OS/MT-233_OS_L_2_0_BScanThumb_0000019.BMP,MT23,MT23_OS,OS,3,Young Male,Controls,0,90.0,90.0,0.0,Male,BScanThumb,Right Eye,baseline,104.0,10-4-16 Baseline,day_0,90.0,2
data/Cohort_3/Day 104/Controls/MT 233/Bioptigen/10-4-16 Baseline/OS/MT-233_OS_L_2_0_BScanThumb_0000023.BMP,MT23,MT23_OS,OS,3,Young Male,Controls,0,90.0,90.0,0.0,Male,BScanThumb,Right Eye,baseline,104.0,10-4-16 Baseline,day_0,90.0,2
data/Cohort_3/Day 104/Controls/MT 233/Bioptigen/10-4-16 Baseline/OS/MT-233_OS_V_3x3_0_BScanThumb_0000014.BMP,MT23,MT23_OS,OS,3,Young Male,Controls,0,90.0,90.0,0.0,Male,BScanThumb,Right Eye,baseline,104.0,10-4-16 Baseline,day_0,90.0,2
data/Cohort_3/Day 104/Controls/MT 233/Bioptigen/10-4-16 Baseline/OS/MT-233_OS_L_2_0_REGAVG0000020.BMP,MT23,MT23_OS,OS,3,Young Male,Controls,0,90.0,90.0,0.0,Male,REGAVG,Right Eye,baseline,104.0,10-4-16 Baseline,day_0,90.0,2
data/Cohort_3/Day 104/Controls/MT 233/Bioptigen/10-4-16 Baseline/OS/MT-233_OS_L_2_0_REGAVG0000024.BMP,MT23,MT23_OS,OS,3,Young Male,Controls,0,90.0,90.0,0.0,Male,REGAVG,Right Eye,baseline,104.0,10-4-16 Baseline,day_0,90.0,2
data/Cohort_3/Day 104/Controls/MT 233/Bioptigen/End HLS/OD/MT-233_OD_L_2_0_BScanThumb_0000044.BMP,MT23,MT23_OD,OD,3,Young Male,Controls,90,180.0,90.0,90.0,Male,BScanThumb,Right Eye,end_hls,104.0,End HLS,day_90,180.0,2
data/Cohort_3/Day 104/Controls/MT 233/Bioptigen/End HLS/OD/MT-233_OD_L_2_0_BScanThumb_0000048.BMP,MT23,MT23_OD,OD,3,Young Male,Controls,90,180.0,90.0,90.0,Male,BScanThumb,Right Eye,end_hls,104.0,End HLS,day_90,180.0,2
data/Cohort_3/Day 104/Controls/MT 233/Bioptigen/End HLS/OD/MT-233_OD_V_3x3_0_BScanThumb_0000039.BMP,MT23,MT23_OD,OD,3,Young Male,Controls,90,180.0,90.0,90.0,Male,BScanThumb,Right Eye,end_hls,104.0,End HLS,day_90,180.0,2
data/Cohort_3/Day 104/Controls/MT 233/Bioptigen/End HLS/OS/MT-233_OS_L_2_0_BScanThumb_0000057.BMP,MT23,MT23_OS,OS,3,Young Male,Controls,90,180.0,90.0,90.0,Male,BScanThumb,Right Eye,end_hls,104.0,End HLS,day_90,180.0,2
data/Cohort_3/Day 104/Controls/MT 233/Bioptigen/End HLS/OS/MT-233_OS_L_2_0_BScanThumb_0000061.BMP,MT23,MT23_OS,OS,3,Young Male,Controls,90,180.0,90.0,90.0,Male,BScanThumb,Right Eye,end_hls,104.0,End HLS,day_90,180.0,2
data/Cohort_3/Day 104/Controls/MT 233/Bioptigen/End HLS/OS/MT-233_OS_V_3x3_0_BScanThumb_0000052.BMP,MT23,MT23_OS,OS,3,Young Male,Controls,90,180.0,90.0,90.0,Male,BScanThumb,Right Eye,end_hls,104.0,End HLS,day_90,180.0,2
data/Cohort_3/Day 104/Controls/MT 233/Bioptigen/End HLS/OS/MT-233_OS_L_2_0_REGAVG0000058.BMP,MT23,MT23_OS,OS,3,Young Male,Controls,90,180.0,90.0,90.0,Male,REGAVG,Right Eye,end_hls,104.0,End HLS,day_90,180.0,2
data/Cohort_3/Day 104/Controls/MT 233/Bioptigen/End HLS/OS/MT-233_OS_L_2_0_REGAVG0000062.BMP,MT23,MT23_OS,OS,3,Young Male,Controls,90,180.0,90.0,90.0,Male,REGAVG,Right Eye,end_hls,104.0,End HLS,day_90,180.0,2
data/Cohort_3/Day 97/Controls/MT 242/Bioptigen/End HLS/OD/MT242_OD_L_2_0_BScanThumb_0000044.BMP,MT242,MT242_OD,OD,3,Older Male,Controls,90,367.0,270.0,97.0,Male,BScanThumb,Right Eye,end_hls,97.0,End HLS,day_90,360.0,0
data/Cohort_3/Day 97/Controls/MT 242/Bioptigen/End HLS/OD/MT242_OD_L_2_0_BScanThumb_0000048.BMP,MT242,MT242_OD,OD,3,Older Male,Controls,90,367.0,270.0,97.0,Male,BScanThumb,Right Eye,end_hls,97.0,End HLS,day_90,360.0,0
data/Cohort_3/Day 97/Controls/MT 242/Bioptigen/End HLS/OD/MT242_OD_V_3x3_0_BScanThumb_0000039.BMP,MT242,MT242_OD,OD,3,Older Male,Controls,90,367.0,270.0,97.0,Male,BScanThumb,Right Eye,end_hls,97.0,End HLS,day_90,360.0,0
data/Cohort_3/Day 97/Controls/MT 242/Bioptigen/End HLS/OD/MT242_OD_L_2_0_REGAVG0000045.BMP,MT242,MT242_OD,OD,3,Older Male,Controls,90,367.0,270.0,97.0,Male,REGAVG,Right Eye,end_hls,97.0,End HLS,day_90,360.0,0
data/Cohort_3/Day 97/Controls/MT 242/Bioptigen/End HLS/OD/MT242_OD_L_2_0_REGAVG0000049.BMP,MT242,MT242_OD,OD,3,Older Male,Controls,90,367.0,270.0,97.0,Male,REGAVG,Right Eye,end_hls,97.0,End HLS,day_90,360.0,0
data/Cohort_3/Day 97/Controls/MT 242/Bioptigen/End HLS/OS/MT242_OS_L_2_0_BScanThumb_0000057.BMP,MT242,MT242_OS,OS,3,Older Male,Controls,90,367.0,270.0,97.0,Male,BScanThumb,Right Eye,end_hls,97.0,End HLS,day_90,360.0,0
data/Cohort_3/Day 97/Controls/MT 242/Bioptigen/End HLS/OS/MT242_OS_L_2_0_BScanThumb_0000061.BMP,MT242,MT242_OS,OS,3,Older Male,Controls,90,367.0,270.0,97.0,Male,BScanThumb,Right Eye,end_hls,97.0,End HLS,day_90,360.0,0
data/Cohort_3/Day 97/Controls/MT 242/Bioptigen/End HLS/OS/MT242_OS_V_3x3_0_BScanThumb_0000052.BMP,MT242,MT242_OS,OS,3,Older Male,Controls,90,367.0,270.0,97.0,Male,BScanThumb,Right Eye,end_hls,97.0,End HLS,day_90,360.0,0
data/Cohort_3/Day 97/Controls/MT 242/Bioptigen/End HLS/OS/MT242_OS_L_2_0_REGAVG0000058.BMP,MT242,MT242_OS,OS,3,Older Male,Controls,90,367.0,270.0,97.0,Male,REGAVG,Right Eye,end_hls,97.0,End HLS,day_90,360.0,0
data/Cohort_3/Day 97/Controls/MT 242/Bioptigen/End HLS/OS/MT242_OS_L_2_0_REGAVG0000062.BMP,MT242,MT242_OS,OS,3,Older Male,Controls,90,367.0,270.0,97.0,Male,REGAVG,Right Eye,end_hls,97.0,End HLS,day_90,360.0,0
data/Cohort_3/Day 97/Controls/MT 248/Bioptigen/End HLS/OD/MT248_OD_L_2_0_BScanThumb_0000044.BMP,MT248,MT248_OD,OD,3,Older Male,Controls,90,367.0,270.0,97.0,Male,BScanThumb,Right Eye,end_hls,97.0,End HLS,day_90,360.0,2
data/Cohort_3/Day 97/Controls/MT 248/Bioptigen/End HLS/OD/MT248_OD_L_2_0_BScanThumb_0000048.BMP,MT248,MT248_OD,OD,3,Older Male,Controls,90,367.0,270.0,97.0,Male,BScanThumb,Right Eye,end_hls,97.0,End HLS,day_90,360.0,2
data/Cohort_3/Day 97/Controls/MT 248/Bioptigen/End HLS/OD/MT248_OD_V_3x3_0_BScanThumb_0000039.BMP,MT248,MT248_OD,OD,3,Older Male,Controls,90,367.0,270.0,97.0,Male,BScanThumb,Right Eye,end_hls,97.0,End HLS,day_90,360.0,2
data/Cohort_3/Day 97/Controls/MT 248/Bioptigen/End HLS/OD/MT248_OD_L_2_0_REGAVG0000045.BMP,MT248,MT248_OD,OD,3,Older Male,Controls,90,367.0,270.0,97.0,Male,REGAVG,Right Eye,end_hls,97.0,End HLS,day_90,360.0,2
data/Cohort_3/Day 97/Controls/MT 248/Bioptigen/End HLS/OD/MT248_OD_L_2_0_REGAVG0000049.BMP,MT248,MT248_OD,OD,3,Older Male,Controls,90,367.0,270.0,97.0,Male,REGAVG,Right Eye,end_hls,97.0,End HLS,day_90,360.0,2
data/Cohort_3/Day 97/Controls/MT 248/Bioptigen/End HLS/OS/MT248_OS_L_2_0_BScanThumb_0000057.BMP,MT248,MT248_OS,OS,3,Older Male,Controls,90,367.0,270.0,97.0,Male,BScanThumb,Right Eye,end_hls,97.0,End HLS,day_90,360.0,2
data/Cohort_3/Day 97/Controls/MT 248/Bioptigen/End HLS/OS/MT248_OS_L_2_0_BScanThumb_0000061.BMP,MT248,MT248_OS,OS,3,Older Male,Controls,90,367.0,270.0,97.0,Male,BScanThumb,Right Eye,end_hls,97.0,End HLS,day_90,360.0,2
data/Cohort_3/Day 97/Controls/MT 248/Bioptigen/End HLS/OS/MT248_OS_V_3x3_0_BScanThumb_0000052.BMP,MT248,MT248_OS,OS,3,Older Male,Controls,90,367.0,270.0,97.0,Male,BScanThumb,Right Eye,end_hls,97.0,End HLS,day_90,360.0,2
data/Cohort_3/Day 97/Controls/MT 248/Bioptigen/End HLS/OS/MT248_OS_L_2_0_REGAVG0000058.BMP,MT248,MT248_OS,OS,3,Older Male,Controls,90,367.0,270.0,97.0,Male,REGAVG,Right Eye,end_hls,97.0,End HLS,day_90,360.0,2
data/Cohort_3/Day 97/Controls/MT 248/Bioptigen/End HLS/OS/MT248_OS_L_2_0_REGAVG0000062.BMP,MT248,MT248_OS,OS,3,Older Male,Controls,90,367.0,270.0,97.0,Male,REGAVG,Right Eye,end_hls,97.0,End HLS,day_90,360.0,2
data/Cohort_3/Day 90/Controls/MT 353/Bioptigen/Baseline/OD/MT353_OD_L_2_0_BScanThumb_0000006.BMP,MT353,MT353_OD,OD,3,Older Male,Controls,0,270.0,270.0,0.0,Male,BScanThumb,Right Eye,baseline,90.0,Baseline,day_0,270.0,1
data/Cohort_3/Day 90/Controls/MT 353/Bioptigen/Baseline/OD/MT353_OD_L_2_0_BScanThumb_0000010.BMP,MT353,MT353_OD,OD,3,Older Male,Controls,0,270.0,270.0,0.0,Male,BScanThumb,Right Eye,baseline,90.0,Baseline,day_0,270.0,1
data/Cohort_3/Day 90/Controls/MT 353/Bioptigen/Baseline/OD/MT353_OD_V_3x3_0_BScanThumb_0000001.BMP,MT353,MT353_OD,OD,3,Older Male,Controls,0,270.0,270.0,0.0,Male,BScanThumb,Right Eye,baseline,90.0,Baseline,day_0,270.0,1
data/Cohort_3/Day 90/Controls/MT 353/Bioptigen/Baseline/OD/MT353_OD_L_2_0_REGAVG0000007.BMP,MT353,MT353_OD,OD,3,Older Male,Controls,0,270.0,270.0,0.0,Male,REGAVG,Right Eye,baseline,90.0,Baseline,day_0,270.0,1
data/Cohort_3/Day 90/Controls/MT 353/Bioptigen/Baseline/OD/MT353_OD_L_2_0_REGAVG0000011.BMP,MT353,MT353_OD,OD,3,Older Male,Controls,0,270.0,270.0,0.0,Male,REGAVG,Right Eye,baseline,90.0,Baseline,day_0,270.0,1
data/Cohort_3/Day 90/Controls/MT 353/Bioptigen/Baseline/OS/MT353_OS_L_2_0_BScanThumb_0000024.BMP,MT353,MT353_OS,OS,3,Older Male,Controls,0,270.0,270.0,0.0,Male,BScanThumb,Right Eye,baseline,90.0,Baseline,day_0,270.0,1
data/Cohort_3/Day 90/Controls/MT 353/Bioptigen/Baseline/OS/MT353_OS_L_2_0_BScanThumb_0000028.BMP,MT353,MT353_OS,OS,3,Older Male,Controls,0,270.0,270.0,0.0,Male,BScanThumb,Right Eye,baseline,90.0,Baseline,day_0,270.0,1
data/Cohort_3/Day 90/Controls/MT 353/Bioptigen/Baseline/OS/MT353_OS_V_3x3_0_BScanThumb_0000014.BMP,MT353,MT353_OS,OS,3,Older Male,Controls,0,270.0,270.0,0.0,Male,BScanThumb,Right Eye,baseline,90.0,Baseline,day_0,270.0,1
data/Cohort_3/Day 90/Controls/MT 353/Bioptigen/Baseline/OS/MT353_OS_V_3x3_0_BScanThumb_0000019.BMP,MT353,MT353_OS,OS,3,Older Male,Controls,0,270.0,270.0,0.0,Male,BScanThumb,Right Eye,baseline,90.0,Baseline,day_0,270.0,1
data/Cohort_3/Day 90/Controls/MT 353/Bioptigen/Baseline/OS/MT353_OS_L_2_0_REGAVG0000025.BMP,MT353,MT353_OS,OS,3,Older Male,Controls,0,270.0,270.0,0.0,Male,REGAVG,Right Eye,baseline,90.0,Baseline,day_0,270.0,1
data/Cohort_3/Day 90/Controls/MT 353/Bioptigen/Baseline/OS/MT353_OS_L_2_0_REGAVG0000029.BMP,MT353,MT353_OS,OS,3,Older Male,Controls,0,270.0,270.0,0.0,Male,REGAVG,Right Eye,baseline,90.0,Baseline,day_0,270.0,1
data/Cohort_3/Day 90/Controls/MT 353/Bioptigen/End HLS/OD/MT353_OD_L_2_0_BScanThumb_0000054.BMP,MT353,MT353_OD,OD,3,Older Male,Controls,90,360.0,270.0,90.0,Male,BScanThumb,Right Eye,end_hls,90.0,End HLS,day_90,360.0,1
data/Cohort_3/Day 90/Controls/MT 353/Bioptigen/End HLS/OD/MT353_OD_L_2_0_BScanThumb_0000058.BMP,MT353,MT353_OD,OD,3,Older Male,Controls,90,360.0,270.0,90.0,Male,BScanThumb,Right Eye,end_hls,90.0,End HLS,day_90,360.0,1
data/Cohort_3/Day 90/Controls/MT 353/Bioptigen/End HLS/OD/MT353_OD_V_3x3_0_BScanThumb_0000044.BMP,MT353,MT353_OD,OD,3,Older Male,Controls,90,360.0,270.0,90.0,Male,BScanThumb,Right Eye,end_hls,90.0,End HLS,day_90,360.0,1
data/Cohort_3/Day 90/Controls/MT 353/Bioptigen/End HLS/OD/MT353_OD_V_3x3_0_BScanThumb_0000049.BMP,MT353,MT353_OD,OD,3,Older Male,Controls,90,360.0,270.0,90.0,Male,BScanThumb,Right Eye,end_hls,90.0,End HLS,day_90,360.0,1
data/Cohort_3/Day 90/Controls/MT 353/Bioptigen/End HLS/OD/MT353_OD_L_2_0_REGAVG0000055.BMP,MT353,MT353_OD,OD,3,Older Male,Controls,90,360.0,270.0,90.0,Male,REGAVG,Right Eye,end_hls,90.0,End HLS,day_90,360.0,1
data/Cohort_3/Day 90/Controls/MT 353/Bioptigen/End HLS/OS/MT353_OS_L_2_0_BScanThumb_0000067.BMP,MT353,MT353_OS,OS,3,Older Male,Controls,90,360.0,270.0,90.0,Male,BScanThumb,Right Eye,end_hls,90.0,End HLS,day_90,360.0,1
data/Cohort_3/Day 90/Controls/MT 353/Bioptigen/End HLS/OS/MT353_OS_L_2_0_BScanThumb_0000071.BMP,MT353,MT353_OS,OS,3,Older Male,Controls,90,360.0,270.0,90.0,Male,BScanThumb,Right Eye,end_hls,90.0,End HLS,day_90,360.0,1
data/Cohort_3/Day 90/Controls/MT 353/Bioptigen/End HLS/OS/MT353_OS_V_3x3_0_BScanThumb_0000062.BMP,MT353,MT353_OS,OS,3,Older Male,Controls,90,360.0,270.0,90.0,Male,BScanThumb,Right Eye,end_hls,90.0,End HLS,day_90,360.0,1
data/Cohort_3/Day 90/Controls/MT 353/Bioptigen/End HLS/OS/MT353_OS_L_2_0_REGAVG0000068.BMP,MT353,MT353_OS,OS,3,Older Male,Controls,90,360.0,270.0,90.0,Male,REGAVG,Right Eye,end_hls,90.0,End HLS,day_90,360.0,1
data/Cohort_3/Day 90/Controls/MT 353/Bioptigen/End HLS/OS/MT353_OS_L_2_0_REGAVG0000072.BMP,MT353,MT353_OS,OS,3,Older Male,Controls,90,360.0,270.0,90.0,Male,REGAVG,Right Eye,end_hls,90.0,End HLS,day_90,360.0,1
data/Cohort_3/Day 90/Controls/MT 355/Bioptigen/Baseline/OD/MT355_OD_L_2_0_BScanThumb_0000006.BMP,MT355,MT355_OD,OD,3,Older Male,Controls,0,270.0,270.0,0.0,Male,BScanThumb,Right Eye,baseline,90.0,Baseline,day_0,270.0,2
data/Cohort_3/Day 90/Controls/MT 355/Bioptigen/Baseline/OD/MT355_OD_L_2_0_BScanThumb_0000010.BMP,MT355,MT355_OD,OD,3,Older Male,Controls,0,270.0,270.0,0.0,Male,BScanThumb,Right Eye,baseline,90.0,Baseline,day_0,270.0,2
data/Cohort_3/Day 90/Controls/MT 355/Bioptigen/Baseline/OD/MT355_OD_V_3x3_0_BScanThumb_0000001.BMP,MT355,MT355_OD,OD,3,Older Male,Controls,0,270.0,270.0,0.0,Male,BScanThumb,Right Eye,baseline,90.0,Baseline,day_0,270.0,2
data/Cohort_3/Day 90/Controls/MT 355/Bioptigen/Baseline/OD/MT355_OD_L_2_0_REGAVG0000007.BMP,MT355,MT355_OD,OD,3,Older Male,Controls,0,270.0,270.0,0.0,Male,REGAVG,Right Eye,baseline,90.0,Baseline,day_0,270.0,2
data/Cohort_3/Day 90/Controls/MT 355/Bioptigen/Baseline/OD/MT355_OD_L_2_0_REGAVG0000011.BMP,MT355,MT355_OD,OD,3,Older Male,Controls,0,270.0,270.0,0.0,Male,REGAVG,Right Eye,baseline,90.0,Baseline,day_0,270.0,2
data/Cohort_3/Day 90/Controls/MT 355/Bioptigen/Baseline/OS/MT355_OS_L_2_0_BScanThumb_0000019.BMP,MT355,MT355_OS,OS,3,Older Male,Controls,0,270.0,270.0,0.0,Male,BScanThumb,Right Eye,baseline,90.0,Baseline,day_0,270.0,2
data/Cohort_3/Day 90/Controls/MT 355/Bioptigen/Baseline/OS/MT355_OS_L_2_0_BScanThumb_0000023.BMP,MT355,MT355_OS,OS,3,Older Male,Controls,0,270.0,270.0,0.0,Male,BScanThumb,Right Eye,baseline,90.0,Baseline,day_0,270.0,2
data/Cohort_3/Day 90/Controls/MT 355/Bioptigen/Baseline/OS/MT355_OS_V_3x3_0_BScanThumb_0000014.BMP,MT355,MT355_OS,OS,3,Older Male,Controls,0,270.0,270.0,0.0,Male,BScanThumb,Right Eye,baseline,90.0,Baseline,day_0,270.0,2
data/Cohort_3/Day 90/Controls/MT 355/Bioptigen/Baseline/OS/MT355_OS_L_2_0_REGAVG0000020.BMP,MT355,MT355_OS,OS,3,Older Male,Controls,0,270.0,270.0,0.0,Male,REGAVG,Right Eye,baseline,90.0,Baseline,day_0,270.0,2
data/Cohort_3/Day 90/Controls/MT 355/Bioptigen/Baseline/OS/MT355_OS_L_2_0_REGAVG0000024.BMP,MT355,MT355_OS,OS,3,Older Male,Controls,0,270.0,270.0,0.0,Male,REGAVG,Right Eye,baseline,90.0,Baseline,day_0,270.0,2
data/Cohort_3/Day 90/Controls/MT 355/Bioptigen/End HLS/OD/MT355_OD_L_2_0_BScanThumb_0000049.BMP,MT355,MT355_OD,OD,3,Older Male,Controls,90,360.0,270.0,90.0,Male,BScanThumb,Right Eye,end_hls,90.0,End HLS,day_90,360.0,2
data/Cohort_3/Day 90/Controls/MT 355/Bioptigen/End HLS/OD/MT355_OD_L_2_0_BScanThumb_0000053.BMP,MT355,MT355_OD,OD,3,Older Male,Controls,90,360.0,270.0,90.0,Male,BScanThumb,Right Eye,end_hls,90.0,End HLS,day_90,360.0,2
data/Cohort_3/Day 90/Controls/MT 355/Bioptigen/End HLS/OD/MT355_OD_V_3x3_0_BScanThumb_0000039.BMP,MT355,MT355_OD,OD,3,Older Male,Controls,90,360.0,270.0,90.0,Male,BScanThumb,Right Eye,end_hls,90.0,End HLS,day_90,360.0,2
data/Cohort_3/Day 90/Controls/MT 355/Bioptigen/End HLS/OD/MT355_OD_V_3x3_0_BScanThumb_0000044.BMP,MT355,MT355_OD,OD,3,Older Male,Controls,90,360.0,270.0,90.0,Male,BScanThumb,Right Eye,end_hls,90.0,End HLS,day_90,360.0,2
data/Cohort_3/Day 90/Controls/MT 355/Bioptigen/End HLS/OD/MT355_OD_L_2_0_REGAVG0000050.BMP,MT355,MT355_OD,OD,3,Older Male,Controls,90,360.0,270.0,90.0,Male,REGAVG,Right Eye,end_hls,90.0,End HLS,day_90,360.0,2
data/Cohort_3/Day 90/Controls/MT 355/Bioptigen/End HLS/OD/MT355_OD_L_2_0_REGAVG0000054.BMP,MT355,MT355_OD,OD,3,Older Male,Controls,90,360.0,270.0,90.0,Male,REGAVG,Right Eye,end_hls,90.0,End HLS,day_90,360.0,2
data/Cohort_3/Day 90/Controls/MT 355/Bioptigen/End HLS/OS/MT355_OS_L_2_0_BScanThumb_0000062.BMP,MT355,MT355_OS,OS,3,Older Male,Controls,90,360.0,270.0,90.0,Male,BScanThumb,Right Eye,end_hls,90.0,End HLS,day_90,360.0,2
data/Cohort_3/Day 90/Controls/MT 355/Bioptigen/End HLS/OS/MT355_OS_L_2_0_BScanThumb_0000066.BMP,MT355,MT355_OS,OS,3,Older Male,Controls,90,360.0,270.0,90.0,Male,BScanThumb,Right Eye,end_hls,90.0,End HLS,day_90,360.0,2
data/Cohort_3/Day 90/Controls/MT 355/Bioptigen/End HLS/OS/MT355_OS_V_3x3_0_BScanThumb_0000057.BMP,MT355,MT355_OS,OS,3,Older Male,Controls,90,360.0,270.0,90.0,Male,BScanThumb,Right Eye,end_hls,90.0,End HLS,day_90,360.0,2
data/Cohort_3/Day 90/Controls/MT 355/Bioptigen/End HLS/OS/MT355_OS_L_2_0_REGAVG0000063.BMP,MT355,MT355_OS,OS,3,Older Male,Controls,90,360.0,270.0,90.0,Male,REGAVG,Right Eye,end_hls,90.0,End HLS,day_90,360.0,2
data/Cohort_3/Day 90/Controls/MT 355/Bioptigen/End HLS/OS/MT355_OS_L_2_0_REGAVG0000067.BMP,MT355,MT355_OS,OS,3,Older Male,Controls,90,360.0,270.0,90.0,Male,REGAVG,Right Eye,end_hls,90.0,End HLS,day_90,360.0,2
data/Cohort_3/Day 90/Controls/MT 357/Bioptigen/Baseline/OD/MT357_OD_L_2_0_BScanThumb_0000006.BMP,MT357,MT357_OD,OD,3,Older Male,Controls,0,270.0,270.0,0.0,Male,BScanThumb,Right Eye,baseline,90.0,Baseline,day_0,270.0,0
data/Cohort_3/Day 90/Controls/MT 357/Bioptigen/Baseline/OD/MT357_OD_L_2_0_BScanThumb_0000010.BMP,MT357,MT357_OD,OD,3,Older Male,Controls,0,270.0,270.0,0.0,Male,BScanThumb,Right Eye,baseline,90.0,Baseline,day_0,270.0,0
data/Cohort_3/Day 90/Controls/MT 357/Bioptigen/Baseline/OD/MT357_OD_V_3x3_0_BScanThumb_0000001.BMP,MT357,MT357_OD,OD,3,Older Male,Controls,0,270.0,270.0,0.0,Male,BScanThumb,Right Eye,baseline,90.0,Baseline,day_0,270.0,0
data/Cohort_3/Day 90/Controls/MT 357/Bioptigen/Baseline/OD/MT357_OD_L_2_0_REGAVG0000007.BMP,MT357,MT357_OD,OD,3,Older Male,Controls,0,270.0,270.0,0.0,Male,REGAVG,Right Eye,baseline,90.0,Baseline,day_0,270.0,0
data/Cohort_3/Day 90/Controls/MT 357/Bioptigen/Baseline/OD/MT357_OD_L_2_0_REGAVG0000011.BMP,MT357,MT357_OD,OD,3,Older Male,Controls,0,270.0,270.0,0.0,Male,REGAVG,Right Eye,baseline,90.0,Baseline,day_0,270.0,0
data/Cohort_3/Day 90/Controls/MT 357/Bioptigen/Baseline/OS/MT357_OS_L_2_0_BScanThumb_0000019.BMP,MT357,MT357_OS,OS,3,Older Male,Controls,0,270.0,270.0,0.0,Male,BScanThumb,Right Eye,baseline,90.0,Baseline,day_0,270.0,0
data/Cohort_3/Day 90/Controls/MT 357/Bioptigen/Baseline/OS/MT357_OS_L_2_0_BScanThumb_0000023.BMP,MT357,MT357_OS,OS,3,Older Male,Controls,0,270.0,270.0,0.0,Male,BScanThumb,Right Eye,baseline,90.0,Baseline,day_0,270.0,0
data/Cohort_3/Day 90/Controls/MT 357/Bioptigen/Baseline/OS/MT357_OS_V_3x3_0_BScanThumb_0000014.BMP,MT357,MT357_OS,OS,3,Older Male,Controls,0,270.0,270.0,0.0,Male,BScanThumb,Right Eye,baseline,90.0,Baseline,day_0,270.0,0
data/Cohort_3/Day 90/Controls/MT 357/Bioptigen/Baseline/OS/MT357_OS_L_2_0_REGAVG0000020.BMP,MT357,MT357_OS,OS,3,Older Male,Controls,0,270.0,270.0,0.0,Male,REGAVG,Right Eye,baseline,90.0,Baseline,day_0,270.0,0
data/Cohort_3/Day 90/Controls/MT 357/Bioptigen/Baseline/OS/MT357_OS_L_2_0_REGAVG0000024.BMP,MT357,MT357_OS,OS,3,Older Male,Controls,0,270.0,270.0,0.0,Male,REGAVG,Right Eye,baseline,90.0,Baseline,day_0,270.0,0
data/Cohort_3/Day 90/Controls/MT 357/Bioptigen/End HLS/OD/MT357_OD_L_2_0_BScanThumb_0000049.BMP,MT357,MT357_OD,OD,3,Older Male,Controls,90,360.0,270.0,90.0,Male,BScanThumb,Right Eye,end_hls,90.0,End HLS,day_90,360.0,0
data/Cohort_3/Day 90/Controls/MT 357/Bioptigen/End HLS/OD/MT357_OD_L_2_0_BScanThumb_0000053.BMP,MT357,MT357_OD,OD,3,Older Male,Controls,90,360.0,270.0,90.0,Male,BScanThumb,Right Eye,end_hls,90.0,End HLS,day_90,360.0,0
data/Cohort_3/Day 90/Controls/MT 357/Bioptigen/End HLS/OD/MT357_OD_V_3x3_0_BScanThumb_0000039.BMP,MT357,MT357_OD,OD,3,Older Male,Controls,90,360.0,270.0,90.0,Male,BScanThumb,Right Eye,end_hls,90.0,End HLS,day_90,360.0,0
data/Cohort_3/Day 90/Controls/MT 357/Bioptigen/End HLS/OD/MT357_OD_V_3x3_0_BScanThumb_0000044.BMP,MT357,MT357_OD,OD,3,Older Male,Controls,90,360.0,270.0,90.0,Male,BScanThumb,Right Eye,end_hls,90.0,End HLS,day_90,360.0,0
data/Cohort_3/Day 90/Controls/MT 357/Bioptigen/End HLS/OD/MT357_OD_L_2_0_REGAVG0000050.BMP,MT357,MT357_OD,OD,3,Older Male,Controls,90,360.0,270.0,90.0,Male,REGAVG,Right Eye,end_hls,90.0,End HLS,day_90,360.0,0
data/Cohort_3/Day 90/Controls/MT 357/Bioptigen/End HLS/OD/MT357_OD_L_2_0_REGAVG0000054.BMP,MT357,MT357_OD,OD,3,Older Male,Controls,90,360.0,270.0,90.0,Male,REGAVG,Right Eye,end_hls,90.0,End HLS,day_90,360.0,0
data/Cohort_3/Day 90/Controls/MT 357/Bioptigen/End HLS/OS/MT357_OS_L_2_0_BScanThumb_0000062.BMP,MT357,MT357_OS,OS,3,Older Male,Controls,90,360.0,270.0,90.0,Male,BScanThumb,Right Eye,end_hls,90.0,End HLS,day_90,360.0,0
data/Cohort_3/Day 90/Controls/MT 357/Bioptigen/End HLS/OS/MT357_OS_L_2_0_BScanThumb_0000066.BMP,MT357,MT357_OS,OS,3,Older Male,Controls,90,360.0,270.0,90.0,Male,BScanThumb,Right Eye,end_hls,90.0,End HLS,day_90,360.0,0
data/Cohort_3/Day 90/Controls/MT 357/Bioptigen/End HLS/OS/MT357_OS_V_3x3_0_BScanThumb_0000057.BMP,MT357,MT357_OS,OS,3,Older Male,Controls,90,360.0,270.0,90.0,Male,BScanThumb,Right Eye,end_hls,90.0,End HLS,day_90,360.0,0
data/Cohort_3/Day 90/Controls/MT 357/Bioptigen/End HLS/OS/MT357_OS_L_2_0_REGAVG0000063.BMP,MT357,MT357_OS,OS,3,Older Male,Controls,90,360.0,270.0,90.0,Male,REGAVG,Right Eye,end_hls,90.0,End HLS,day_90,360.0,0
data/Cohort_3/Day 90/Controls/MT 357/Bioptigen/End HLS/OS/MT357_OS_L_2_0_REGAVG0000067.BMP,MT357,MT357_OS,OS,3,Older Male,Controls,90,360.0,270.0,90.0,Male,REGAVG,Right Eye,end_hls,90.0,End HLS,day_90,360.0,0
data/Cohort_3/Day 180/Controls/MT 85/Bioptigen/Baseline/OD/85-MT_OD_L_2_0_BScanThumb_0000006.BMP,MT85,MT85_OD,OD,3,Older Male,Controls,0,270.0,270.0,0.0,Male,BScanThumb,Right Eye,baseline,180.0,Baseline,day_0,270.0,1
data/Cohort_3/Day 180/Controls/MT 85/Bioptigen/Baseline/OD/85-MT_OD_L_2_0_BScanThumb_0000010.BMP,MT85,MT85_OD,OD,3,Older Male,Controls,0,270.0,270.0,0.0,Male,BScanThumb,Right Eye,baseline,180.0,Baseline,day_0,270.0,1
data/Cohort_3/Day 180/Controls/MT 85/Bioptigen/Baseline/OD/85-MT_OD_V_3x3_0_BScanThumb_0000001.BMP,MT85,MT85_OD,OD,3,Older Male,Controls,0,270.0,270.0,0.0,Male,BScanThumb,Right Eye,baseline,180.0,Baseline,day_0,270.0,1
data/Cohort_3/Day 180/Controls/MT 85/Bioptigen/Baseline/OD/85-MT_OD_L_2_0_REGAVG0000011.BMP,MT85,MT85_OD,OD,3,Older Male,Controls,0,270.0,270.0,0.0,Male,REGAVG,Right Eye,baseline,180.0,Baseline,day_0,270.0,1
data/Cohort_3/Day 180/Controls/MT 85/Bioptigen/Baseline/OS/85-MT_OS_L_2_0_BScanThumb_0000022.BMP,MT85,MT85_OS,OS,3,Older Male,Controls,0,270.0,270.0,0.0,Male,BScanThumb,Right Eye,baseline,180.0,Baseline,day_0,270.0,1
data/Cohort_3/Day 180/Controls/MT 85/Bioptigen/Baseline/OS/85-MT_OS_L_2_0_BScanThumb_0000026.BMP,MT85,MT85_OS,OS,3,Older Male,Controls,0,270.0,270.0,0.0,Male,BScanThumb,Right Eye,baseline,180.0,Baseline,day_0,270.0,1
data/Cohort_3/Day 180/Controls/MT 85/Bioptigen/Baseline/OS/85-MT_OS_V_3x3_0_BScanThumb_0000017.BMP,MT85,MT85_OS,OS,3,Older Male,Controls,0,270.0,270.0,0.0,Male,BScanThumb,Right Eye,baseline,180.0,Baseline,day_0,270.0,1
data/Cohort_3/Day 180/Controls/MT 85/Bioptigen/Baseline/OS/85-MT_OS_L_2_0_REGAVG0000027.BMP,MT85,MT85_OS,OS,3,Older Male,Controls,0,270.0,270.0,0.0,Male,REGAVG,Right Eye,baseline,180.0,Baseline,day_0,270.0,1
data/Cohort_3/Day 180/Controls/MT 85/Bioptigen/End HLS/OD/85-MT_OD_L_2_0_BScanThumb_0000041.BMP,MT85,MT85_OD,OD,3,Older Male,Controls,90,360.0,270.0,90.0,Male,BScanThumb,Right Eye,end_hls,180.0,End HLS,day_90,360.0,1
data/Cohort_3/Day 180/Controls/MT 85/Bioptigen/End HLS/OD/85-MT_OD_L_2_0_BScanThumb_0000045.BMP,MT85,MT85_OD,OD,3,Older Male,Controls,90,360.0,270.0,90.0,Male,BScanThumb,Right Eye,end_hls,180.0,End HLS,day_90,360.0,1
data/Cohort_3/Day 180/Controls/MT 85/Bioptigen/End HLS/OD/85-MT_OD_V_3x3_0_BScanThumb_0000036.BMP,MT85,MT85_OD,OD,3,Older Male,Controls,90,360.0,270.0,90.0,Male,BScanThumb,Right Eye,end_hls,180.0,End HLS,day_90,360.0,1
data/Cohort_3/Day 180/Controls/MT 85/Bioptigen/End HLS/OD/85-MT_OD_L_2_0_REGAVG0000042.BMP,MT85,MT85_OD,OD,3,Older Male,Controls,90,360.0,270.0,90.0,Male,REGAVG,Right Eye,end_hls,180.0,End HLS,day_90,360.0,1
data/Cohort_3/Day 180/Controls/MT 85/Bioptigen/End HLS/OD/85-MT_OD_L_2_0_REGAVG0000046.BMP,MT85,MT85_OD,OD,3,Older Male,Controls,90,360.0,270.0,90.0,Male,REGAVG,Right Eye,end_hls,180.0,End HLS,day_90,360.0,1
data/Cohort_3/Day 180/Controls/MT 85/Bioptigen/End HLS/OS/85-MT_OS_L_2_0_BScanThumb_0000065.BMP,MT85,MT85_OS,OS,3,Older Male,Controls,90,360.0,270.0,90.0,Male,BScanThumb,Right Eye,end_hls,180.0,End HLS,day_90,360.0,1
data/Cohort_3/Day 180/Controls/MT 85/Bioptigen/End HLS/OS/85-MT_OS_L_2_0_BScanThumb_0000069.BMP,MT85,MT85_OS,OS,3,Older Male,Controls,90,360.0,270.0,90.0,Male,BScanThumb,Right Eye,end_hls,180.0,End HLS,day_90,360.0,1
data/Cohort_3/Day 180/Controls/MT 85/Bioptigen/End HLS/OS/85-MT_OS_V_3x3_0_BScanThumb_0000055.BMP,MT85,MT85_OS,OS,3,Older Male,Controls,90,360.0,270.0,90.0,Male,BScanThumb,Right Eye,end_hls,180.0,End HLS,day_90,360.0,1
data/Cohort_3/Day 180/Controls/MT 85/Bioptigen/End HLS/OS/85-MT_OS_V_3x3_0_BScanThumb_0000060.BMP,MT85,MT85_OS,OS,3,Older Male,Controls,90,360.0,270.0,90.0,Male,BScanThumb,Right Eye,end_hls,180.0,End HLS,day_90,360.0,1
data/Cohort_3/Day 180/Controls/MT 85/Bioptigen/End HLS/OS/85-MT_OS_L_2_0_REGAVG0000066.BMP,MT85,MT85_OS,OS,3,Older Male,Controls,90,360.0,270.0,90.0,Male,REGAVG,Right Eye,end_hls,180.0,End HLS,day_90,360.0,1
data/Cohort_3/Day 180/Controls/MT 85/Bioptigen/End HLS/OS/85-MT_OS_L_2_0_REGAVG0000070.BMP,MT85,MT85_OS,OS,3,Older Male,Controls,90,360.0,270.0,90.0,Male,REGAVG,Right Eye,end_hls,180.0,End HLS,day_90,360.0,1
data/Cohort_3/Day 180/Controls/MT 92/Bioptigen/Baseline/OD/92-MT_OD_L_2_0_BScanThumb_0000006.BMP,MT92,MT92_OD,OD,3,Older Male,Controls,0,270.0,270.0,0.0,Male,BScanThumb,Right Eye,baseline,180.0,Baseline,day_0,270.0,2
data/Cohort_3/Day 180/Controls/MT 92/Bioptigen/Baseline/OD/92-MT_OD_L_2_0_BScanThumb_0000010.BMP,MT92,MT92_OD,OD,3,Older Male,Controls,0,270.0,270.0,0.0,Male,BScanThumb,Right Eye,baseline,180.0,Baseline,day_0,270.0,2
data/Cohort_3/Day 180/Controls/MT 92/Bioptigen/Baseline/OD/92-MT_OD_V_3x3_0_BScanThumb_0000001.BMP,MT92,MT92_OD,OD,3,Older Male,Controls,0,270.0,270.0,0.0,Male,BScanThumb,Right Eye,baseline,180.0,Baseline,day_0,270.0,2
data/Cohort_3/Day 180/Controls/MT 92/Bioptigen/Baseline/OD/92-MT_OD_L_2_0_REGAVG0000011.BMP,MT92,MT92_OD,OD,3,Older Male,Controls,0,270.0,270.0,0.0,Male,REGAVG,Right Eye,baseline,180.0,Baseline,day_0,270.0,2
data/Cohort_3/Day 180/Controls/MT 92/Bioptigen/Baseline/OS/92-MT_OS_L_2_0_BScanThumb_0000022.BMP,MT92,MT92_OS,OS,3,Older Male,Controls,0,270.0,270.0,0.0,Male,BScanThumb,Right Eye,baseline,180.0,Baseline,day_0,270.0,2
data/Cohort_3/Day 180/Controls/MT 92/Bioptigen/Baseline/OS/92-MT_OS_L_2_0_BScanThumb_0000026.BMP,MT92,MT92_OS,OS,3,Older Male,Controls,0,270.0,270.0,0.0,Male,BScanThumb,Right Eye,baseline,180.0,Baseline,day_0,270.0,2
data/Cohort_3/Day 180/Controls/MT 92/Bioptigen/Baseline/OS/92-MT_OS_V_3x3_0_BScanThumb_0000017.BMP,MT92,MT92_OS,OS,3,Older Male,Controls,0,270.0,270.0,0.0,Male,BScanThumb,Right Eye,baseline,180.0,Baseline,day_0,270.0,2
data/Cohort_3/Day 180/Controls/MT 92/Bioptigen/Baseline/OS/92-MT_OS_L_2_0_REGAVG0000027.BMP,MT92,MT92_OS,OS,3,Older Male,Controls,0,270.0,270.0,0.0,Male,REGAVG,Right Eye,baseline,180.0,Baseline,day_0,270.0,2
data/Cohort_3/Day 180/Controls/MT 92/Bioptigen/End HLS/OD/92-MT_OD_L_2_0_BScanThumb_0000038.BMP,MT92,MT92_OD,OD,3,Older Male,Controls,90,360.0,270.0,90.0,Male,BScanThumb,Right Eye,end_hls,180.0,End HLS,day_90,360.0,2
data/Cohort_3/Day 180/Controls/MT 92/Bioptigen/End HLS/OD/92-MT_OD_L_2_0_BScanThumb_0000042.BMP,MT92,MT92_OD,OD,3,Older Male,Controls,90,360.0,270.0,90.0,Male,BScanThumb,Right Eye,end_hls,180.0,End HLS,day_90,360.0,2
data/Cohort_3/Day 180/Controls/MT 92/Bioptigen/End HLS/OD/92-MT_OD_V_3x3_0_BScanThumb_0000033.BMP,MT92,MT92_OD,OD,3,Older Male,Controls,90,360.0,270.0,90.0,Male,BScanThumb,Right Eye,end_hls,180.0,End HLS,day_90,360.0,2
data/Cohort_3/Day 180/Controls/MT 92/Bioptigen/End HLS/OD/92-MT_OD_L_2_0_REGAVG0000043.BMP,MT92,MT92_OD,OD,3,Older Male,Controls,90,360.0,270.0,90.0,Male,REGAVG,Right Eye,end_hls,180.0,End HLS,day_90,360.0,2
data/Cohort_3/Day 180/Controls/MT 92/Bioptigen/End HLS/OS/92-MT_OS_L_2_0_BScanThumb_0000054.BMP,MT92,MT92_OS,OS,3,Older Male,Controls,90,360.0,270.0,90.0,Male,BScanThumb,Right Eye,end_hls,180.0,End HLS,day_90,360.0,2
data/Cohort_3/Day 180/Controls/MT 92/Bioptigen/End HLS/OS/92-MT_OS_L_2_0_BScanThumb_0000058.BMP,MT92,MT92_OS,OS,3,Older Male,Controls,90,360.0,270.0,90.0,Male,BScanThumb,Right Eye,end_hls,180.0,End HLS,day_90,360.0,2
data/Cohort_3/Day 180/Controls/MT 92/Bioptigen/End HLS/OS/92-MT_OS_V_3x3_0_BScanThumb_0000049.BMP,MT92,MT92_OS,OS,3,Older Male,Controls,90,360.0,270.0,90.0,Male,BScanThumb,Right Eye,end_hls,180.0,End HLS,day_90,360.0,2
data/Cohort_3/Day 180/Controls/MT 92/Bioptigen/End HLS/OS/92-MT_OS_L_2_0_REGAVG0000059.BMP,MT92,MT92_OS,OS,3,Older Male,Controls,90,360.0,270.0,90.0,Male,REGAVG,Right Eye,end_hls,180.0,End HLS,day_90,360.0,2
